date,open,high,low,close,volume
2011-10-18,885.116,888.95,864.241,865.072,280113300
2011-10-19,866.356,871.935,856.1,862.096,198228500
2011-10-20,856.129,856.54,829.775,835.178,221045000
2011-10-21,835.181,837.002,815.594,816.23,226724600
2011-10-24,816.37,828.611,801.093,828.396,245805600
2011-10-25,825.607,850.118,822.78,848.471,291354400
2011-10-26,842.625,864.705,840.646,857.534,330138900
2011-10-27,859.36,866.981,854.753,859.594,253878000
2011-10-28,871.286,878.494,865.238,878.174,333849400
2011-10-31,881.156,891.593,880.127,886.638,354863800
2011-11-01,877.661,892.851,875.811,887.66,305759800
2011-11-02,873.608,897.533,866.568,896.98,344963800
2011-11-03,906.315,920.002,906.212,908.576,518402700
2011-11-04,915.634,928.028,911.312,926.052,606690800
2011-11-07,922.878,932.468,916.968,920.146,444428800
2011-11-08,920.103,923.176,902.85,905.358,399143100
2011-11-09,908.22,920.76,899.58,920.384,376626700
2011-11-10,909.295,914.159,904.363,904.931,332760000
2011-11-11,905.873,913.593,902.995,906.139,261469500
2011-11-14,913.132,926.252,911.76,926.121,328947800
2011-11-15,926.539,933.386,925.245,932.79,362744800
2011-11-16,932.56,933.159,905.571,909.588,482165500
2011-11-17,908.775,915.288,902.911,904.13,280737200
2011-11-18,896.562,897.747,874.141,876.526,292972700
2011-11-21,876.959,879.015,868.186,877.165,189897200
2011-11-22,870.018,878.401,865.122,877.32,195003100
2011-11-23,879.087,882.558,871.745,876.48,191431700
2011-11-24,870.076,881.2,864.402,874.84,209256600
2011-11-25,873.248,879.113,866.363,868.985,162430900
2011-11-28,870.569,880.343,870.569,877.254,219680300
2011-11-29,884.499,893.99,882.595,893.807,271727900
2011-11-30,891.302,891.302,848.343,859.118,305627600
2011-12-01,880.203,887.831,870.852,872.166,330873100
2011-12-02,866.642,868.019,850.291,854.196,205634800
2011-12-05,853.119,853.673,822.52,824.505,180565000
2011-12-06,822.362,825.631,810.499,819.869,153001300
2011-12-07,818.809,826.832,815.712,826.514,148960700
2011-12-08,825.642,833.85,811.97,828.41,185480300
2011-12-09,822.859,828.795,815.888,818.767,129927000
2011-12-12,818.574,823.008,809.646,811.06,120375200
2011-12-13,806.183,806.382,778.171,781.625,203620300
2011-12-14,776.366,786.679,761.733,763.669,157986100
2011-12-15,758.928,758.928,737.206,739.958,198094100
2011-12-16,739.607,756.173,735.44,755.692,191810000
2011-12-19,753.084,756.734,735.943,756.19,195847400
2011-12-20,754.679,767.584,751.63,756.248,188160600
2011-12-21,761.684,764.806,743.04,743.906,210459400
2011-12-22,737.523,739.004,709.141,731.661,232026500
2011-12-23,728.417,743.951,724.62,737.108,192931500
2011-12-26,734.718,741.095,730.394,734.756,218395000
2011-12-27,731.302,732.293,714.547,715.995,179856800
2011-12-28,711.549,714.721,693.675,713.481,186133800
2011-12-29,709.558,721.594,707.839,717.344,171364600
2011-12-30,718.748,729.587,718.709,729.125,175031600
2012-01-04,734.406,737.463,707.671,708.004,166478700
2012-01-05,702.807,703.053,671.661,673.986,205168100
2012-01-06,671.579,672.6,653.638,670.877,189704100
2012-01-09,671.324,699.199,663.798,698.988,255611800
2012-01-10,700.266,734.855,698.317,734.574,466126100
2012-01-11,733.346,740.526,727.985,734.0,401309100
2012-01-12,730.517,742.903,729.012,733.145,264568600
2012-01-13,733.44,736.111,704.571,711.291,326945900
2012-01-16,704.013,707.656,687.229,687.427,199416800
2012-01-17,688.701,728.041,683.919,727.9,348140300
2012-01-18,728.881,734.677,710.017,714.401,408723300
2012-01-19,712.193,723.947,706.967,721.421,290187700
2012-01-20,723.109,737.762,720.894,736.216,310550300
2012-01-30,738.168,739.067,727.199,730.264,256633700
2012-01-31,726.257,729.243,716.628,725.884,283480400
2012-02-01,722.825,734.216,717.262,720.437,266253800
2012-02-02,726.058,736.492,724.745,736.231,316586700
2012-02-03,735.719,750.218,732.434,748.076,380023700
2012-02-06,749.8,759.199,748.215,759.066,413702500
2012-02-07,753.831,753.831,738.905,745.533,348032900
2012-02-08,743.672,764.974,741.029,764.887,425676300
2012-02-09,763.375,774.433,762.026,768.065,477886500
2012-02-10,766.204,778.224,763.585,774.617,448393400
2012-02-13,767.975,781.436,765.366,778.362,402395000
2012-02-14,777.608,780.212,772.02,776.264,308468300
2012-02-15,774.987,787.086,771.481,786.998,410034500
2012-02-16,786.417,790.725,776.84,784.331,430540100
2012-02-17,785.83,788.444,771.814,776.539,285005900
2012-02-20,786.219,787.348,774.455,774.583,299969000
2012-02-21,775.021,785.573,766.717,785.435,319975400
2012-02-22,785.907,801.946,784.184,801.676,543209000
2012-02-23,801.019,805.167,795.551,802.281,466836000
2012-02-24,802.013,810.954,798.365,810.615,418342300
2012-02-27,813.362,827.128,813.362,813.819,618146500
2012-02-28,810.227,819.454,803.905,816.077,513049100
2012-02-29,815.119,818.495,804.739,805.242,362791600
2012-03-01,802.698,811.943,802.058,807.787,290947000
2012-03-02,808.831,822.075,808.831,821.948,368628900
2012-03-05,824.61,827.18,819.907,822.578,415329100
2012-03-06,821.183,821.287,805.983,807.884,365262300
2012-03-07,800.342,814.492,798.225,806.342,400651400
2012-03-08,807.488,821.115,807.488,819.516,376856400
2012-03-09,825.119,834.286,821.244,834.205,448731500
2012-03-12,835.147,839.211,830.951,838.094,429680000
2012-03-13,841.395,858.652,841.395,858.466,713085600
2012-03-14,863.245,866.979,820.927,829.586,1073925700
2012-03-15,827.217,835.534,814.08,823.737,660477300
2012-03-16,823.928,845.111,823.736,845.05,652223300
2012-03-19,847.503,853.013,837.581,852.807,720466500
2012-03-20,850.41,850.41,827.518,828.206,557536600
2012-03-21,831.438,837.113,818.143,831.559,554239100
2012-03-22,830.212,831.033,820.485,826.178,433187800
2012-03-23,822.991,822.991,806.406,810.665,439245300
2012-03-26,809.314,813.307,800.72,807.186,329796400
2012-03-27,811.253,813.558,801.462,802.515,324134300
2012-03-28,799.211,799.211,763.797,765.608,416183200
2012-03-29,760.846,762.997,742.097,749.033,343036600
2012-03-30,749.218,754.419,735.027,740.055,308746000
2012-04-05,741.068,762.399,739.094,762.156,382884100
2012-04-06,762.09,775.295,760.335,773.193,452610500
2012-04-09,771.839,774.882,764.944,765.571,413189700
2012-04-10,760.499,776.044,748.072,775.785,417732500
2012-04-11,765.205,778.987,762.345,777.319,365621400
2012-04-12,780.385,793.037,774.851,792.548,491193100
2012-04-13,792.229,800.709,789.557,796.969,483290200
2012-04-16,791.407,802.587,788.703,800.608,432187600
2012-04-17,798.38,801.806,788.544,788.75,472241700
2012-04-18,790.819,808.433,789.002,807.546,524514800
2012-04-19,805.355,808.358,799.232,805.699,398482000
2012-04-20,804.19,814.304,800.506,813.609,552642100
2012-04-23,811.921,813.225,796.855,799.219,492245800
2012-04-24,793.4,804.975,774.678,800.06,556011800
2012-04-25,799.69,816.939,796.575,814.66,587005800
2012-04-26,815.402,823.118,805.787,816.457,669322400
2012-04-27,812.448,814.414,801.27,802.306,467117400
2012-05-02,811.553,816.229,802.45,809.902,522562400
2012-05-03,806.722,818.508,804.957,817.97,500992800
2012-05-04,815.888,826.281,815.204,825.244,556759400
2012-05-07,818.812,828.267,817.526,828.061,502176800
2012-05-08,826.695,833.064,821.408,830.699,525582800
2012-05-09,823.843,823.843,813.004,814.583,440983800
2012-05-10,812.808,818.195,810.932,814.385,402066300
2012-05-11,814.166,824.555,813.591,816.22,514567500
2012-05-14,821.051,821.906,809.272,810.271,450888900
2012-05-15,803.624,812.387,800.412,812.187,433031000
2012-05-16,809.593,810.956,798.913,799.193,460937800
2012-05-17,797.391,811.13,795.218,810.779,445549700
2012-05-18,806.744,808.242,791.898,796.51,472454900
2012-05-21,792.61,797.513,782.718,791.945,394601800
2012-05-22,794.017,802.399,793.767,802.151,473435800
2012-05-23,799.939,800.328,789.634,797.852,516443600
2012-05-24,795.272,799.292,786.83,789.45,394233800
2012-05-25,789.156,791.988,774.281,777.039,373475100
2012-05-28,773.834,786.144,765.361,785.924,396132100
2012-05-29,785.064,796.006,783.542,795.433,426298400
2012-05-30,794.533,795.998,790.0,793.7,312885600
2012-05-31,793.109,800.539,789.783,795.425,420203100
2012-06-01,795.758,802.228,793.829,798.988,481384700
2012-06-04,786.199,787.208,765.99,766.137,439108100
2012-06-05,766.993,770.903,762.245,764.594,302709100
2012-06-06,769.681,774.176,760.347,764.639,291763200
2012-06-07,771.577,774.109,755.779,758.356,324675000
2012-06-08,764.787,764.97,749.928,750.955,307676800
2012-06-11,751.968,760.585,746.829,759.5,259007500
2012-06-12,755.146,757.316,750.554,751.366,237859900
2012-06-13,752.753,768.48,750.524,768.351,347940700
2012-06-14,766.3,777.029,764.31,768.52,380456800
2012-06-15,764.768,770.208,756.021,764.016,291555600
2012-06-18,763.329,770.754,763.249,769.704,405482000
2012-06-19,768.691,770.841,764.814,765.712,305289100
2012-06-20,767.314,769.109,760.754,762.183,275084900
2012-06-21,760.963,760.963,747.148,749.051,248560400
2012-06-25,747.66,748.66,732.126,732.613,233743700
2012-06-26,727.057,736.006,722.138,732.48,232348600
2012-06-27,731.399,737.373,728.66,729.665,237800100
2012-06-28,732.064,735.11,719.954,720.228,264635600
2012-06-29,717.774,728.112,711.754,727.107,312830800
2012-07-02,732.891,741.585,730.706,740.508,271847600
2012-07-03,740.196,746.266,737.669,740.264,261337200
2012-07-04,742.174,745.856,739.785,745.194,255672700
2012-07-05,742.041,742.041,728.692,729.972,224008200
2012-07-06,732.887,747.805,728.543,745.908,299932600
2012-07-09,741.329,747.806,735.507,735.536,339006000
2012-07-10,732.812,740.313,731.811,735.9,279581900
2012-07-11,735.798,741.839,730.659,741.475,319539600
2012-07-12,739.009,756.997,733.25,753.72,361732700
2012-07-13,751.685,757.408,747.898,750.383,273024500
2012-07-16,750.307,752.623,729.626,730.668,418722100
2012-07-17,727.585,738.785,723.186,738.69,355522000
2012-07-18,736.709,748.689,728.295,748.526,360693600
2012-07-19,745.797,758.854,743.674,751.887,407036000
2012-07-20,747.73,751.791,741.503,744.421,269466600
2012-07-23,739.425,748.113,734.462,743.54,309974600
2012-07-24,739.19,749.35,736.63,743.94,312223600
2012-07-25,740.991,743.399,733.339,735.087,292344200
2012-07-26,734.802,738.411,724.354,725.62,299298300
2012-07-27,727.312,730.247,720.326,722.694,257793200
2012-07-30,720.569,724.627,706.769,709.221,271615000
2012-07-31,708.505,710.056,691.651,692.445,279209400
2012-08-01,691.926,705.641,691.279,700.747,196419000
2012-08-02,699.522,701.049,689.591,694.858,165744500
2012-08-03,695.416,705.723,692.677,705.615,192918200
2012-08-06,703.948,721.036,702.989,720.261,272205100
2012-08-07,718.987,730.543,718.738,730.104,316807900
2012-08-08,731.904,732.528,721.671,727.034,315673200
2012-08-09,727.102,737.139,723.739,736.841,315420200
2012-08-10,737.771,738.956,730.433,732.344,259424500
2012-08-13,733.08,742.75,725.911,726.314,363438400
2012-08-14,725.834,733.19,713.44,732.977,382718600
2012-08-15,730.097,730.367,721.352,722.784,276985600
2012-08-16,720.615,725.496,713.286,715.854,203827700
2012-08-17,716.176,718.377,708.35,715.081,184796300
2012-08-20,713.289,723.961,709.211,723.24,276576000
2012-08-21,722.356,730.717,720.777,729.83,326877900
2012-08-22,728.497,730.004,721.481,724.993,304440900
2012-08-23,724.097,730.722,720.992,729.983,273328400
2012-08-24,727.085,728.018,718.215,718.488,282242000
2012-08-27,714.699,714.699,702.229,703.028,240759000
2012-08-28,703.086,709.672,698.721,704.538,195375200
2012-08-29,702.722,705.858,696.35,696.533,161521500
2012-08-30,696.123,700.54,678.217,686.101,224511600
2012-08-31,684.476,691.362,683.151,687.46,158212100
2012-09-03,686.572,702.77,684.97,702.176,203874000
2012-09-04,702.426,705.697,694.043,695.186,218000400
2012-09-05,694.481,700.705,691.83,697.358,180690000
2012-09-06,697.455,702.96,697.172,702.645,203100600
2012-09-07,707.095,731.818,707.008,725.579,426253700
2012-09-10,725.825,730.573,721.478,728.411,349322900
2012-09-11,725.167,728.321,717.664,727.973,317610800
2012-09-12,729.326,732.292,724.708,732.132,365394800
2012-09-13,730.64,733.651,718.834,719.234,338622100
2012-09-14,726.224,728.817,717.4,724.278,354233700
2012-09-17,723.445,723.736,702.259,703.015,315484200
2012-09-18,700.172,705.196,697.441,700.543,229087000
2012-09-19,700.159,703.377,697.363,703.149,194092500
2012-09-20,701.554,701.554,682.085,682.742,269202700
2012-09-21,680.786,683.831,674.859,675.465,248548300
2012-09-24,671.11,679.167,665.703,678.624,237618700
2012-09-25,677.104,679.833,670.551,671.634,198815900
2012-09-26,671.629,673.674,655.588,657.572,246792700
2012-09-27,657.135,675.718,655.799,673.907,280558600
2012-09-28,670.293,688.194,669.075,687.967,298246300
2012-10-08,687.949,692.183,681.472,684.547,210444200
2012-10-09,685.635,701.338,685.634,701.249,293284600
2012-10-10,699.633,706.567,697.74,705.965,301531700
2012-10-11,703.139,706.29,698.075,698.33,310076200
2012-10-12,699.322,705.015,690.869,696.091,298637600
2012-10-15,694.73,696.567,687.188,693.762,242673500
2012-10-16,693.164,699.851,690.945,694.527,237933700
2012-10-17,694.93,700.967,690.769,698.19,295942500
2012-10-18,698.138,709.909,697.804,708.274,361493800
2012-10-19,707.826,710.733,704.463,705.505,281004200
2012-10-22,701.957,708.37,700.05,706.601,230812000
2012-10-23,707.027,707.67,699.734,700.464,232287700
2012-10-24,696.887,701.356,694.965,697.956,230169800
2012-10-25,697.727,700.24,689.929,691.004,246653100
2012-10-26,690.247,690.864,670.293,672.335,243772900
2012-10-29,670.075,671.986,665.271,669.221,143187300
2012-10-30,669.064,675.028,667.885,671.637,169721500
2012-10-31,671.299,674.358,669.067,673.335,195558700
2012-11-01,673.722,686.211,673.616,685.814,234538300
2012-11-02,685.895,690.538,683.146,690.243,215722600
2012-11-05,688.807,691.361,684.306,687.862,177522300
2012-11-06,688.134,688.487,672.593,680.507,201302300
2012-11-07,679.911,681.693,675.346,679.876,164553800
2012-11-08,674.482,674.892,663.327,663.714,183485300
2012-11-09,661.527,665.468,659.156,662.36,138494100
2012-11-12,661.742,667.92,661.742,667.711,174994700
2012-11-13,668.257,668.257,657.264,657.553,285549500
2012-11-14,657.976,662.017,654.039,661.566,167602800
2012-11-15,658.039,660.281,649.881,651.619,206990400
2012-11-16,649.801,650.3,641.788,647.087,170410400
2012-11-19,645.952,650.338,641.473,650.166,170372900
2012-11-20,650.489,653.038,647.668,648.835,221917500
2012-11-21,648.178,654.319,638.601,654.256,196104100
2012-11-22,651.825,659.812,649.026,654.587,284959800
2012-11-23,654.192,660.401,653.045,658.572,271925000
2012-11-26,657.655,657.655,644.86,646.402,244026900
2012-11-27,644.25,644.25,618.004,618.67,261548700
2012-11-28,616.164,616.164,604.159,605.514,201597000
2012-11-29,605.971,610.099,598.417,599.13,227871800
2012-11-30,598.291,605.531,595.218,603.673,236788200
2012-12-03,603.158,607.273,591.048,592.571,246993200
2012-12-04,590.922,595.592,579.023,594.175,239130400
2012-12-05,592.513,617.023,590.873,614.255,341415300
2012-12-06,614.993,617.885,607.866,610.305,349787900
2012-12-07,609.561,635.209,608.399,634.836,553192200
2012-12-10,637.262,654.04,636.114,652.795,627180800
2012-12-11,649.176,656.566,646.371,647.767,502297900
2012-12-12,645.994,649.591,639.845,647.138,375008800
2012-12-13,645.877,652.251,639.783,641.69,390560900
2012-12-14,640.776,673.131,640.776,672.419,705687900
2012-12-17,672.862,678.99,670.578,676.994,609046500
2012-12-18,678.602,688.302,672.306,676.711,559770000
2012-12-19,676.465,678.19,672.228,674.935,376699300
2012-12-20,672.32,679.989,665.142,679.691,406609500
2012-12-21,680.803,687.946,673.129,675.701,426011000
2012-12-24,673.669,677.79,671.787,675.04,342638800
2012-12-25,673.415,692.034,671.526,690.673,562902200
2012-12-26,690.403,700.84,690.327,700.729,577515500
2012-12-27,701.73,704.216,692.967,693.807,528230300
2012-12-28,692.914,699.899,691.728,699.494,382759500
2012-12-31,700.843,708.192,699.58,707.982,471635600
2013-01-04,711.619,713.793,695.903,701.514,496118300
2013-01-07,700.566,711.063,699.98,710.767,459350900
2013-01-08,710.574,718.966,704.732,716.023,499095400
2013-01-09,714.592,725.268,712.062,721.067,599293500
2013-01-10,720.055,728.702,717.574,724.143,428277000
2013-01-11,725.651,726.849,701.342,703.442,446106200
2013-01-14,700.513,729.972,699.99,729.115,511409900
2013-01-15,728.988,747.751,727.766,743.967,703050400
2013-01-16,742.502,746.797,730.56,745.24,568603100
2013-01-17,743.998,748.06,734.957,739.101,409783200
2013-01-18,741.53,750.801,735.897,750.391,494903200
2013-01-21,750.149,751.082,744.646,749.571,466747500
2013-01-22,748.314,751.502,735.721,746.144,664987200
2013-01-23,741.274,745.183,732.643,745.176,531632000
2013-01-24,745.233,755.592,732.067,738.273,653704500
2013-01-25,736.006,741.013,734.807,737.597,366482900
2013-01-28,736.791,756.878,736.392,756.734,536887400
2013-01-29,756.561,768.184,754.854,765.354,591677600
2013-01-30,768.247,770.03,755.447,765.042,587828100
2013-01-31,763.431,765.282,756.96,762.08,490598300
2013-02-01,763.048,774.329,761.188,774.073,679404500
2013-02-04,774.889,777.073,760.761,763.535,612461800
2013-02-05,758.297,778.5,756.29,778.5,435213600
2013-02-06,778.366,787.534,776.827,783.565,380606400
2013-02-07,782.111,786.752,777.735,784.365,335831800
2013-02-08,784.441,796.733,784.441,795.186,339687500
2013-02-18,804.539,810.021,800.358,804.599,495461100
2013-02-19,803.784,805.682,786.82,790.886,467847600
2013-02-20,789.882,807.009,786.47,806.752,407031300
2013-02-21,799.775,799.775,781.504,788.202,515560100
2013-02-22,786.001,791.288,780.843,782.233,396771900
2013-02-25,783.604,796.068,782.946,795.936,382054100
2013-02-26,792.209,796.583,775.837,776.902,408005900
2013-02-27,778.493,785.079,767.395,774.192,328404000
2013-02-28,775.784,793.524,772.265,793.299,397875700
2013-03-01,793.328,801.211,789.345,801.021,427680800
2013-03-04,796.225,803.674,779.483,785.476,610128900
2013-03-05,785.959,804.225,783.892,804.063,505627700
2013-03-06,805.456,822.124,804.225,822.01,596230200
2013-03-07,820.181,823.636,800.606,811.246,590541700
2013-03-08,810.295,817.119,800.452,801.372,401605100
2013-03-11,800.007,800.485,790.57,796.666,283716900
2013-03-12,796.494,801.497,763.355,775.854,463473000
2013-03-13,773.203,773.203,758.745,768.996,357902700
2013-03-14,765.295,775.693,763.969,770.12,291473200
2013-03-15,770.386,781.6,762.021,769.919,340952600
2013-03-18,766.391,772.078,762.011,762.563,282936000
2013-03-19,763.944,769.82,755.259,768.771,280649700
2013-03-20,768.135,789.807,767.437,789.629,364886300
2013-03-21,790.753,804.173,790.067,800.76,466996600
2013-03-22,798.205,803.99,795.062,801.81,356565500
2013-03-25,803.865,808.529,795.983,802.295,325670800
2013-03-26,798.201,807.44,787.2,807.065,421653100
2013-03-27,804.657,812.419,800.58,804.558,347895500
2013-03-28,797.529,797.529,777.963,778.479,410383200
2013-03-29,777.11,780.434,767.507,771.489,314102900
2013-04-01,772.817,784.106,772.223,778.05,333417000
2013-04-02,778.431,784.215,762.619,765.3,300671900
2013-04-03,766.258,769.122,752.222,759.139,375061800
2013-04-08,751.191,768.472,742.921,768.231,415056500
2013-04-09,769.301,778.332,768.437,774.679,379051700
2013-04-10,774.301,775.749,761.15,767.016,360831700
2013-04-11,768.476,770.824,761.9,763.203,335801400
2013-04-12,765.068,771.645,761.199,761.965,307793700
2013-04-15,762.091,762.778,743.823,748.306,287335700
2013-04-16,739.301,749.964,734.819,749.335,288269700
2013-04-17,748.758,756.413,746.695,756.413,287403600
2013-04-18,751.324,760.969,747.735,755.329,265688900
2013-04-19,756.977,775.007,755.842,770.807,367338100
2013-04-22,765.25,774.583,763.795,774.453,358622400
2013-04-23,772.978,773.893,748.73,748.922,305775600
2013-04-24,749.709,762.689,748.517,762.544,302555300
2013-04-25,762.334,765.854,747.508,747.695,360609200
2013-04-26,747.547,749.683,725.83,728.522,306289300
2013-05-02,725.879,733.399,722.639,733.225,250354000
2013-05-03,733.982,750.451,733.982,743.808,301070800
2013-05-06,745.564,757.571,745.355,757.343,391669000
2013-05-07,755.213,756.86,749.457,752.554,375617900
2013-05-08,752.507,758.925,750.828,758.12,357763200
2013-05-09,756.715,757.247,746.83,756.216,346335100
2013-05-10,754.825,761.959,751.899,761.667,335237300
2013-05-13,761.925,767.835,759.237,767.551,357724400
2013-05-14,766.456,766.456,751.245,757.74,298020000
2013-05-15,756.945,764.05,755.04,763.62,277790900
2013-05-16,762.156,772.774,758.728,772.484,429923000
2013-05-17,771.957,780.411,770.534,779.469,430110500
2013-05-20,780.972,795.924,779.867,795.833,552219800
2013-05-21,795.715,799.567,789.473,799.521,499290300
2013-05-22,797.177,802.2,791.645,799.191,551738900
2013-05-23,795.269,803.848,788.45,789.446,477898700
2013-05-24,789.318,798.349,789.318,797.421,401792800
2013-05-27,797.396,807.722,797.396,807.594,450788900
2013-05-28,809.356,814.97,801.603,814.97,497684800
2013-05-29,814.252,824.372,812.736,822.851,471244400
2013-05-30,819.778,824.912,816.868,821.626,451440700
2013-05-31,821.681,825.427,813.782,814.105,376227400
2013-06-03,815.729,818.738,806.304,808.702,339275300
2013-06-04,807.633,808.065,783.817,788.639,345739000
2013-06-05,788.005,793.709,785.441,791.449,229688200
2013-06-06,789.148,790.58,777.559,778.065,265848100
2013-06-07,778.353,781.25,758.698,763.143,271776700
2013-06-13,756.358,756.358,731.408,752.186,260486600
2013-06-14,752.954,759.144,751.193,757.524,198019300
2013-06-17,758.532,763.87,753.738,757.768,195638200
2013-06-18,762.075,764.243,753.532,762.417,254959600
2013-06-19,757.852,762.012,745.244,761.741,251819700
2013-06-20,755.835,757.68,737.273,738.23,221885700
2013-06-21,726.561,740.011,716.148,734.919,227251300
2013-06-24,732.686,733.691,689.238,694.727,313719500
2013-06-25,687.542,694.761,639.317,687.709,395490100
2013-06-26,689.091,695.955,680.748,694.399,288095000
2013-06-27,695.262,707.414,683.136,683.698,286989900
2013-06-28,679.611,695.399,673.413,682.012,232240600
2013-07-01,680.168,697.881,678.625,697.568,216070800
2013-07-02,697.453,716.983,697.139,716.839,280737900
2013-07-03,715.595,721.123,705.105,719.016,299664100
2013-07-04,716.451,734.526,712.355,727.6,330775500
2013-07-05,726.778,735.051,724.953,725.475,277267300
2013-07-08,713.963,721.288,700.275,704.3,284119400
2013-07-09,704.395,708.478,697.783,703.496,202336800
2013-07-10,702.398,721.16,701.43,720.993,260764400
2013-07-11,721.268,745.391,719.745,738.462,397384200
2013-07-12,737.346,749.206,734.77,735.231,351939000
2013-07-15,735.251,751.159,735.196,750.432,307616200
2013-07-16,749.563,761.641,747.64,761.499,302259100
2013-07-17,759.577,760.958,743.029,744.941,297292100
2013-07-18,741.899,751.458,736.197,741.971,274562400
2013-07-19,741.994,747.761,721.414,722.39,323920000
2013-07-22,715.133,734.696,713.069,734.401,239764200
2013-07-23,735.516,756.484,735.419,756.018,340433500
2013-07-24,755.814,760.746,747.307,757.998,330227800
2013-07-25,756.216,763.795,747.957,749.704,268544700
2013-07-26,746.867,751.356,737.219,742.387,249919300
2013-07-29,737.289,742.502,728.255,730.919,228843600
2013-07-30,731.302,736.703,719.106,730.983,243806500
2013-07-31,732.509,736.9,729.67,733.189,210404400
2013-08-01,733.68,749.725,733.293,749.634,290921800
2013-08-02,751.702,758.639,750.312,754.495,380247200
2013-08-05,757.723,776.309,757.723,776.309,424949100
2013-08-06,773.996,788.093,771.637,786.198,534629600
2013-08-07,784.468,788.181,777.948,782.076,491511200
2013-08-08,780.078,793.443,778.423,788.984,474052300
2013-08-09,789.081,799.217,782.405,791.739,430948400
2013-08-12,793.242,803.226,790.39,802.896,497978300
2013-08-13,802.835,803.482,795.525,798.153,434247800
2013-08-14,798.369,802.415,790.769,794.282,437181100
2013-08-15,793.139,794.627,781.545,782.24,422839600
2013-08-16,779.182,795.908,765.459,766.165,430853800
2013-08-19,762.24,784.335,761.156,784.057,310953700
2013-08-20,782.519,794.37,780.615,785.335,430084100
2013-08-21,786.24,787.75,777.817,787.402,412911100
2013-08-22,784.819,792.042,782.909,786.516,335812200
2013-08-23,786.979,789.751,769.836,782.768,405991600
2013-08-26,785.271,797.832,782.985,797.653,426025900
2013-08-27,796.731,798.107,788.304,797.796,394536500
2013-08-28,792.499,795.121,785.32,788.465,499827500
2013-08-29,788.671,791.447,782.471,789.281,418471700
2013-08-30,787.113,790.308,776.081,780.011,445319500
2013-09-02,784.377,803.228,780.038,802.139,744860600
2013-09-03,807.879,827.325,807.747,827.239,813019500
2013-09-04,835.401,837.249,823.231,833.014,1182002100
2013-09-05,827.477,845.85,825.64,840.497,916506900
2013-09-06,834.837,841.23,832.738,834.375,773870800
2013-09-09,834.775,842.981,832.073,841.82,840469900
2013-09-10,839.388,849.239,838.054,847.506,841070800
2013-09-11,844.434,858.745,833.499,845.298,1059966500
2013-09-12,837.694,847.404,836.976,844.355,716846700
2013-09-13,843.66,854.979,843.163,852.025,647765700
2013-09-16,850.829,858.201,845.818,848.722,517612000
2013-09-17,845.895,845.895,827.505,828.097,640029100
2013-09-18,828.107,835.813,825.605,833.963,403050500
2013-09-23,837.971,855.191,837.903,855.02,580683100
2013-09-24,852.566,861.787,847.58,854.631,599825500
2013-09-25,852.923,867.634,851.737,857.484,775093500
2013-09-26,864.219,871.096,853.582,854.254,728889300
2013-09-27,854.412,862.159,845.8,855.676,617432800
2013-09-30,858.749,878.298,857.888,877.945,623279400
2013-10-08,882.951,902.82,879.556,891.865,853689800
2013-10-09,888.972,919.118,886.802,919.045,852989000
2013-10-10,919.971,929.034,909.526,917.445,950728000
2013-10-11,918.74,935.262,918.734,932.305,735155700
2013-10-14,935.602,957.094,935.521,953.79,940033000
2013-10-15,955.789,963.452,946.334,958.449,909003100
2013-10-16,949.711,949.711,917.557,923.278,918154300
2013-10-17,929.052,939.727,914.356,928.874,910728800
2013-10-18,923.997,930.883,917.937,925.856,729384800
2013-10-21,928.014,950.899,925.662,950.755,797503000
2013-10-22,947.57,958.29,941.405,948.287,811982900
2013-10-23,942.081,942.286,894.295,895.779,784747200
2013-10-24,890.382,897.595,882.48,885.479,513466700
2013-10-25,888.432,890.323,853.292,864.78,585065800
2013-10-28,872.375,884.073,869.322,876.141,628578100
2013-10-29,874.562,882.299,827.446,866.258,806394500
2013-10-30,857.703,877.595,856.333,877.388,583453800
2013-10-31,866.144,868.652,851.966,852.593,534426500
2013-11-01,842.169,849.33,829.522,839.732,466823500
2013-11-04,841.357,853.441,839.713,845.45,356026800
2013-11-05,840.977,868.661,833.584,867.955,533872100
2013-11-06,863.668,872.869,856.85,857.225,536135300
2013-11-07,853.29,860.102,838.186,838.46,590691000
2013-11-08,826.353,835.809,819.128,826.998,560391100
2013-11-11,823.575,834.08,818.444,819.736,421359600
2013-11-12,815.446,824.089,809.334,823.495,476248200
2013-11-13,822.49,831.934,812.712,820.545,582000800
2013-11-14,817.962,833.833,816.17,832.971,602024300
2013-11-15,829.192,857.838,828.361,853.941,664951900
2013-11-18,863.278,887.844,859.244,887.773,895991900
2013-11-19,887.542,891.098,879.426,885.202,792326500
2013-11-20,881.868,894.807,880.315,891.137,631018600
2013-11-21,887.635,904.718,882.331,897.407,826254100
2013-11-22,896.407,907.858,894.622,899.348,754051400
2013-11-25,892.282,896.377,883.243,888.875,616665600
2013-11-26,885.126,893.127,883.786,887.364,449529800
2013-11-27,885.61,892.088,878.949,891.761,476006800
2013-11-28,893.344,910.939,893.344,901.257,722336100
2013-11-29,901.802,909.029,898.715,906.138,552310800
2013-12-02,886.041,897.228,858.262,864.766,696712600
2013-12-03,860.723,892.181,860.233,891.906,513333000
2013-12-04,895.435,917.737,892.844,909.393,718017400
2013-12-05,911.202,917.404,904.663,914.319,584010300
2013-12-06,910.916,913.978,903.852,907.69,469046600
2013-12-09,909.788,923.24,909.788,922.842,706680500
2013-12-10,926.43,927.788,919.027,923.92,624738000
2013-12-11,921.745,926.512,914.181,926.202,752490100
2013-12-12,925.653,930.137,918.121,922.116,531999200
2013-12-13,916.304,923.001,911.231,920.331,488559800
2013-12-16,925.513,928.958,896.64,896.64,615085200
2013-12-17,895.48,898.972,882.661,886.357,415833500
2013-12-18,885.552,892.955,881.355,886.872,289638300
2013-12-19,888.024,894.874,871.262,873.113,379578100
2013-12-20,874.025,879.254,866.41,873.839,424782600
2013-12-23,872.786,873.976,854.341,868.179,389115600
2013-12-24,867.744,878.742,861.881,872.617,416334700
2013-12-25,873.104,877.333,865.89,877.221,359746300
2013-12-26,876.551,877.56,851.94,852.434,440584300
2013-12-27,850.766,865.918,847.304,863.143,345340400
2013-12-30,867.074,869.593,862.945,865.472,338252400
2013-12-31,862.471,870.538,854.19,870.09,412302800
2014-01-02,867.022,867.97,861.678,865.561,326120600
2014-01-03,864.064,864.331,846.629,848.38,376899700
2014-01-06,844.234,844.452,815.29,816.619,362446000
2014-01-07,813.144,825.949,809.687,822.668,269250400
2014-01-08,822.688,832.957,821.565,823.449,295426100
2014-01-09,822.587,833.747,812.946,813.894,314517200
2014-01-10,811.042,814.705,802.121,804.895,297944500
2014-01-13,805.632,810.755,793.107,798.079,233382500
2014-01-14,798.712,812.705,798.073,812.647,269800900
2014-01-15,812.981,825.071,811.122,824.801,332741400
2014-01-16,823.637,829.895,819.41,825.312,289344900
2014-01-17,823.765,824.581,807.642,808.421,238740000
2014-01-20,812.94,818.017,796.511,800.179,250808400
2014-01-21,799.742,810.054,799.742,807.592,212655400
2014-01-22,809.246,831.487,809.203,830.901,384174900
2014-01-23,831.28,836.392,829.421,832.055,321260800
2014-01-24,831.841,841.768,830.385,839.407,364189400
2014-01-27,836.809,837.653,828.91,831.424,388212700
2014-01-28,828.18,831.819,818.077,822.945,313711000
2014-01-29,823.104,824.907,817.634,820.417,342344800
2014-01-30,820.444,822.458,811.019,811.648,267515000
2014-02-07,806.897,827.849,805.262,827.632,259283900
2014-02-10,827.97,850.088,827.97,849.54,450832400
2014-02-11,851.756,855.97,842.171,849.857,525186300
2014-02-12,850.763,871.618,844.497,871.42,688578200
2014-02-13,869.083,869.249,854.445,854.816,585055600
2014-02-14,854.783,866.228,854.47,864.749,423925400
2014-02-17,867.936,873.046,864.185,872.871,471203400
2014-02-18,875.002,881.029,869.577,873.239,601236800
2014-02-19,870.895,877.811,866.36,876.552,553951300
2014-02-20,875.514,880.96,865.497,868.792,594677100
2014-02-21,866.737,873.011,856.531,864.103,461876100
2014-02-24,861.257,861.257,847.407,857.835,479601600
2014-02-25,857.642,863.878,820.285,825.982,554552900
2014-02-26,820.874,829.141,810.622,828.587,420163800
2014-02-27,829.01,834.391,817.311,817.678,467008000
2014-02-28,813.218,826.614,806.402,826.403,420054900
2014-03-03,824.193,846.271,822.139,846.271,472846600
2014-03-04,842.881,846.028,834.504,844.319,381252600
2014-03-05,847.426,850.883,836.305,838.087,498541300
2014-03-06,835.727,836.351,822.253,830.572,342527500
2014-03-07,830.044,835.584,823.039,826.848,390013400
2014-03-10,820.684,821.171,800.322,802.69,421983100
2014-03-11,802.009,814.599,802.009,812.322,330410500
2014-03-12,810.151,816.736,797.647,812.381,354526900
2014-03-13,812.241,825.312,812.241,822.564,372098900
2014-03-14,818.726,823.547,813.79,820.725,325073500
2014-03-17,820.531,828.172,813.639,827.964,431919500
2014-03-18,827.591,834.158,825.391,827.907,418533000
2014-03-19,825.186,825.186,813.99,822.139,417939800
2014-03-20,818.509,824.333,805.705,806.299,408292900
2014-03-21,803.359,825.152,799.823,824.05,438343800
2014-03-24,824.676,833.246,822.025,830.031,446790200
2014-03-25,828.702,834.408,824.768,831.119,445107300
2014-03-26,831.9,836.4,831.104,834.858,362449700
2014-03-27,834.232,834.26,821.693,822.416,351379500
2014-03-28,819.188,824.587,811.103,811.535,385754900
2014-03-31,811.158,814.274,798.882,808.917,312535600
2014-04-01,805.48,815.066,799.99,813.968,405325000
2014-04-02,813.552,815.095,808.718,811.729,295957900
2014-04-03,813.081,815.495,806.171,808.304,303986200
2014-04-04,807.098,821.026,805.311,820.468,339693600
2014-04-08,817.085,838.279,815.928,837.344,475471900
2014-04-09,837.341,844.771,835.492,844.504,496202800
2014-04-10,843.49,846.086,839.735,843.606,473272600
2014-04-11,841.783,847.437,840.714,842.83,415920900
2014-04-14,842.144,849.107,841.204,848.751,374953700
2014-04-15,847.799,847.799,837.216,838.254,489852900
2014-04-16,836.691,841.527,831.869,839.069,347978900
2014-04-17,839.982,842.016,833.114,833.817,295824000
2014-04-18,831.765,834.555,828.336,834.074,246126200
2014-04-21,828.391,834.612,818.205,819.087,304214300
2014-04-22,816.361,821.836,804.303,815.407,340342600
2014-04-23,814.195,817.216,808.084,811.017,242932600
2014-04-24,809.194,810.77,801.195,801.694,233508400
2014-04-25,803.07,804.616,783.641,784.556,340161900
2014-04-28,782.007,782.007,754.965,756.038,324636300
2014-04-29,757.359,772.972,757.189,772.877,243868000
2014-04-30,772.802,775.346,767.837,772.472,257400200
2014-05-05,770.236,783.26,766.566,783.247,292557000
2014-05-06,781.151,789.547,780.638,786.421,264866500
2014-05-07,783.431,783.711,772.094,772.543,251811600
2014-05-08,770.821,781.9,770.214,771.303,194236700
2014-05-09,771.443,773.24,759.231,766.097,222116800
2014-05-12,771.01,785.392,768.177,785.112,345415700
2014-05-13,784.02,788.582,782.738,785.585,286012700
2014-05-14,785.123,787.097,782.688,783.16,191396300
2014-05-15,783.968,784.998,768.88,769.492,240813800
2014-05-16,767.901,768.394,759.907,767.777,197642500
2014-05-19,766.274,767.179,758.461,766.784,264766200
2014-05-20,768.792,773.892,764.578,767.391,221346300
2014-05-21,765.934,772.376,759.463,771.925,211288200
2014-05-22,771.924,779.188,769.707,770.217,256862500
2014-05-23,769.859,772.867,766.129,772.498,228915200
2014-05-26,774.389,779.624,773.358,779.624,264592500
2014-05-27,778.562,779.81,773.554,774.427,243127300
2014-05-28,771.978,776.351,768.004,775.717,246258300
2014-05-29,775.284,775.527,765.622,765.793,374121300
2014-05-30,765.021,768.672,762.363,766.018,284233500
2014-06-03,766.357,766.588,759.059,759.122,321076300
2014-06-04,759.775,760.207,748.49,753.194,270383200
2014-06-05,752.436,759.025,750.592,758.706,255693700
2014-06-06,759.166,759.381,746.685,751.044,256969600
2014-06-09,750.129,755.306,747.285,747.74,211727100
2014-06-10,750.114,756.108,744.8,755.814,288734600
2014-06-11,755.435,758.337,753.129,757.609,236922800
2014-06-12,756.72,762.941,755.043,761.737,282303300
2014-06-13,760.975,768.995,759.329,767.53,320944200
2014-06-16,768.049,772.487,766.946,771.475,284129700
2014-06-17,770.178,770.219,764.921,765.336,269627900
2014-06-18,764.111,764.518,755.38,755.703,264511400
2014-06-19,754.872,757.765,735.577,739.785,333996600
2014-06-20,737.995,744.337,735.566,744.021,243251000
2014-06-23,744.805,753.695,744.805,750.92,321869400
2014-06-24,750.247,760.254,750.171,759.575,295802700
2014-06-25,759.118,759.937,752.519,758.588,258826700
2014-06-26,758.203,766.768,757.819,765.889,345108100
2014-06-27,766.175,774.078,763.91,770.317,382656200
2014-06-30,769.061,772.703,767.944,771.751,281376600
2014-07-01,771.989,779.15,769.268,777.836,409139500
2014-07-02,776.41,778.521,769.976,776.398,323450000
2014-07-03,775.443,784.364,772.75,782.212,371254400
2014-07-04,782.436,785.959,781.925,784.272,346976600
2014-07-07,783.423,785.936,778.18,781.603,325340600
2014-07-08,780.893,786.845,777.456,786.067,295576400
2014-07-09,785.434,789.306,771.166,771.842,379784500
2014-07-10,770.269,773.338,764.817,766.97,306781900
2014-07-11,765.627,774.512,765.613,773.88,290889700
2014-07-14,774.791,784.099,773.503,783.861,321282800
2014-07-15,783.526,789.694,782.313,788.891,402244600
2014-07-16,788.653,792.232,784.155,787.053,390279000
2014-07-17,787.094,787.094,778.077,782.948,329942200
2014-07-18,780.387,788.47,778.541,786.191,399264200
2014-07-21,784.889,786.964,781.915,782.698,388501100
2014-07-22,782.123,792.799,781.69,791.675,413952800
2014-07-23,790.803,793.721,783.238,787.895,372119200
2014-07-24,787.948,792.951,782.555,792.728,498046900
2014-07-25,793.36,797.661,791.63,797.442,451671600
2014-07-28,798.537,813.415,798.537,813.289,689135300
2014-07-29,815.088,817.785,810.268,816.093,734929000
2014-07-30,813.765,820.964,812.776,819.853,685443800
2014-07-31,822.05,828.316,818.817,828.105,602975100
2014-08-01,825.505,835.308,821.794,822.305,745012100
2014-08-04,823.045,838.501,822.971,838.378,626207600
2014-08-05,838.314,843.276,835.568,843.1,634363800
2014-08-06,840.835,844.351,834.464,841.545,526486700
2014-08-07,840.876,842.992,829.352,831.301,509697100
2014-08-08,831.261,837.469,830.556,837.387,388780100
2014-08-11,838.845,853.354,838.842,853.354,558572000
2014-08-12,852.128,858.572,850.889,858.143,588072600
2014-08-13,857.537,860.354,845.709,854.812,557588800
2014-08-14,853.493,855.872,843.337,844.729,544883800
2014-08-15,845.993,862.614,845.4,862.524,583085000
2014-08-18,866.003,872.409,864.457,871.835,650831100
2014-08-19,871.624,882.778,867.534,882.778,907386900
2014-08-20,882.018,888.219,876.0,879.284,878414300
2014-08-21,879.252,882.645,868.527,878.994,708322000
2014-08-22,877.838,878.72,869.319,876.336,533780800
2014-08-25,876.204,878.23,869.092,871.765,532578300
2014-08-26,870.16,871.356,852.041,855.157,547200400
2014-08-27,854.665,859.727,852.84,856.744,339780900
2014-08-28,857.08,859.585,848.166,851.068,351915100
2014-08-29,850.397,859.194,848.488,858.765,288997900
2014-09-01,859.821,868.778,858.964,868.673,369501500
2014-09-02,869.491,878.186,868.714,877.92,483478800
2014-09-03,878.451,884.273,877.438,883.75,591709300
2014-09-04,884.236,888.851,880.478,888.547,552488500
2014-09-05,888.554,891.519,883.898,890.766,553559100
2014-09-09,892.05,893.517,885.68,893.321,515292200
2014-09-10,891.182,899.29,885.076,898.033,764812400
2014-09-11,896.896,915.877,894.522,905.182,1233574700
2014-09-12,904.502,911.109,901.384,910.884,800658300
2014-09-15,912.183,924.811,910.647,924.564,833187800
2014-09-16,926.142,930.217,896.016,897.738,1037166700
2014-09-17,900.441,914.455,895.14,914.289,787344100
2014-09-18,912.927,923.814,909.737,923.284,803657200
2014-09-19,923.292,935.515,922.951,932.654,868903800
2014-09-22,931.641,931.641,916.722,919.368,625225600
2014-09-23,922.294,938.482,922.294,934.976,784120500
2014-09-24,935.389,946.582,931.694,946.288,896295200
2014-09-25,948.098,955.108,943.064,947.0,827547700
2014-09-26,945.051,967.122,943.194,962.738,1007044000
2014-09-29,968.73,975.603,966.737,972.251,1025194300
2014-09-30,971.935,971.948,953.574,957.756,1130381300
2014-10-08,958.729,972.807,954.171,972.558,800551300
2014-10-09,972.323,974.841,961.118,974.707,852804700
2014-10-10,972.395,972.735,961.238,964.014,803107900
2014-10-13,960.765,960.765,942.464,956.743,797769600
2014-10-14,957.798,966.499,949.949,956.413,706626800
2014-10-15,955.192,957.177,945.438,956.3,566349000
2014-10-16,951.386,958.241,942.345,942.434,699663900
2014-10-17,940.41,944.824,916.551,931.93,708711000
2014-10-20,935.696,944.743,933.654,944.245,653610400
2014-10-21,942.004,943.078,930.0,931.197,506294800
2014-10-22,931.917,933.45,913.165,913.948,513631700
2014-10-23,913.129,917.538,892.667,901.163,559794000
2014-10-24,900.279,908.023,899.188,903.921,367359200
2014-10-27,902.719,909.165,896.285,908.842,392320100
2014-10-28,910.406,924.657,910.002,924.399,588072200
2014-10-29,926.771,936.984,921.917,933.567,681949800
2014-10-30,932.232,936.405,928.152,930.274,570402100
2014-10-31,929.184,932.964,920.75,928.634,613299200
2014-11-03,929.421,934.408,928.291,934.228,555021600
2014-11-04,933.154,934.919,927.266,932.932,635767300
2014-11-05,931.944,942.62,927.428,938.616,1034901700
2014-11-06,935.99,937.289,925.47,935.006,628596900
2014-11-07,936.045,939.827,922.132,925.224,746753900
2014-11-10,927.703,937.847,924.462,937.591,674474300
2014-11-11,940.194,946.261,920.884,928.037,1190235700
2014-11-12,924.95,944.558,923.255,944.395,902298300
2014-11-13,946.259,954.412,940.004,946.567,1137229200
2014-11-14,942.261,943.743,934.12,940.829,802707200
2014-11-17,948.751,957.744,942.032,952.608,670947600
2014-11-18,957.258,963.446,953.277,960.844,905359200
2014-11-19,959.944,964.085,953.205,962.142,689010800
2014-11-20,958.281,965.203,953.662,958.767,789698500
2014-11-21,960.319,966.083,954.349,965.679,987074400
2014-11-24,969.739,977.141,963.222,972.594,1008307500
2014-11-25,973.154,983.081,970.216,982.829,948651100
2014-11-26,983.68,985.332,974.5,982.522,872133600
2014-11-27,984.517,993.695,984.101,993.465,1182314700
2014-11-28,995.76,996.05,982.784,991.378,1051583400
2014-12-01,992.345,996.505,982.349,996.222,1240716300
2014-12-02,992.484,1008.936,990.851,1006.506,1237235700
2014-12-03,1014.331,1020.522,1001.577,1020.263,1692510400
2014-12-04,1019.799,1034.988,1016.508,1034.517,1481320900
2014-12-05,1036.949,1037.474,979.439,996.485,1436347500
2014-12-08,992.658,1012.546,985.772,1006.926,1219315300
2014-12-09,1005.213,1033.014,983.708,986.73,1898988800
2014-12-10,987.482,1019.465,985.771,1019.284,1202916600
2014-12-11,1016.271,1030.69,1008.716,1030.362,1275699200
2014-12-12,1032.807,1034.124,1024.926,1032.705,968104600
2014-12-15,1029.318,1043.468,1025.242,1042.227,900349500
2014-12-16,1041.786,1043.672,1032.224,1040.617,900251300
2014-12-17,1041.983,1042.078,1017.989,1027.928,1034959000
2014-12-18,1027.656,1034.537,1025.327,1028.509,883861000
2014-12-19,1028.368,1032.62,1004.462,1026.301,954564000
2014-12-22,1034.938,1038.014,1000.518,1029.456,1558401300
2014-12-23,1020.853,1026.222,1004.154,1006.324,987673600
2014-12-24,1009.467,1019.909,1002.48,1019.331,985991600
2014-12-25,1018.803,1027.8,1015.698,1027.192,763860300
2014-12-26,1029.115,1035.689,1023.481,1033.593,869394800
2014-12-29,1034.885,1035.226,1018.509,1026.951,1108870900
2014-12-30,1025.489,1031.802,1006.0,1008.664,706439600
2014-12-31,1010.218,1019.63,1001.468,1018.752,701818300
2015-01-05,1019.948,1049.583,1018.691,1045.925,1007559000
2015-01-06,1038.666,1058.683,1033.413,1058.589,986836900
2015-01-07,1056.432,1061.123,1047.136,1060.449,894553600
2015-01-08,1060.772,1077.131,1060.546,1065.94,1017738900
2015-01-09,1062.044,1074.618,1052.222,1052.901,904950500
2015-01-12,1049.913,1059.923,1041.145,1048.586,806215200
2015-01-13,1046.343,1054.045,1043.591,1053.685,559709400
2015-01-14,1052.061,1054.303,1038.965,1044.957,549359400
2015-01-15,1044.464,1056.89,1044.255,1056.655,499198200
2015-01-16,1056.64,1069.894,1053.91,1069.342,741564900
2015-01-19,1036.659,1063.209,1007.991,1018.586,980518000
2015-01-20,1023.691,1054.433,1023.691,1054.11,709001000
2015-01-21,1056.29,1076.758,1055.426,1076.529,870367400
2015-01-22,1078.186,1091.918,1074.673,1090.614,926146700
2015-01-23,1089.923,1090.752,1074.734,1080.978,841047400
2015-01-26,1080.15,1107.377,1078.947,1107.286,870227400
2015-01-27,1108.352,1114.053,1091.858,1107.455,953449200
2015-01-28,1102.593,1111.001,1093.806,1102.619,760485500
2015-01-29,1093.224,1099.794,1085.263,1092.318,598824600
2015-01-30,1097.492,1103.7,1085.956,1090.57,675466400
2015-02-02,1085.64,1097.259,1079.445,1085.391,884542100
2015-02-03,1087.7,1095.424,1079.934,1095.334,655853600
2015-02-04,1095.831,1097.23,1080.212,1081.454,566394100
2015-02-05,1091.327,1094.687,1070.206,1070.546,624442900
2015-02-06,1068.696,1074.365,1048.638,1054.172,556529900
2015-02-09,1053.758,1059.187,1049.065,1054.511,395843400
2015-02-10,1053.351,1059.399,1052.52,1058.998,354233300
2015-02-11,1059.769,1063.8,1058.076,1062.928,356871500
2015-02-12,1063.857,1071.255,1060.403,1070.414,450702000
2015-02-13,1074.45,1091.968,1074.45,1084.753,599095300
2015-02-16,1087.245,1094.36,1086.954,1094.221,479321900
2015-02-17,1097.08,1104.938,1096.351,1101.897,583437600
2015-02-25,1103.601,1115.951,1097.959,1111.067,625596200
2015-02-26,1109.349,1124.635,1108.338,1124.243,603173900
2015-02-27,1125.181,1127.987,1121.595,1126.316,599846000
2015-03-02,1130.5,1140.81,1125.705,1140.556,811366000
2015-03-03,1137.157,1141.203,1125.517,1127.338,911512400
2015-03-04,1126.77,1142.558,1126.303,1142.378,771199800
2015-03-05,1140.377,1147.454,1137.397,1147.354,892566400
2015-03-06,1147.249,1154.96,1139.666,1146.504,734608200
2015-03-09,1142.905,1164.678,1139.05,1164.452,649512900
2015-03-10,1163.993,1170.106,1162.433,1165.338,590425500
2015-03-11,1168.601,1172.167,1166.889,1170.367,687535600
2015-03-12,1169.695,1176.164,1167.445,1173.566,638557300
2015-03-13,1173.63,1180.637,1173.465,1180.252,563497800
2015-03-16,1185.873,1206.925,1184.436,1206.71,894799500
2015-03-17,1209.744,1223.828,1207.442,1218.433,1156762600
2015-03-18,1221.926,1234.669,1214.873,1234.399,1207831000
2015-03-19,1231.373,1240.351,1222.148,1236.908,1187230200
2015-03-20,1234.813,1243.492,1231.869,1241.085,1078223400
2015-03-23,1245.003,1261.573,1243.378,1261.406,1274791200
2015-03-24,1259.729,1259.729,1216.29,1244.892,1325706000
2015-03-25,1241.543,1256.643,1231.963,1255.738,1187239800
2015-03-26,1251.981,1278.487,1246.107,1276.351,1229186900
2015-03-27,1277.547,1288.931,1275.925,1283.845,1135682900
2015-03-30,1285.374,1290.937,1279.991,1288.749,1166662200
2015-03-31,1289.933,1301.341,1281.85,1285.553,1234177300
2015-04-01,1286.131,1307.069,1284.418,1305.243,1045168500
2015-04-02,1308.615,1323.368,1306.522,1322.32,1310618900
2015-04-03,1315.555,1337.344,1310.466,1336.177,1422565200
2015-04-07,1339.949,1361.416,1337.466,1361.244,1352561900
2015-04-08,1362.454,1366.041,1334.706,1356.709,1455991100
2015-04-09,1361.431,1369.314,1326.25,1362.08,1410349600
2015-04-10,1362.017,1409.806,1357.798,1407.872,1310493100
2015-04-13,1426.224,1435.599,1416.54,1430.863,1550274200
2015-04-14,1426.827,1437.762,1413.032,1431.234,1380825100
2015-04-15,1426.396,1426.396,1376.686,1378.68,1220168400
2015-04-16,1363.461,1401.129,1346.094,1399.207,1118534500
2015-04-17,1400.427,1415.947,1395.778,1400.516,1434889000
2015-04-20,1396.556,1414.283,1371.606,1378.219,1608958800
2015-04-21,1377.788,1420.002,1377.045,1419.594,1198491900
2015-04-22,1427.646,1451.067,1427.448,1447.226,1368039600
2015-04-23,1452.309,1461.677,1437.576,1453.834,1389375900
2015-04-24,1438.436,1453.859,1427.61,1445.817,1255336300
2015-04-27,1462.207,1478.288,1456.156,1472.75,1528855900
2015-04-28,1475.026,1479.061,1418.384,1433.923,1464191000
2015-04-29,1424.675,1461.227,1421.408,1454.394,991112400
2015-04-30,1453.117,1466.492,1450.413,1452.883,1189032400
2015-05-04,1456.177,1472.98,1442.821,1472.307,1136658700
2015-05-05,1468.546,1471.15,1414.576,1421.56,1086652600
2015-05-06,1426.117,1436.121,1381.878,1391.439,888664400
2015-05-07,1384.335,1389.043,1365.345,1367.166,696373700
2015-05-08,1379.094,1395.361,1370.049,1394.774,684333700
2015-05-11,1407.62,1441.946,1392.195,1441.559,968531900
2015-05-12,1445.645,1467.51,1441.552,1466.809,1025595000
2015-05-13,1470.243,1502.043,1456.97,1491.944,1392538700
2015-05-14,1493.065,1500.466,1487.243,1495.553,1216217700
2015-05-15,1497.364,1497.364,1466.975,1476.569,1098729800
2015-05-18,1476.052,1517.159,1468.31,1516.546,1096693100
2015-05-19,1518.421,1549.992,1517.865,1549.697,1202708700
2015-05-20,1553.748,1582.727,1552.183,1559.999,1310322400
2015-05-21,1568.939,1616.931,1568.018,1616.582,1359907300
2015-05-22,1635.093,1654.699,1611.945,1653.041,1657103400
2015-05-25,1647.814,1692.028,1641.902,1690.476,1677659900
2015-05-26,1698.224,1723.218,1683.215,1722.054,1676316200
2015-05-27,1734.934,1759.417,1711.91,1756.855,1754087800
2015-05-28,1763.598,1788.377,1666.16,1667.253,2063177600
2015-05-29,1664.113,1703.681,1602.247,1674.488,1512166800
2015-06-01,1693.003,1755.133,1688.774,1754.833,1354356900
2015-06-02,1770.316,1822.243,1764.774,1821.905,1603261900
2015-06-03,1835.915,1841.54,1791.202,1825.362,1572134900
2015-06-04,1829.918,1837.04,1731.524,1833.222,1489306700
2015-06-05,1856.485,1879.726,1832.938,1873.093,1801613200
2015-06-08,1891.817,1905.696,1859.062,1889.534,1857376000
2015-06-09,1903.498,1903.609,1862.83,1883.516,1564101300
2015-06-10,1875.609,1945.099,1856.764,1926.238,1419245500
2015-06-11,1933.342,1976.361,1928.83,1975.138,1661241000
2015-06-12,1990.835,2027.192,1984.197,2010.719,1928896800
2015-06-15,2019.419,2024.273,1970.296,1978.063,1722956000
2015-06-16,1950.448,1954.873,1885.963,1902.866,1447946800
2015-06-17,1896.067,1951.802,1846.958,1947.423,1403375400
2015-06-18,1951.381,1971.63,1889.675,1892.684,1448431500
2015-06-19,1844.699,1864.246,1750.762,1752.552,1180925100
2015-06-23,1747.832,1783.516,1636.463,1783.118,1224531800
2015-06-24,1799.848,1833.308,1772.008,1833.128,1390221800
2015-06-25,1837.883,1858.75,1763.835,1786.936,1527086500
2015-06-26,1733.081,1741.226,1632.206,1640.936,1393400000
2015-06-29,1680.103,1688.901,1507.3,1558.785,1768409200
2015-06-30,1538.646,1633.745,1459.189,1630.874,1756385600
2015-07-01,1604.007,1663.545,1531.586,1537.027,1550791400
2015-07-02,1526.66,1544.149,1422.404,1432.686,1368256000
2015-07-03,1385.27,1439.647,1313.729,1333.128,1360041800
2015-07-06,1433.268,1433.268,1246.333,1306.494,2131311200
2015-07-07,1256.098,1270.813,1210.138,1218.092,1369476300
2015-07-08,1145.422,1175.822,1143.447,1148.984,1588774800
2015-07-09,1131.141,1208.152,1128.435,1208.152,1275043700
2015-07-10,1235.502,1273.325,1231.398,1273.279,990114100
2015-07-13,1330.882,1362.952,1321.187,1356.928,1393343500
2015-07-14,1391.185,1426.631,1370.905,1384.488,1709818200
2015-07-15,1385.271,1385.939,1293.224,1300.758,1646642300
2015-07-16,1275.19,1357.496,1241.757,1328.872,1304867400
2015-07-17,1336.558,1415.32,1333.421,1403.312,1384138500
2015-07-20,1408.52,1450.959,1395.52,1435.814,1614752600
2015-07-21,1421.304,1482.252,1405.836,1469.469,1595363000
2015-07-22,1470.152,1507.348,1447.237,1502.002,1769220400
2015-07-23,1515.897,1551.02,1508.844,1546.101,1856218000
2015-07-24,1553.699,1568.746,1500.15,1516.976,1759158800
2015-07-27,1496.308,1544.288,1403.273,1405.71,1759741200
2015-07-28,1344.136,1430.472,1312.002,1409.197,1764892400
2015-07-29,1427.154,1466.965,1375.566,1463.606,1425497900
2015-07-30,1456.165,1488.965,1419.125,1430.194,1325733400
2015-07-31,1408.479,1435.165,1381.163,1399.996,1101531300
2015-08-03,1382.08,1399.127,1339.758,1368.165,1016331400
2015-08-04,1367.041,1438.596,1362.935,1437.546,1023646100
2015-08-05,1436.804,1454.254,1405.279,1420.004,1031824900
2015-08-06,1390.813,1429.345,1384.694,1415.351,848631300
2015-08-07,1425.956,1454.304,1425.956,1451.259,1080401800
2015-08-10,1465.756,1526.476,1462.637,1518.033,1369933400
2015-08-11,1516.017,1544.547,1496.754,1523.027,1451497400
2015-08-12,1511.397,1549.828,1505.288,1530.014,1480805600
2015-08-13,1522.407,1555.862,1504.885,1553.709,1057588700
2015-08-14,1561.096,1582.785,1549.564,1574.623,1234065300
2015-08-17,1566.875,1637.783,1564.134,1634.052,1428303000
2015-08-18,1627.126,1637.176,1513.802,1521.441,1422568600
2015-08-19,1476.658,1573.591,1458.934,1562.285,1451314500
2015-08-20,1545.554,1559.977,1500.291,1500.291,1188285900
2015-08-21,1470.88,1491.432,1420.673,1428.724,965059100
2015-08-24,1372.647,1380.23,1325.316,1325.592,685581900
2015-08-25,1242.352,1274.642,1238.209,1240.277,817604900
2015-08-26,1244.717,1282.873,1193.386,1213.405,1088065400
2015-08-27,1234.829,1263.345,1199.182,1261.816,887059400
2015-08-28,1278.321,1324.348,1266.711,1324.052,1005195300
2015-08-31,1313.198,1313.198,1273.201,1279.563,810403500
2015-09-01,1266.916,1267.569,1213.529,1217.634,799609100
2015-09-02,1164.625,1232.493,1161.044,1188.963,791348900
2015-09-07,1190.829,1225.84,1171.27,1180.565,651653600
2015-09-08,1159.84,1210.612,1151.153,1206.826,666102400
2015-09-09,1199.42,1235.742,1195.028,1224.99,1229115500
2015-09-10,1200.194,1220.525,1193.477,1197.936,901415400
2015-09-11,1188.527,1203.761,1176.885,1199.152,812747800
2015-09-14,1206.644,1215.466,1116.462,1134.536,1140878000
2015-09-15,1104.91,1121.965,1069.103,1073.938,783386900
2015-09-16,1076.574,1156.035,1068.86,1146.731,896445800
2015-09-17,1138.591,1164.612,1110.557,1111.407,959732300
2015-09-18,1120.779,1131.374,1105.265,1123.707,564857300
2015-09-21,1114.642,1163.771,1110.94,1162.541,775513700
2015-09-22,1166.031,1188.27,1163.759,1181.99,991599400
2015-09-23,1167.804,1182.925,1155.616,1166.981,951199000
2015-09-24,1169.086,1183.836,1165.017,1180.862,728717100
2015-09-25,1174.43,1184.787,1135.831,1144.835,706766600
2015-09-28,1146.601,1164.798,1128.036,1164.223,494520100
2015-09-29,1142.98,1161.531,1139.656,1149.781,686974400
2015-09-30,1154.336,1160.696,1144.189,1151.464,559549400
2015-10-08,1186.324,1205.17,1179.161,1196.746,1035556200
2015-10-09,1187.025,1210.045,1181.988,1205.218,887212500
2015-10-12,1205.997,1261.694,1205.997,1238.953,1356672400
2015-10-13,1224.934,1250.149,1219.069,1247.217,952883500
2015-10-14,1243.769,1252.869,1219.936,1220.498,1362799000
2015-10-15,1215.034,1256.853,1213.737,1256.441,1189447600
2015-10-16,1262.756,1275.232,1243.979,1273.931,1247498300
2015-10-19,1273.623,1282.023,1257.392,1273.133,1210352300
2015-10-20,1269.196,1281.653,1258.94,1281.348,1131525600
2015-10-21,1282.482,1286.915,1192.224,1198.763,1325219000
2015-10-22,1195.2,1240.361,1191.885,1240.036,1009237000
2015-10-23,1242.809,1268.646,1233.342,1263.727,1166482900
2015-10-26,1280.387,1283.657,1258.273,1272.367,1107326400
2015-10-27,1263.272,1275.389,1219.527,1267.523,1156556300
2015-10-28,1260.544,1275.935,1232.614,1238.601,903162200
2015-10-29,1246.404,1267.182,1239.56,1259.912,821617700
2015-10-30,1264.625,1273.313,1242.83,1255.662,1081303200
2015-11-02,1229.36,1261.557,1223.965,1231.73,805148300
2015-11-03,1237.041,1247.627,1223.742,1236.5,920552100
2015-11-04,1240.694,1289.68,1240.334,1289.389,1327314500
2015-11-05,1286.917,1307.768,1282.432,1291.05,1553442700
2015-11-06,1291.044,1312.092,1289.446,1310.261,1190179700
2015-11-09,1300.755,1332.921,1294.626,1323.832,1411013700
2015-11-10,1320.098,1335.448,1314.402,1329.679,1383859300
2015-11-11,1331.932,1345.128,1323.648,1342.963,1189795300
2015-11-12,1345.87,1350.479,1324.133,1342.879,1136277600
2015-11-13,1332.021,1335.458,1305.985,1312.716,1009905000
2015-11-16,1290.058,1334.474,1287.292,1334.13,800943800
2015-11-17,1348.148,1362.224,1330.498,1333.234,1180221100
2015-11-18,1336.49,1346.717,1316.509,1321.228,1048944500
2015-11-19,1328.161,1348.635,1325.039,1348.174,810013500
2015-11-20,1355.406,1367.527,1351.281,1366.364,1032352300
2015-11-23,1374.522,1385.566,1362.512,1368.973,1358037700
2015-11-24,1370.125,1378.274,1348.117,1377.756,994567400
2015-11-25,1372.878,1404.421,1372.75,1404.109,1186776700
2015-11-26,1411.038,1418.972,1400.422,1401.482,1228196600
2015-11-27,1393.541,1399.299,1308.98,1319.71,1248323400
2015-11-30,1324.651,1336.227,1261.579,1327.727,1181701200
2015-12-01,1324.419,1347.557,1315.225,1342.071,969699200
2015-12-02,1347.802,1354.432,1315.531,1350.902,1027698000
2015-12-03,1344.835,1377.096,1344.522,1376.525,1002893200
2015-12-04,1368.642,1388.088,1362.66,1382.882,1326751700
2015-12-07,1383.102,1400.367,1375.118,1399.186,1133103500
2015-12-08,1391.82,1391.831,1354.628,1355.309,1183442100
2015-12-09,1347.379,1355.345,1335.539,1343.66,893767700
2015-12-10,1341.949,1355.159,1333.495,1337.153,823880600
2015-12-11,1333.806,1333.806,1311.87,1321.883,721557700
2015-12-14,1307.071,1355.065,1303.542,1354.693,713838300
2015-12-15,1354.836,1363.581,1350.938,1357.438,674969800
2015-12-16,1361.154,1369.489,1353.907,1356.625,661797700
2015-12-17,1364.341,1391.399,1364.284,1391.155,766371100
2015-12-18,1391.545,1401.842,1382.613,1401.665,927360900
2015-12-21,1401.299,1442.375,1400.964,1441.271,1040215700
2015-12-22,1451.37,1456.991,1433.76,1452.39,1366820800
2015-12-23,1451.196,1460.213,1429.958,1434.381,990630400
2015-12-24,1434.726,1445.042,1420.386,1444.199,1020435900
2015-12-25,1443.362,1448.831,1434.529,1447.833,687796500
2015-12-28,1452.406,1456.051,1399.567,1399.82,857909100
2015-12-29,1398.086,1411.87,1387.382,1411.313,565997500
2015-12-30,1413.19,1415.602,1399.405,1415.289,524966200
2015-12-31,1415.76,1422.172,1397.66,1398.16,485460500
2016-01-04,1395.927,1396.477,1283.166,1283.423,517048500
2016-01-05,1236.776,1292.978,1224.743,1272.019,728039600
2016-01-06,1276.823,1295.749,1267.435,1295.334,532258700
2016-01-07,1273.665,1273.665,1189.49,1192.383,165710400
2016-01-08,1216.936,1233.314,1153.621,1211.861,689982400
2016-01-11,1194.294,1216.797,1142.843,1144.003,659485000
2016-01-12,1147.229,1160.905,1124.267,1150.116,504957600
2016-01-13,1157.04,1166.982,1115.683,1116.32,457315800
2016-01-14,1085.145,1147.831,1081.393,1143.645,542936300
2016-01-15,1134.353,1143.846,1096.334,1103.025,478486800
2016-01-18,1079.552,1129.62,1079.051,1117.12,422255500
2016-01-19,1113.169,1153.573,1110.19,1152.321,533676000
2016-01-20,1145.486,1163.543,1135.297,1141.811,511002400
2016-01-21,1123.37,1149.421,1099.676,1100.155,501359000
2016-01-22,1112.29,1119.426,1084.291,1111.544,420965000
2016-01-25,1119.051,1127.23,1109.826,1124.568,396209000
2016-01-26,1111.514,1119.626,1041.119,1045.201,586702300
2016-01-27,1050.089,1056.117,989.986,1040.621,637776700
2016-01-28,1032.561,1044.248,994.794,997.777,488944700
2016-01-29,993.332,1039.174,989.354,1029.771,481816900
2016-02-01,1027.269,1035.731,1001.922,1016.085,371054200
2016-02-02,1017.789,1047.81,1017.789,1047.639,369926400
2016-02-03,1036.931,1051.844,1026.146,1047.89,334546400
2016-02-04,1051.111,1071.971,1051.083,1065.915,431019900
2016-02-05,1067.283,1073.905,1061.613,1061.882,339478100
2016-02-15,1030.867,1056.714,1028.276,1051.746,284992500
2016-02-16,1059.046,1091.391,1059.039,1089.902,458421700
2016-02-17,1088.698,1106.683,1086.227,1104.978,565398700
2016-02-18,1110.066,1115.26,1099.356,1104.24,606201300
2016-02-19,1100.99,1113.666,1099.225,1108.872,410553200
2016-02-22,1121.91,1132.333,1115.818,1130.076,578390000
2016-02-23,1130.038,1133.596,1111.531,1132.597,598661100
2016-02-24,1127.449,1142.956,1118.497,1142.499,682708400
2016-02-25,1136.932,1136.951,1050.472,1055.225,684914000
2016-02-26,1063.158,1070.372,1039.598,1063.807,451550000
2016-02-29,1060.276,1060.29,1005.763,1020.151,476502000
2016-03-01,1023.495,1044.073,1009.902,1038.937,396569500
2016-03-02,1040.043,1092.198,1039.555,1089.297,610998400
2016-03-03,1092.267,1115.475,1091.951,1103.05,734102000
2016-03-04,1099.76,1106.298,1065.503,1086.85,815743700
2016-03-07,1096.775,1123.786,1096.775,1123.238,755571700
2016-03-08,1120.083,1120.781,1081.883,1119.374,644771200
2016-03-09,1092.609,1103.926,1082.745,1090.001,492570700
2016-03-10,1092.263,1100.107,1074.36,1074.674,374955500
2016-03-11,1065.79,1079.69,1057.717,1072.489,309351700
2016-03-14,1081.154,1114.059,1081.154,1102.332,478687900
2016-03-15,1097.953,1105.608,1087.532,1101.41,418086300
2016-03-16,1102.784,1107.19,1079.604,1086.767,367885800
2016-03-17,1092.375,1114.076,1086.782,1110.689,472750800
2016-03-18,1113.836,1142.384,1113.793,1137.699,787025100
2016-03-21,1146.613,1169.139,1142.952,1168.702,1024328500
2016-03-22,1156.644,1172.04,1151.109,1162.271,760838800
2016-03-23,1158.676,1177.214,1158.676,1176.86,647567500
2016-03-24,1169.171,1176.103,1156.269,1156.831,656085600
2016-03-25,1160.164,1174.778,1155.958,1174.635,660909900
2016-03-28,1178.16,1189.751,1163.142,1166.827,758493600
2016-03-29,1163.474,1165.336,1132.853,1141.538,558446700
2016-03-30,1150.74,1173.917,1150.74,1173.496,568453500
2016-03-31,1178.015,1184.865,1171.99,1175.866,615625800
2016-04-01,1171.878,1178.327,1154.654,1171.579,513932700
2016-04-05,1172.754,1201.362,1170.265,1200.153,663318000
2016-04-06,1199.927,1209.134,1195.725,1206.347,693069200
2016-04-07,1208.193,1210.947,1184.471,1185.378,600408800
2016-04-08,1176.616,1177.147,1161.411,1175.012,559084500
2016-04-11,1184.376,1196.654,1184.376,1191.145,579251800
2016-04-12,1189.925,1192.825,1171.805,1183.151,525116000
2016-04-13,1189.916,1210.324,1189.916,1197.33,864202800
2016-04-14,1203.214,1214.468,1197.737,1214.228,640111400
2016-04-15,1214.251,1214.931,1200.913,1208.619,556144800
2016-04-18,1202.303,1202.42,1187.817,1196.943,563192500
2016-04-19,1204.264,1206.986,1191.487,1201.694,478782600
2016-04-20,1205.644,1207.077,1130.226,1149.22,901573700
2016-04-21,1147.118,1163.536,1141.543,1147.411,790649900
2016-04-22,1134.903,1149.325,1130.132,1147.925,563072900
2016-04-25,1142.977,1142.977,1122.798,1137.016,454452600
2016-04-26,1136.72,1148.041,1131.332,1147.912,377079500
2016-04-27,1145.9,1153.645,1136.3,1138.887,445064800
2016-04-28,1139.264,1142.126,1115.317,1131.538,459026900
2016-04-29,1128.36,1146.493,1126.66,1140.733,432154400
2016-05-03,1140.644,1176.888,1135.66,1176.536,639485900
2016-05-04,1173.356,1182.822,1170.225,1176.703,532959800
2016-05-05,1179.791,1185.397,1173.255,1184.979,481200400
2016-05-06,1185.042,1189.125,1139.417,1139.801,641147800
2016-05-09,1127.068,1127.068,1092.426,1100.687,567706200
2016-05-10,1097.812,1116.138,1094.36,1111.345,464446100
2016-05-11,1119.037,1143.633,1116.012,1126.531,713645600
2016-05-12,1110.582,1120.154,1088.904,1119.438,560845200
2016-05-13,1115.1,1128.62,1105.334,1116.233,504407200
2016-05-16,1112.309,1133.708,1104.856,1133.145,468549700
2016-05-17,1132.875,1138.983,1122.998,1125.221,486596400
2016-05-18,1114.215,1114.215,1078.427,1093.059,485116700
2016-05-19,1092.475,1107.827,1091.642,1095.68,360728500
2016-05-20,1085.506,1102.05,1081.274,1102.011,337369900
2016-05-23,1103.451,1118.806,1103.139,1118.257,471619100
2016-05-24,1115.591,1115.591,1094.205,1102.933,381633600
2016-05-25,1108.749,1113.422,1091.884,1097.561,337388700
2016-05-26,1089.29,1093.666,1064.707,1088.979,347106000
2016-05-27,1080.209,1088.831,1075.275,1082.689,314312200
2016-05-30,1072.597,1078.037,1060.938,1072.492,652154600
2016-05-31,1071.092,1112.698,1071.092,1112.286,926576500
2016-06-01,1111.209,1122.569,1109.17,1119.07,856216600
2016-06-02,1119.091,1124.461,1114.046,1124.204,666150200
2016-06-03,1124.995,1139.718,1121.217,1135.39,805330000
2016-06-06,1135.206,1138.671,1125.256,1132.633,635054700
2016-06-07,1133.062,1140.249,1129.521,1139.229,605126600
2016-06-08,1136.405,1136.545,1120.026,1125.772,522265400
2016-06-13,1110.531,1115.524,1073.299,1073.538,554836100
2016-06-14,1071.656,1090.582,1071.656,1090.272,466359100
2016-06-15,1079.394,1126.246,1075.15,1119.864,652717300
2016-06-16,1118.377,1122.805,1108.073,1111.928,547565700
2016-06-17,1112.749,1124.664,1111.268,1119.491,483941000
2016-06-20,1118.873,1126.327,1110.791,1124.207,470144700
2016-06-21,1128.034,1132.998,1104.499,1108.248,458215800
2016-06-22,1105.958,1119.755,1104.053,1119.437,380709600
2016-06-23,1117.279,1117.447,1104.063,1112.014,372036600
2016-06-24,1110.187,1114.665,1066.73,1092.446,564858300
2016-06-27,1085.262,1115.031,1084.583,1114.897,460336500
2016-06-28,1109.1,1123.847,1107.245,1123.64,528714700
2016-06-29,1126.656,1132.101,1124.676,1128.672,551706200
2016-06-30,1132.031,1134.941,1125.756,1130.436,471888100
2016-07-01,1129.918,1139.409,1128.55,1132.305,452283700
2016-07-04,1127.737,1159.818,1125.241,1159.161,724412600
2016-07-05,1162.064,1164.467,1154.799,1161.69,762851100
2016-07-06,1155.722,1173.636,1154.325,1173.19,817844600
2016-07-07,1172.62,1189.565,1172.459,1183.879,877845600
2016-07-08,1181.722,1184.915,1174.098,1175.867,534137200
2016-07-11,1176.476,1192.631,1171.452,1177.329,718369800
2016-07-12,1177.229,1207.066,1177.229,1206.81,861092100
2016-07-13,1207.55,1209.683,1199.862,1207.231,889109300
2016-07-14,1204.902,1205.409,1193.387,1203.035,630783300
2016-07-15,1205.834,1209.515,1194.072,1199.618,664282400
2016-07-18,1197.429,1206.348,1187.304,1201.136,710499300
2016-07-19,1198.253,1202.718,1188.26,1199.773,649131700
2016-07-20,1198.54,1203.073,1192.892,1196.565,489582200
2016-07-21,1197.392,1203.922,1192.338,1196.614,495784500
2016-07-22,1193.948,1195.937,1178.837,1179.981,463059100
2016-07-25,1179.964,1189.976,1176.495,1183.501,405053300
2016-07-26,1184.316,1205.51,1182.881,1205.045,507697700
2016-07-27,1206.237,1212.892,1144.042,1162.344,889798900
2016-07-28,1160.616,1174.642,1151.926,1170.134,583518100
2016-07-29,1170.031,1173.101,1158.108,1163.163,413098700
2016-08-01,1159.873,1159.873,1134.748,1147.472,404586600
2016-08-02,1144.737,1161.302,1144.471,1161.241,346399300
2016-08-03,1157.921,1166.52,1155.913,1165.45,382125300
2016-08-04,1163.037,1166.899,1159.963,1165.946,329445800
2016-08-05,1168.594,1174.878,1163.88,1165.945,392681300
2016-08-08,1165.349,1176.584,1159.979,1176.456,387508000
2016-08-09,1173.244,1189.194,1172.533,1188.942,409114200
2016-08-10,1187.413,1188.191,1178.86,1180.115,336179900
2016-08-11,1178.012,1182.664,1162.951,1163.116,355378600
2016-08-12,1162.96,1174.047,1157.938,1173.615,320029200
2016-08-15,1174.439,1199.61,1174.204,1197.824,635245500
2016-08-16,1197.749,1207.443,1197.311,1203.969,582222900
2016-08-17,1201.759,1210.083,1198.995,1206.63,472691700
2016-08-18,1206.382,1210.697,1198.917,1204.282,527503400
2016-08-19,1203.568,1208.774,1197.024,1205.393,433875700
2016-08-22,1211.012,1215.404,1199.535,1199.867,502801500
2016-08-23,1197.32,1205.426,1194.52,1203.453,473329200
2016-08-24,1204.93,1209.527,1199.249,1201.873,439035300
2016-08-25,1196.567,1198.958,1183.415,1195.724,547869300
2016-08-26,1196.526,1207.256,1195.75,1199.781,485661600
2016-08-29,1198.441,1198.54,1187.306,1192.185,485409400
2016-08-30,1192.115,1195.446,1188.379,1191.484,366261700
2016-08-31,1192.678,1196.382,1187.189,1193.923,347994800
2016-09-01,1194.021,1196.624,1187.568,1187.844,342249200
2016-09-02,1186.266,1194.77,1182.006,1187.616,413566400
2016-09-05,1188.998,1195.557,1186.729,1191.065,376833200
2016-09-06,1191.162,1204.413,1181.094,1204.249,468846500
2016-09-07,1203.625,1208.446,1200.582,1203.287,500364700
2016-09-08,1201.892,1207.036,1201.23,1206.498,416439300
2016-09-09,1204.71,1210.132,1200.355,1200.597,478716000
2016-09-12,1181.837,1188.095,1172.403,1173.627,599266000
2016-09-13,1178.559,1182.916,1175.52,1182.174,403597700
2016-09-14,1175.973,1182.08,1171.066,1175.566,358149700
2016-09-19,1177.032,1187.675,1177.032,1187.625,301140100
2016-09-20,1186.553,1190.793,1183.786,1189.094,304435400
2016-09-21,1188.255,1188.651,1182.285,1184.884,335322800
2016-09-22,1190.926,1195.522,1189.449,1192.427,394147600
2016-09-23,1192.475,1195.392,1190.039,1191.659,347125900
2016-09-26,1190.394,1192.275,1167.502,1168.324,422631900
2016-09-27,1167.504,1175.24,1160.297,1175.159,320441300
2016-09-28,1178.103,1178.103,1169.439,1172.332,239407100
2016-09-29,1173.297,1181.315,1172.398,1176.616,297689100
2016-09-30,1175.54,1182.686,1173.414,1180.83,285710500
2016-10-10,1186.762,1201.93,1183.737,1201.354,386653100
2016-10-11,1200.36,1204.746,1198.917,1204.191,349471500
2016-10-12,1203.082,1205.04,1199.339,1204.612,421219700
2016-10-13,1204.28,1205.917,1200.726,1202.654,396103700
2016-10-14,1201.838,1208.556,1197.004,1206.994,408655800
2016-10-17,1206.762,1208.701,1191.825,1195.699,397940000
2016-10-18,1194.672,1213.205,1194.672,1212.969,442740500
2016-10-19,1213.366,1213.823,1204.632,1208.175,391866400
2016-10-20,1210.263,1211.495,1205.129,1209.267,433752700
2016-10-21,1208.399,1211.317,1197.457,1206.101,393488100
2016-10-24,1210.766,1219.744,1208.635,1218.247,623378000
2016-10-25,1218.042,1223.923,1216.87,1223.646,511282300
2016-10-26,1223.71,1228.174,1219.69,1227.042,696571000
2016-10-27,1223.416,1225.382,1217.464,1222.968,454799100
2016-10-28,1222.486,1225.63,1211.522,1212.449,474811700
2016-10-31,1210.922,1213.004,1203.685,1212.383,386830300
2016-11-01,1213.812,1223.711,1212.831,1223.364,377316900
2016-11-02,1222.422,1223.088,1213.752,1215.639,373382100
2016-11-03,1212.637,1227.839,1210.493,1222.711,484346700
2016-11-04,1223.045,1224.792,1214.657,1217.184,546267600
2016-11-07,1216.044,1222.79,1213.247,1220.519,527343300
2016-11-08,1223.121,1230.472,1221.634,1227.307,494028600
2016-11-09,1227.245,1227.556,1201.705,1216.361,634193500
2016-11-10,1225.073,1237.26,1224.631,1237.211,636846400
2016-11-11,1236.513,1247.368,1235.936,1244.381,747873700
2016-11-14,1243.867,1249.631,1240.047,1249.105,765117400
2016-11-15,1249.895,1255.226,1243.736,1254.922,606279600
2016-11-16,1254.568,1255.737,1249.327,1251.927,489101100
2016-11-17,1250.14,1254.44,1246.271,1252.748,473875100
2016-11-18,1252.824,1256.848,1250.317,1252.4,497114700
2016-11-21,1251.55,1257.752,1248.051,1252.098,612096300
2016-11-22,1254.837,1261.122,1254.837,1260.02,557145900
2016-11-23,1262.205,1267.921,1253.05,1257.457,653779600
2016-11-24,1257.6,1272.612,1256.414,1264.46,792105200
2016-11-25,1265.27,1270.695,1246.608,1270.192,652993400
2016-11-28,1273.635,1278.409,1269.825,1273.609,1009127800
2016-11-29,1273.629,1288.742,1271.407,1272.989,1200129100
2016-11-30,1269.899,1269.899,1259.349,1264.346,876832000
2016-12-01,1265.562,1272.301,1264.336,1271.07,734045500
2016-12-02,1268.337,1268.86,1243.793,1244.175,652025000
2016-12-05,1223.005,1235.498,1221.102,1227.979,629925500
2016-12-06,1228.894,1234.237,1226.176,1227.267,406754700
2016-12-07,1226.992,1241.817,1226.561,1241.475,409707300
2016-12-08,1244.03,1246.128,1239.278,1240.813,386477400
2016-12-09,1241.774,1247.491,1238.711,1243.831,421839700
2016-12-12,1242.005,1248.017,1199.003,1200.098,649925700
2016-12-13,1197.755,1221.899,1195.405,1221.495,508435200
2016-12-14,1217.662,1232.534,1214.987,1216.12,536492800
2016-12-15,1212.727,1224.221,1210.235,1220.322,470356600
2016-12-16,1217.808,1233.756,1215.617,1233.561,532419200
2016-12-19,1235.965,1246.872,1230.588,1244.951,676217000
2016-12-20,1242.524,1242.974,1228.156,1234.133,498588800
2016-12-21,1236.112,1248.393,1235.345,1246.361,555051500
2016-12-22,1244.05,1252.507,1239.353,1248.437,467098300
2016-12-23,1248.116,1250.294,1233.988,1234.825,494196900
2016-12-26,1232.299,1238.165,1219.801,1238.109,496212800
2016-12-27,1235.769,1240.826,1233.317,1234.887,383196200
2016-12-28,1233.224,1236.289,1221.037,1223.606,340949200
2016-12-29,1221.609,1226.059,1215.003,1218.137,325058400
2016-12-30,1217.435,1231.424,1217.252,1226.842,349488700
2017-01-03,1228.976,1241.035,1228.976,1240.66,395187200
2017-01-04,1240.646,1256.762,1239.577,1254.301,495970500
2017-01-05,1253.469,1259.807,1252.295,1255.837,443196300
2017-01-06,1254.392,1256.171,1249.314,1252.444,519299400
2017-01-09,1250.751,1259.054,1248.228,1258.959,429684000
2017-01-10,1257.1,1257.769,1244.948,1246.097,470656500
2017-01-11,1242.694,1245.588,1230.603,1230.828,390892800
2017-01-12,1231.066,1233.6,1216.934,1218.372,350078100
2017-01-13,1218.922,1220.268,1199.282,1206.692,403523000
2017-01-16,1203.649,1203.778,1150.36,1181.356,611752400
2017-01-17,1174.593,1185.435,1159.793,1184.946,317769000
2017-01-18,1182.321,1187.375,1177.018,1183.988,286972500
2017-01-19,1181.732,1185.683,1173.167,1176.212,302687800
2017-01-20,1174.298,1193.196,1174.13,1190.917,306660100
2017-01-23,1190.948,1199.905,1190.948,1198.214,311036400
2017-01-24,1197.382,1199.206,1192.874,1194.951,275293700
2017-01-25,1192.687,1198.21,1190.689,1196.454,205921400
2017-01-26,1196.669,1202.678,1196.494,1199.976,214823800
2017-02-03,1199.76,1201.106,1193.085,1195.983,199393500
2017-02-06,1199.0,1208.032,1196.378,1207.654,358214100
2017-02-07,1207.535,1207.535,1198.825,1206.75,334119900
2017-02-08,1204.992,1212.832,1197.592,1212.59,344607400
2017-02-09,1211.19,1218.676,1210.408,1218.259,428090500
2017-02-10,1217.117,1221.742,1214.962,1217.31,452358600
2017-02-13,1216.065,1231.16,1213.294,1231.16,461421900
2017-02-14,1230.263,1230.346,1222.748,1227.487,465725400
2017-02-15,1228.301,1229.923,1216.638,1220.155,548874800
2017-02-16,1219.619,1226.662,1216.17,1226.054,424824600
2017-02-17,1225.038,1228.403,1216.5,1220.273,450045900
2017-02-20,1219.314,1235.944,1219.011,1235.196,476527000
2017-02-21,1236.368,1244.321,1234.721,1243.747,528273800
2017-02-22,1242.556,1256.224,1240.977,1255.964,589348900
2017-02-23,1254.595,1254.595,1239.504,1247.494,446803900
2017-02-24,1245.4,1249.347,1241.834,1246.573,395266600
2017-02-27,1244.312,1245.113,1233.58,1234.409,392196100
2017-02-28,1233.978,1238.435,1230.221,1235.796,306666700
2017-03-01,1235.088,1241.153,1232.885,1238.64,369545400
2017-03-02,1239.003,1241.854,1233.255,1233.704,393690700
2017-03-03,1231.767,1236.07,1227.176,1235.838,344296600
2017-03-06,1235.135,1243.714,1235.135,1243.421,348157400
2017-03-07,1242.942,1247.471,1238.072,1247.291,407248200
2017-03-08,1248.02,1248.037,1240.725,1245.851,348688700
2017-03-09,1244.649,1244.649,1228.932,1231.403,400715300
2017-03-10,1230.477,1234.295,1228.774,1232.362,343947100
2017-03-13,1232.947,1241.907,1221.244,1241.715,422752500
2017-03-14,1241.571,1242.064,1231.074,1233.245,394644600
2017-03-15,1231.962,1232.505,1226.218,1231.602,387675200
2017-03-16,1233.44,1243.2,1233.44,1242.95,535438600
2017-03-17,1242.446,1244.268,1231.011,1232.768,453797200
2017-03-20,1230.911,1238.231,1229.048,1237.67,368052900
2017-03-21,1237.616,1244.553,1236.383,1244.168,419157600
2017-03-22,1237.639,1241.173,1227.999,1239.106,458860800
2017-03-23,1241.231,1251.005,1232.182,1244.664,533672600
2017-03-24,1244.245,1246.383,1238.301,1245.492,468060900
2017-03-27,1244.316,1246.478,1238.488,1240.582,371428300
2017-03-28,1239.126,1239.966,1233.167,1235.268,348797100
2017-03-29,1235.45,1237.302,1226.333,1228.313,321949500
2017-03-30,1226.945,1228.031,1210.949,1217.59,441433400
2017-03-31,1217.416,1222.895,1215.789,1221.962,310222100
2017-04-05,1229.276,1246.027,1229.276,1245.954,596561700
2017-04-06,1242.838,1242.838,1234.574,1238.999,436272300
2017-04-07,1241.705,1245.395,1238.668,1242.996,427012200
2017-04-10,1240.933,1242.123,1236.516,1238.969,427647600
2017-04-11,1236.649,1242.415,1224.309,1242.066,539345000
2017-04-12,1242.897,1242.897,1231.197,1232.832,441100900
2017-04-13,1230.091,1236.775,1228.209,1235.244,333428900
2017-04-14,1235.8,1235.8,1216.322,1217.679,366164000
2017-04-17,1214.213,1218.009,1206.688,1215.135,337490200
2017-04-18,1211.472,1217.366,1205.529,1205.939,364876500
2017-04-19,1201.44,1202.897,1178.531,1189.176,421687800
2017-04-20,1190.181,1202.448,1190.181,1196.908,444329100
2017-04-21,1198.561,1199.641,1189.023,1191.479,322392100
2017-04-24,1189.896,1191.086,1163.172,1167.278,317136100
2017-04-25,1167.905,1175.745,1165.723,1170.185,242010000
2017-04-26,1170.1,1178.86,1169.304,1172.454,231798400
2017-04-27,1169.495,1171.972,1145.552,1169.877,314302500
2017-04-28,1165.244,1171.519,1164.396,1169.889,315415500
2017-05-02,1166.246,1174.346,1161.534,1174.065,287481800
2017-05-03,1170.188,1174.685,1162.731,1167.285,318175200
2017-05-04,1165.189,1173.127,1158.213,1164.82,277588900
2017-05-05,1161.414,1162.719,1143.73,1144.829,345607300
2017-05-08,1141.375,1141.415,1125.345,1129.035,345571100
2017-05-09,1124.665,1124.679,1108.192,1121.96,263630300
2017-05-10,1122.49,1128.041,1098.85,1099.445,297453200
2017-05-11,1096.011,1096.79,1071.294,1093.818,412402000
2017-05-12,1090.987,1097.765,1085.912,1092.376,245465900
2017-05-15,1093.087,1102.272,1092.863,1100.398,260045100
2017-05-16,1099.342,1120.404,1090.321,1120.211,325094000
2017-05-17,1120.793,1126.729,1118.251,1119.791,296112100
2017-05-18,1112.343,1120.515,1108.889,1113.255,244941100
2017-05-19,1112.421,1120.041,1111.0,1118.083,347102900
2017-05-22,1116.071,1123.791,1100.939,1105.564,386555800
2017-05-23,1103.719,1104.318,1082.944,1083.402,405874900
2017-05-24,1081.047,1085.462,1063.864,1085.18,367970700
2017-05-25,1083.313,1097.6,1077.988,1094.939,382887900
2017-05-26,1091.364,1094.477,1086.592,1088.294,416552900
2017-05-31,1095.652,1100.563,1088.37,1089.156,321940400
2017-06-01,1087.162,1087.639,1072.074,1072.83,304380500
2017-06-02,1071.247,1081.977,1059.851,1078.708,318770400
2017-06-05,1078.083,1088.308,1078.083,1086.294,257253300
2017-06-06,1085.601,1094.496,1082.99,1094.428,246485300
2017-06-07,1093.58,1116.651,1092.501,1115.424,411860800
2017-06-08,1115.21,1124.259,1113.185,1123.882,404908700
2017-06-09,1121.468,1126.542,1117.625,1125.749,372194600
2017-06-12,1121.619,1123.027,1113.555,1114.975,306584900
2017-06-13,1113.246,1128.023,1112.552,1127.313,263153300
2017-06-14,1125.01,1128.309,1118.872,1121.985,310460600
2017-06-15,1119.468,1130.382,1118.861,1128.206,323272900
2017-06-16,1127.669,1129.681,1122.068,1124.703,223654300
2017-06-19,1124.835,1136.788,1124.373,1136.367,279094500
2017-06-20,1136.863,1139.283,1129.186,1132.422,318255600
2017-06-21,1134.729,1140.848,1130.018,1140.635,313004000
2017-06-22,1140.199,1141.905,1123.716,1124.016,370496400
2017-06-23,1123.257,1131.069,1112.524,1130.643,336773300
2017-06-26,1130.447,1145.724,1130.184,1145.393,379915700
2017-06-27,1144.835,1151.131,1142.943,1149.947,292597200
2017-06-28,1148.466,1148.497,1138.577,1140.137,322944000
2017-06-29,1140.734,1149.514,1140.734,1148.955,295952900
2017-06-30,1149.029,1157.378,1147.145,1156.611,283660800
2017-07-03,1157.453,1158.883,1149.886,1156.942,373595600
2017-07-04,1153.664,1154.612,1145.364,1147.861,308117200
2017-07-05,1146.423,1157.925,1143.462,1157.857,318711500
2017-07-06,1156.909,1157.932,1144.195,1154.532,316993000
2017-07-07,1152.535,1155.29,1149.325,1153.272,326618300
2017-07-10,1152.313,1161.232,1148.9,1158.047,419643600
2017-07-11,1154.921,1161.116,1151.564,1152.649,360117300
2017-07-12,1151.329,1154.039,1139.623,1150.662,335315900
2017-07-13,1148.929,1151.738,1143.483,1147.306,324157600
2017-07-14,1146.544,1150.254,1141.601,1148.92,299411700
2017-07-17,1147.265,1147.265,1100.651,1107.236,413736700
2017-07-18,1104.799,1112.682,1099.411,1112.293,277072300
2017-07-19,1110.371,1134.087,1108.227,1134.025,403683700
2017-07-20,1135.788,1148.151,1135.551,1147.268,479615400
2017-07-21,1144.467,1149.967,1142.585,1148.028,390125800
2017-07-24,1146.285,1161.249,1144.189,1160.763,474380900
2017-07-25,1158.9,1158.902,1144.345,1151.52,356091100
2017-07-26,1150.093,1152.589,1141.396,1149.849,382923600
2017-07-27,1148.509,1159.036,1144.976,1157.246,463296200
2017-07-28,1155.443,1163.639,1152.596,1160.327,373300600
2017-07-31,1159.469,1180.265,1159.431,1179.749,549915400
2017-08-01,1180.476,1188.592,1176.386,1181.037,558988500
2017-08-02,1180.227,1180.788,1169.005,1169.978,476456400
2017-08-03,1167.324,1175.65,1164.167,1168.832,408881100
2017-08-04,1169.461,1171.201,1157.859,1158.284,418389100
2017-08-07,1157.703,1170.883,1155.193,1170.612,345584100
2017-08-08,1170.375,1180.57,1170.076,1180.082,541329000
2017-08-09,1177.209,1190.31,1176.788,1188.647,534106300
2017-08-10,1187.952,1189.059,1170.814,1179.033,448166800
2017-08-11,1171.461,1177.753,1157.302,1158.108,395210900
2017-08-14,1159.473,1182.565,1159.473,1182.027,353926400
2017-08-15,1183.801,1188.923,1180.167,1187.731,300176600
2017-08-16,1185.932,1186.834,1179.256,1184.352,249031500
2017-08-17,1184.318,1188.163,1181.322,1186.815,263756100
2017-08-18,1182.747,1190.573,1179.768,1190.011,384582800
2017-08-21,1194.264,1203.716,1194.264,1202.208,405234500
2017-08-22,1203.198,1204.226,1193.397,1198.824,398655300
2017-08-23,1197.614,1198.968,1184.905,1189.606,287470200
2017-08-24,1187.42,1189.401,1174.033,1177.363,289550100
2017-08-25,1177.071,1190.566,1177.071,1188.518,247362300
2017-08-28,1190.084,1197.597,1190.084,1193.287,429197400
2017-08-29,1193.342,1195.274,1188.859,1192.69,353820500
2017-08-30,1193.016,1205.465,1192.695,1203.266,429591300
2017-08-31,1205.296,1209.032,1201.089,1208.689,569163700
2017-09-01,1208.076,1219.041,1207.933,1218.905,539288600
2017-09-04,1219.955,1222.229,1214.138,1221.832,478052300
2017-09-05,1219.905,1224.205,1217.432,1223.629,392715100
2017-09-06,1222.42,1225.025,1217.932,1224.196,367658500
2017-09-07,1224.897,1226.014,1208.462,1209.955,434477800
2017-09-08,1210.034,1218.61,1210.001,1216.587,376163500
2017-09-11,1216.962,1222.551,1213.168,1222.295,482061900
2017-09-12,1222.812,1229.095,1216.78,1220.006,510266500
2017-09-13,1222.593,1236.465,1222.593,1235.955,480083300
2017-09-14,1237.662,1243.26,1233.021,1238.742,487667800
2017-09-15,1237.163,1238.604,1229.863,1235.93,409920400
2017-09-18,1235.666,1255.204,1234.742,1254.53,414309000
2017-09-19,1255.233,1257.921,1243.209,1247.402,459215600
2017-09-20,1246.367,1259.531,1245.759,1257.453,420021600
2017-09-21,1257.742,1259.472,1245.384,1245.878,390058100
2017-09-22,1243.596,1245.977,1237.576,1241.11,348622200
2017-09-25,1241.119,1252.183,1240.857,1242.42,361065300
2017-09-26,1241.822,1246.572,1236.645,1246.282,355415500
2017-09-27,1246.645,1249.866,1240.615,1246.975,279840900
2017-09-28,1246.765,1256.628,1244.983,1254.561,326005100
2017-09-29,1257.098,1267.254,1256.533,1265.783,366555900
2017-10-09,1277.978,1284.643,1271.912,1283.613,426307000
2017-10-10,1282.112,1289.524,1276.862,1289.317,406112000
2017-10-11,1289.949,1310.096,1289.628,1308.58,477277600
2017-10-12,1306.593,1306.935,1295.613,1302.019,364339800
2017-10-13,1300.015,1303.661,1297.926,1301.712,326673200
2017-10-16,1303.966,1309.86,1282.524,1283.036,438577400
2017-10-17,1281.068,1290.53,1274.977,1286.767,281089000
2017-10-18,1286.579,1293.35,1279.486,1284.669,367062900
2017-10-19,1282.232,1283.865,1273.775,1276.822,364398800
2017-10-20,1268.845,1284.375,1268.845,1284.215,359198100
2017-10-23,1283.974,1288.066,1282.291,1287.65,332732000
2017-10-24,1287.697,1294.823,1285.322,1294.211,310206900
2017-10-25,1293.954,1300.804,1292.896,1300.501,265148000
2017-10-26,1302.943,1317.761,1301.695,1311.43,435308600
2017-10-27,1308.54,1316.472,1305.9,1315.994,382632800
2017-10-30,1313.579,1313.974,1279.003,1292.823,439012200
2017-10-31,1287.542,1290.143,1278.482,1287.84,361200900
2017-11-01,1289.63,1293.191,1281.083,1281.778,380910700
2017-11-02,1279.123,1280.24,1270.071,1276.128,334374400
2017-11-03,1275.303,1284.07,1265.221,1274.127,358622100
2017-11-06,1273.779,1301.593,1273.303,1301.281,353690000
2017-11-07,1302.835,1310.901,1297.474,1304.567,374894000
2017-11-08,1304.78,1312.302,1298.646,1301.229,367720700
2017-11-09,1300.205,1312.285,1299.138,1311.792,349887100
2017-11-10,1311.519,1328.831,1307.879,1328.171,440122600
2017-11-13,1330.419,1335.397,1321.771,1327.642,417506600
2017-11-14,1325.249,1330.789,1307.507,1312.222,464352000
2017-11-15,1311.321,1312.628,1293.49,1301.769,352743100
2017-11-16,1301.263,1322.152,1299.329,1320.695,385892800
2017-11-17,1318.235,1320.8,1289.112,1291.439,551883200
2017-11-20,1286.672,1298.531,1261.672,1297.85,382417800
2017-11-21,1296.0,1316.359,1294.894,1312.423,423162400
2017-11-22,1312.147,1316.209,1285.626,1297.075,401358400
2017-11-23,1290.78,1290.78,1246.947,1248.43,400778400
2017-11-24,1241.469,1252.206,1233.688,1247.05,373675300
2017-11-27,1243.906,1243.906,1224.507,1228.235,305303800
2017-11-28,1228.102,1244.834,1226.888,1244.534,259102100
2017-11-29,1244.207,1245.556,1227.57,1237.351,300587000
2017-11-30,1234.151,1241.777,1218.654,1223.452,284083400
2017-12-01,1224.029,1237.642,1222.488,1231.645,220032500
2017-12-04,1228.971,1241.069,1225.679,1226.963,277849700
2017-12-05,1224.853,1230.481,1197.31,1204.587,392120200
2017-12-06,1201.584,1209.749,1187.402,1209.217,319026800
2017-12-07,1206.804,1208.691,1196.874,1198.065,221517800
2017-12-08,1197.147,1218.218,1197.147,1214.53,257661000
2017-12-11,1212.731,1240.252,1212.31,1239.966,389350100
2017-12-12,1239.55,1241.61,1229.217,1229.856,324203600
2017-12-13,1230.506,1250.437,1228.949,1250.138,333962800
2017-12-14,1251.458,1254.687,1244.586,1254.592,348906700
2017-12-15,1251.807,1253.429,1240.684,1247.413,410321900
2017-12-18,1241.087,1252.828,1238.919,1242.244,355537200
2017-12-19,1240.84,1258.489,1239.929,1258.091,354328200
2017-12-20,1255.742,1262.872,1252.292,1257.953,395887800
2017-12-21,1255.454,1267.312,1244.007,1262.413,431685500
2017-12-22,1263.606,1270.726,1261.308,1264.203,376379200
2017-12-25,1264.301,1267.722,1253.423,1260.583,458242700
2017-12-26,1257.146,1261.08,1245.568,1259.077,454174600
2017-12-27,1255.558,1257.319,1240.548,1245.486,443138600
2017-12-28,1244.328,1256.435,1238.251,1250.791,388391700
2017-12-29,1250.569,1260.799,1250.569,1260.373,383643700
2018-01-02,1262.462,1284.697,1261.719,1284.371,548997500
2018-01-03,1285.381,1298.635,1284.152,1295.834,543367500
2018-01-04,1294.204,1315.731,1292.639,1314.948,574025800
2018-01-05,1313.915,1316.945,1307.554,1310.383,534336900
2018-01-08,1308.161,1316.404,1301.685,1314.266,504121300
2018-01-09,1315.399,1321.701,1312.224,1320.381,511446500
2018-01-10,1320.159,1321.658,1304.983,1315.835,530122200
2018-01-11,1311.936,1311.936,1303.813,1308.6,425672200
2018-01-12,1308.449,1308.737,1297.842,1305.443,386925100
2018-01-15,1309.252,1311.835,1292.621,1296.337,593614600
2018-01-16,1293.632,1323.06,1291.812,1321.409,634922100
2018-01-17,1322.885,1322.885,1301.785,1305.562,698268500
2018-01-18,1304.458,1318.858,1304.458,1315.082,514029800
2018-01-19,1317.627,1322.878,1303.982,1308.872,534031200
2018-01-22,1306.804,1331.821,1305.922,1331.618,516946600
2018-01-23,1331.033,1338.077,1327.587,1337.104,519201900
2018-01-24,1334.223,1336.398,1327.246,1334.919,501312100
2018-01-25,1335.741,1343.976,1330.247,1333.511,544868700
2018-01-26,1332.717,1343.81,1332.026,1336.082,500674700
2018-01-29,1337.046,1341.169,1316.7,1320.155,577653000
2018-01-30,1315.514,1325.365,1314.148,1320.685,445132100
2018-01-31,1312.922,1315.953,1295.531,1304.239,498639600
2018-02-01,1303.311,1307.497,1258.934,1266.141,570611500
2018-02-02,1254.524,1267.499,1231.385,1266.084,503532500
2018-02-05,1252.275,1268.342,1247.383,1266.12,601259800
2018-02-06,1238.264,1241.293,1194.662,1196.618,698919800
2018-02-07,1218.457,1224.737,1181.071,1187.676,550167200
2018-02-08,1184.523,1205.981,1182.777,1197.152,363209700
2018-02-09,1165.539,1171.381,1134.595,1155.313,565831500
2018-02-12,1158.209,1198.965,1158.209,1191.197,350755200
2018-02-13,1198.411,1215.617,1196.749,1200.085,367398100
2018-02-14,1198.5,1207.548,1196.088,1206.114,230828200
2018-02-22,1220.148,1244.898,1215.176,1244.331,361458000
2018-02-23,1243.015,1250.589,1235.155,1248.731,433012800
2018-02-26,1255.094,1270.754,1254.104,1269.806,490393100
2018-02-27,1270.143,1270.248,1251.045,1258.479,409739300
2018-02-28,1247.542,1257.478,1240.294,1249.404,410292100
2018-03-01,1242.416,1256.574,1239.313,1254.132,363163400
2018-03-02,1245.516,1252.877,1241.696,1246.096,376863200
2018-03-05,1247.509,1250.715,1232.564,1235.901,329604100
2018-03-06,1241.163,1260.696,1231.355,1260.555,488319800
2018-03-07,1259.311,1262.678,1239.946,1241.353,493295300
2018-03-08,1238.184,1255.35,1238.145,1254.993,453782100
2018-03-09,1255.871,1270.54,1254.889,1270.268,436105500
2018-03-12,1271.675,1284.312,1270.878,1282.914,529563800
2018-03-13,1281.587,1287.741,1273.572,1274.531,499616400
2018-03-14,1269.232,1272.464,1264.483,1266.353,383299500
2018-03-15,1265.222,1271.743,1258.389,1267.724,422475700
2018-03-16,1265.88,1273.248,1256.138,1256.495,351050200
2018-03-19,1254.033,1256.981,1242.022,1254.3,340769300
2018-03-20,1246.246,1255.336,1241.627,1255.107,356019700
2018-03-21,1256.903,1269.321,1251.276,1254.471,426328700
2018-03-22,1255.253,1260.776,1242.265,1249.18,508567200
2018-03-23,1219.827,1247.87,1206.112,1221.234,1095293100
2018-03-26,1210.72,1226.92,1194.504,1226.417,897343000
2018-03-27,1231.887,1240.582,1229.168,1240.482,722197900
2018-03-28,1225.904,1231.413,1203.086,1203.825,582361200
2018-03-29,1206.612,1226.676,1195.818,1224.544,471793900
2018-03-30,1224.384,1229.483,1218.324,1225.829,437349000
2018-04-02,1230.405,1238.189,1226.314,1232.942,516911900
2018-04-03,1221.037,1232.889,1216.207,1231.607,510205100
2018-04-04,1236.095,1258.896,1235.428,1255.827,753354600
2018-04-09,1251.241,1252.71,1234.608,1240.083,698675400
2018-04-10,1237.477,1245.795,1228.11,1245.125,553412200
2018-04-11,1250.311,1258.546,1248.754,1257.026,488805900
2018-04-12,1252.637,1255.325,1244.97,1247.954,403778500
2018-04-13,1251.355,1254.451,1233.954,1236.816,351153300
2018-04-16,1232.965,1238.07,1213.162,1220.484,381151900
2018-04-17,1222.139,1224.481,1205.953,1207.466,469125700
2018-04-18,1211.246,1218.265,1192.866,1217.794,523629400
2018-04-19,1215.431,1237.611,1213.003,1232.69,474109200
2018-04-20,1232.66,1235.828,1211.143,1212.086,428123200
2018-04-23,1209.77,1218.825,1196.584,1208.659,407863200
2018-04-24,1214.694,1245.957,1214.694,1242.108,485668500
2018-04-25,1238.772,1249.395,1237.026,1248.263,362837400
2018-04-26,1246.317,1246.848,1224.415,1225.744,365826700
2018-04-27,1222.142,1223.004,1206.708,1215.108,566208400
2018-05-02,1211.457,1230.893,1210.695,1230.527,492661000
2018-05-03,1227.369,1240.068,1222.137,1239.694,456424200
2018-05-04,1237.263,1250.509,1234.916,1246.673,408443200
2018-05-07,1246.261,1274.505,1245.769,1274.326,536633900
2018-05-08,1271.814,1281.43,1270.033,1281.183,445589700
2018-05-09,1279.059,1279.826,1269.169,1276.265,384080800
2018-05-10,1276.932,1286.892,1272.579,1279.807,393451900
2018-05-11,1282.119,1286.111,1274.242,1275.616,372224600
2018-05-14,1272.259,1285.765,1272.224,1278.596,400073000
2018-05-15,1280.89,1299.464,1279.798,1299.131,431711800
2018-05-16,1295.869,1319.183,1294.345,1310.742,560638300
2018-05-17,1310.596,1312.539,1302.061,1305.014,482739700
2018-05-18,1305.63,1313.983,1299.73,1311.698,500276600
2018-05-21,1315.625,1332.237,1311.292,1327.404,577998200
2018-05-22,1326.43,1337.406,1325.133,1336.976,435549000
2018-05-23,1334.465,1336.327,1313.711,1314.282,487997600
2018-05-24,1317.026,1320.536,1304.281,1308.072,433430000
2018-05-25,1306.863,1308.01,1288.029,1293.125,431963000
2018-05-28,1290.856,1304.082,1282.625,1299.963,433306600
2018-05-29,1298.755,1314.478,1291.837,1292.804,523998200
2018-05-30,1275.253,1300.334,1267.772,1280.691,687169400
2018-05-31,1289.299,1315.134,1286.679,1313.128,753511500
2018-06-01,1304.534,1312.098,1276.858,1284.803,588684200
2018-06-04,1282.698,1299.743,1280.211,1296.534,466662200
2018-06-05,1291.036,1310.083,1286.681,1309.885,417433000
2018-06-06,1307.071,1308.899,1298.222,1304.493,552717000
2018-06-07,1307.697,1308.368,1291.595,1296.653,470165900
2018-06-08,1293.813,1294.239,1274.842,1281.823,418238600
2018-06-11,1275.956,1275.987,1252.118,1258.1,441410400
2018-06-12,1262.949,1288.104,1257.183,1287.8,468828400
2018-06-13,1285.69,1289.17,1266.685,1269.814,409508900
2018-06-14,1267.727,1274.057,1251.746,1259.292,378378800
2018-06-15,1256.575,1262.109,1226.924,1232.953,448701500
2018-06-19,1220.68,1228.055,1151.924,1173.42,728816400
2018-06-20,1164.754,1193.237,1159.416,1185.995,586639100
2018-06-21,1185.609,1205.074,1169.069,1170.627,496993200
2018-06-22,1161.47,1183.445,1152.146,1183.11,375822600
2018-06-25,1192.274,1194.098,1175.066,1177.05,368628600
2018-06-26,1160.134,1179.983,1156.225,1177.398,341732800
2018-06-27,1175.904,1178.839,1152.915,1156.545,383488100
2018-06-28,1152.977,1163.461,1141.006,1141.485,357039600
2018-06-29,1143.34,1175.639,1141.521,1173.063,368470700
2018-07-02,1172.81,1180.268,1148.981,1157.892,426197500
2018-07-03,1158.954,1164.819,1123.225,1160.162,445902600
2018-07-04,1155.169,1160.023,1143.119,1148.938,381019100
2018-07-05,1145.746,1153.112,1112.153,1114.647,437864600
2018-07-06,1117.561,1140.401,1097.892,1133.985,573016100
2018-07-09,1135.891,1174.599,1135.891,1174.133,496444200
2018-07-10,1178.137,1182.722,1167.002,1178.982,393395500
2018-07-11,1161.18,1171.638,1154.002,1171.003,430652700
2018-07-12,1167.725,1197.524,1166.905,1193.334,512546400
2018-07-13,1192.851,1212.242,1189.676,1210.997,428698400
2018-07-16,1208.31,1214.671,1200.634,1208.794,356840700
2018-07-17,1208.582,1209.148,1194.209,1208.748,382050900
2018-07-18,1208.056,1218.729,1201.045,1202.072,488005300
2018-07-19,1202.02,1206.147,1184.752,1190.953,397592900
2018-07-20,1190.301,1201.907,1182.452,1198.665,368739400
2018-07-23,1193.448,1207.538,1192.14,1206.826,525569200
2018-07-24,1206.818,1232.684,1204.36,1228.62,654069200
2018-07-25,1228.19,1230.707,1219.723,1223.995,449256000
2018-07-26,1222.213,1224.59,1210.766,1214.168,498598700
2018-07-27,1216.367,1220.764,1207.278,1215.296,447694300
2018-07-30,1212.835,1214.307,1187.675,1194.001,493332300
2018-07-31,1194.677,1201.678,1190.206,1199.274,383185100
2018-08-01,1202.996,1205.794,1178.328,1178.694,396816200
2018-08-02,1175.933,1175.946,1138.239,1165.757,521645800
2018-08-03,1163.742,1171.645,1149.669,1151.315,436950700
2018-08-06,1146.079,1146.079,1105.88,1111.019,516586200
2018-08-07,1109.93,1141.475,1104.161,1141.274,479978000
2018-08-08,1136.255,1138.786,1121.111,1127.293,565752900
2018-08-09,1122.391,1157.545,1120.28,1154.742,550137500
2018-08-10,1152.117,1166.066,1150.792,1158.488,525339000
2018-08-13,1144.497,1158.53,1138.812,1157.762,442728100
2018-08-14,1158.481,1163.757,1154.028,1159.489,382859700
2018-08-15,1158.816,1160.583,1131.612,1132.148,383544600
2018-08-16,1116.852,1137.185,1109.918,1121.056,365473200
2018-08-17,1129.597,1133.624,1089.002,1090.259,383110000
2018-08-20,1093.03,1100.346,1076.374,1097.496,364379300
2018-08-21,1100.853,1127.965,1100.25,1127.965,418005600
2018-08-22,1122.499,1127.41,1117.648,1126.04,421865500
2018-08-23,1127.565,1136.467,1123.037,1133.443,379145600
2018-08-24,1130.978,1135.348,1123.435,1127.959,294097700
2018-08-27,1129.29,1153.707,1129.29,1153.215,432043400
2018-08-28,1153.963,1162.648,1153.357,1159.927,407613400
2018-08-29,1159.405,1159.642,1151.991,1156.565,353542500
2018-08-30,1154.922,1159.488,1140.948,1141.971,323272500
2018-08-31,1135.569,1141.196,1125.162,1128.291,483403700
2018-09-03,1128.128,1130.048,1115.182,1128.534,415108700
2018-09-04,1130.208,1143.062,1125.865,1140.691,423712000
2018-09-05,1133.193,1134.813,1119.759,1119.759,403728600
2018-09-06,1115.935,1123.368,1105.857,1108.572,373880300
2018-09-07,1110.823,1126.721,1101.026,1109.229,370934500
2018-09-10,1110.075,1113.014,1085.545,1085.957,348239300
2018-09-11,1084.12,1088.047,1066.722,1077.701,360856500
2018-09-12,1076.417,1080.398,1068.003,1070.758,281662600
2018-09-13,1080.954,1086.081,1062.704,1078.204,307795600
2018-09-14,1081.048,1086.042,1075.262,1078.109,274863000
2018-09-17,1077.384,1077.646,1064.273,1066.232,288020000
2018-09-18,1063.341,1085.308,1062.123,1084.915,333971200
2018-09-19,1081.946,1108.141,1079.327,1099.809,381263200
2018-09-20,1098.961,1107.73,1096.459,1100.892,278089100
2018-09-21,1103.834,1129.466,1101.604,1128.794,386955200
2018-09-25,1121.047,1131.765,1118.338,1131.39,324359100
2018-09-26,1131.689,1160.397,1131.689,1151.535,533551700
2018-09-27,1153.827,1159.363,1145.467,1146.861,396161200
2018-09-28,1148.299,1159.645,1142.976,1158.934,376862500
2018-10-08,1138.336,1145.785,1117.327,1118.928,458389300
2018-10-09,1121.378,1135.731,1119.604,1126.033,412931700
2018-10-10,1130.164,1134.527,1115.422,1126.102,404130400
2018-10-11,1089.898,1102.08,1054.302,1068.252,594606500
2018-10-12,1063.466,1080.31,1040.565,1076.747,497085200
2018-10-15,1076.671,1085.07,1051.382,1054.475,423295000
2018-10-16,1052.691,1060.024,1028.787,1035.377,376314300
2018-10-17,1049.156,1052.662,1008.729,1031.175,459721500
2018-10-18,1023.74,1023.74,997.515,1000.173,378429300
2018-10-19,985.697,1028.304,982.963,1028.304,418316900
2018-10-22,1039.023,1088.985,1038.989,1078.436,599019000
2018-10-23,1077.267,1077.267,1039.334,1048.627,492040600
2018-10-24,1045.12,1056.059,1036.757,1042.034,431879300
2018-10-25,1012.43,1033.14,1008.646,1030.184,434578300
2018-10-26,1031.226,1035.264,1009.691,1013.143,384288100
2018-10-29,1003.278,1003.278,969.56,972.632,466616700
2018-10-30,966.295,990.717,958.025,982.593,475871000
2018-10-31,981.641,1008.97,981.201,1004.515,445933500
2018-11-01,1006.114,1021.145,1005.139,1005.139,492360700
2018-11-02,1020.128,1045.063,1017.979,1044.194,664369700
2018-11-05,1041.944,1049.149,1028.685,1040.414,863931000
2018-11-06,1039.542,1040.108,1026.622,1039.325,559186500
2018-11-07,1038.732,1050.472,1034.368,1037.705,493416800
2018-11-08,1045.185,1047.125,1030.1,1031.646,451394400
2018-11-09,1027.311,1031.653,1021.69,1025.129,334276600
2018-11-12,1024.92,1049.916,1020.183,1048.884,467675400
2018-11-13,1038.658,1068.594,1034.965,1062.781,869305400
2018-11-14,1061.291,1067.404,1051.409,1054.176,689873500
2018-11-15,1050.155,1065.552,1049.56,1065.11,532071900
2018-11-16,1068.258,1077.339,1062.485,1071.997,668874300
2018-11-19,1071.846,1080.077,1067.979,1077.074,734082800
2018-11-20,1069.21,1071.28,1046.85,1047.342,564428400
2018-11-21,1038.061,1056.132,1032.108,1053.432,502075200
2018-11-22,1055.217,1057.41,1045.947,1052.589,409566200
2018-11-23,1051.24,1051.569,1019.252,1020.951,479522100
2018-11-26,1019.981,1024.122,1011.69,1015.809,328096000
2018-11-27,1021.897,1026.728,1016.392,1021.057,336710000
2018-11-28,1021.897,1038.152,1013.837,1037.868,417807200
2018-11-29,1043.101,1045.331,1023.999,1024.313,412889100
2018-11-30,1021.64,1034.021,1018.265,1031.692,385802500
2018-12-03,1055.944,1068.023,1046.955,1065.975,599420200
2018-12-04,1063.144,1072.541,1059.635,1071.217,465301900
2018-12-05,1054.271,1074.258,1051.829,1069.894,440013900
2018-12-06,1065.003,1071.433,1050.605,1050.849,455497100
2018-12-07,1054.087,1056.886,1045.26,1051.982,322330900
2018-12-10,1045.559,1051.66,1038.64,1041.701,364386800
2018-12-11,1044.119,1048.162,1040.153,1048.162,305079000
2018-12-12,1051.045,1054.487,1047.155,1050.913,243421400
2018-12-13,1053.095,1072.15,1046.971,1067.113,373900000
2018-12-14,1065.195,1066.165,1046.922,1048.259,353551900
2018-12-17,1045.313,1049.061,1032.056,1044.551,315133400
2018-12-18,1038.511,1044.447,1027.211,1036.043,294315100
2018-12-19,1035.254,1036.356,1017.037,1017.221,293167100
2018-12-20,1015.416,1022.675,1012.824,1019.817,276567200
2018-12-21,1018.343,1022.38,1005.3,1012.504,275611400
2018-12-24,1013.654,1029.128,1009.374,1029.089,312297300
2018-12-25,1019.744,1026.734,1003.658,1021.815,375155600
2018-12-26,1020.776,1024.4,1013.188,1015.794,306207800
2018-12-27,1027.992,1031.181,1006.969,1006.974,330716700
2018-12-28,1006.831,1012.156,997.783,1011.678,348756600
2019-01-02,1012.527,1013.156,991.954,993.864,258737900
2019-01-03,995.234,999.185,974.598,976.899,295839300
2019-01-04,967.833,995.315,965.746,994.824,341085600
2019-01-07,1000.799,1011.788,997.424,1011.788,393730300
2019-01-08,1009.288,1011.974,1004.238,1010.107,293603500
2019-01-09,1013.563,1033.523,1011.645,1015.784,449543500
2019-01-10,1017.457,1026.158,1012.264,1020.192,412793900
2019-01-11,1018.604,1024.84,1012.489,1023.682,320115200
2019-01-14,1022.434,1023.903,1013.522,1015.143,302401000
2019-01-15,1014.957,1035.209,1012.093,1034.442,377590200
2019-01-16,1034.959,1041.977,1033.001,1037.414,377974300
2019-01-17,1037.746,1040.086,1030.697,1032.61,371975900
2019-01-18,1034.215,1048.278,1032.142,1046.955,432571800
2019-01-21,1049.357,1059.526,1048.638,1057.081,434448800
2019-01-22,1055.047,1055.047,1039.465,1043.879,411688300
2019-01-23,1042.783,1050.095,1040.159,1049.417,425074700
2019-01-24,1050.43,1059.304,1045.28,1055.115,517297500
2019-01-25,1055.822,1065.939,1049.807,1057.234,446540500
2019-01-28,1061.135,1065.508,1047.522,1050.151,364820800
2019-01-29,1049.077,1049.964,1029.578,1044.163,371292800
2019-01-30,1040.9,1043.667,1029.487,1030.019,329393800
2019-01-31,1029.562,1034.863,1017.326,1023.262,366843300
2019-02-01,1025.155,1049.042,1025.155,1048.615,364811900
2019-02-11,1048.903,1077.799,1048.72,1077.799,445196300
2019-02-12,1077.903,1085.927,1075.869,1083.612,466270800
2019-02-13,1084.577,1097.251,1081.176,1094.808,566306700
2019-02-14,1093.747,1104.945,1089.896,1101.656,463639100
2019-02-15,1098.751,1102.223,1090.636,1092.183,506732200
2019-02-18,1098.086,1131.135,1098.086,1130.916,694880000
2019-02-19,1136.523,1138.016,1113.515,1124.65,697525900
2019-02-20,1133.108,1138.873,1112.735,1122.391,691470400
2019-02-21,1121.042,1135.167,1112.362,1116.021,713366200
2019-02-22,1115.368,1133.545,1112.507,1133.545,684803000
2019-02-25,1139.443,1178.554,1136.863,1178.138,1333402400
2019-02-26,1176.504,1193.492,1165.058,1172.48,1365214900
2019-02-27,1169.196,1177.445,1150.033,1159.074,1168146000
2019-02-28,1159.308,1169.612,1156.992,1166.501,861945400
2019-03-01,1174.007,1179.134,1162.068,1179.134,784018400
2019-03-04,1184.811,1208.078,1177.876,1188.868,1239938600
2019-03-05,1185.155,1198.869,1179.198,1198.849,1020706000
2019-03-06,1200.627,1206.648,1185.245,1206.297,1208333700
2019-03-07,1203.186,1215.718,1192.33,1210.002,1251116000
2019-03-08,1190.488,1207.448,1163.793,1164.277,1153155200
2019-03-11,1163.828,1207.122,1163.828,1206.274,956540200
2019-03-12,1212.655,1233.177,1204.732,1221.42,1281900500
2019-03-13,1219.226,1221.334,1197.128,1202.553,1224160400
2019-03-14,1195.397,1202.859,1183.302,1195.166,1151991600
2019-03-15,1201.197,1222.699,1201.197,1214.282,1049533300
2019-03-18,1217.537,1250.727,1215.984,1250.727,1151063500
2019-03-19,1248.889,1248.889,1232.162,1239.055,828347700
2019-03-20,1238.826,1247.989,1222.287,1244.575,956783700
2019-03-21,1242.038,1255.629,1235.044,1250.344,1101363000
2019-03-22,1253.098,1259.502,1234.692,1257.861,1160624000
2019-03-25,1235.181,1270.068,1232.24,1242.014,1132304700
2019-03-26,1247.434,1255.991,1218.808,1221.275,993065400
2019-03-27,1226.241,1257.59,1218.316,1257.59,1116617100
2019-03-28,1247.982,1253.411,1236.603,1236.937,1054673900
2019-03-29,1234.626,1267.987,1230.875,1265.016,1099260700
2019-04-01,1272.806,1306.18,1272.806,1304.859,1243114300
2019-04-02,1312.304,1319.143,1303.478,1312.021,1194009100
2019-04-03,1304.524,1320.44,1300.238,1319.741,985010800
2019-04-04,1332.229,1340.821,1325.346,1336.379,1190981500
2019-04-08,1363.413,1377.047,1343.486,1368.55,1607633300
2019-04-09,1363.027,1363.027,1339.795,1351.102,1216565500
2019-04-10,1344.304,1378.124,1336.951,1362.405,1146571800
2019-04-11,1362.939,1366.976,1323.832,1323.832,1185778400
2019-04-12,1317.172,1328.129,1310.902,1318.242,780096300
2019-04-15,1335.109,1339.676,1307.404,1307.794,883964300
2019-04-16,1302.648,1323.664,1289.135,1323.664,807481900
2019-04-17,1320.768,1337.948,1318.047,1332.575,850715700
2019-04-18,1330.195,1340.982,1324.329,1327.138,789408300
2019-04-19,1327.872,1334.912,1313.663,1333.339,730638200
2019-04-22,1339.614,1350.6,1326.297,1331.403,899878500
2019-04-23,1329.978,1338.604,1313.495,1323.014,967237800
2019-04-24,1326.935,1333.053,1316.917,1332.73,795939900
2019-04-25,1330.999,1335.833,1298.434,1299.31,1137421700
2019-04-26,1289.083,1300.161,1269.272,1271.379,955113500
2019-04-29,1269.125,1280.814,1251.68,1256.919,895199300
2019-04-30,1255.399,1274.32,1255.399,1270.158,653279400
2019-05-06,1233.855,1248.252,1188.478,1203.504,1022871600
2019-05-07,1210.596,1251.008,1204.358,1250.721,1002327500
2019-05-08,1228.063,1260.657,1221.417,1235.977,998808900
2019-05-09,1217.248,1222.673,1197.287,1211.909,801772800
2019-05-10,1220.222,1248.483,1204.752,1247.433,979129500
2019-05-13,1231.292,1248.311,1225.208,1245.249,776873600
2019-05-14,1228.386,1247.47,1226.559,1234.153,758722200
2019-05-15,1243.539,1280.036,1242.732,1277.421,882301000
2019-05-16,1275.685,1294.634,1274.742,1292.285,954641900
2019-05-17,1289.764,1295.472,1257.674,1262.942,1172050700
2019-05-20,1257.437,1257.694,1205.534,1232.068,867980600
2019-05-21,1230.075,1254.315,1224.692,1251.892,720063900
2019-05-22,1247.843,1260.431,1240.387,1249.183,703663000
2019-05-23,1240.69,1240.69,1209.305,1213.929,661409500
2019-05-24,1208.032,1224.819,1199.113,1206.41,536858200
2019-05-27,1208.945,1231.485,1201.025,1230.45,568537500
2019-05-28,1229.431,1253.278,1227.367,1243.009,731913600
2019-05-29,1236.334,1253.309,1233.497,1247.842,696596600
2019-05-30,1245.821,1258.715,1239.883,1258.715,782215800
2019-05-31,1260.791,1266.542,1246.837,1256.499,804295500
2019-06-03,1256.081,1274.481,1250.035,1255.755,946743400
2019-06-04,1251.757,1256.057,1229.442,1234.981,718886300
2019-06-05,1246.003,1259.713,1237.902,1248.853,958002300
2019-06-06,1246.684,1250.332,1218.7,1222.251,824219300
2019-06-10,1227.927,1244.523,1219.843,1243.78,718429800
2019-06-11,1244.519,1284.465,1244.519,1284.465,1001544800
2019-06-12,1277.169,1287.538,1272.492,1282.079,1020579700
2019-06-13,1280.965,1287.395,1265.671,1281.181,942344700
2019-06-14,1281.967,1288.714,1259.982,1261.661,848319100
2019-06-17,1262.159,1270.914,1253.161,1258.776,553847400
2019-06-18,1258.767,1268.449,1256.062,1264.065,528242800
2019-06-19,1284.83,1290.649,1271.947,1274.185,662235900
2019-06-20,1271.706,1304.335,1266.126,1295.928,752412700
2019-06-21,1296.354,1304.127,1287.843,1294.244,700088400
2019-06-24,1295.138,1306.381,1287.548,1306.381,689840200
2019-06-25,1300.393,1300.393,1278.395,1294.716,590712800
2019-06-26,1287.709,1304.051,1284.217,1302.71,573712700
2019-06-27,1303.786,1315.041,1302.602,1311.438,543528600
2019-06-28,1310.221,1310.221,1296.722,1305.201,451300900
2019-07-01,1322.155,1345.017,1313.557,1344.924,634708600
2019-07-02,1343.808,1347.481,1336.92,1343.821,678724800
2019-07-03,1338.006,1345.29,1324.992,1331.08,666565300
2019-07-04,1331.172,1334.512,1305.044,1310.113,605835600
2019-07-05,1316.563,1330.62,1312.413,1328.615,618872100
2019-07-08,1323.812,1323.812,1287.773,1293.929,728525300
2019-07-09,1289.574,1298.271,1282.843,1295.832,538127300
2019-07-10,1299.124,1302.165,1280.847,1284.708,461846500
2019-07-11,1290.563,1297.814,1281.506,1287.304,529076000
2019-07-12,1287.599,1297.072,1283.568,1293.91,506627300
2019-07-15,1287.337,1297.76,1265.311,1291.931,552680800
2019-07-16,1289.562,1291.812,1276.142,1279.337,488951200
2019-07-17,1277.659,1289.363,1275.208,1282.966,582084300
2019-07-18,1278.31,1279.055,1266.861,1267.422,544443000
2019-07-19,1268.903,1280.77,1268.386,1269.42,431521700
2019-07-22,1272.166,1272.166,1246.065,1249.801,489638800
2019-07-23,1251.028,1264.917,1249.284,1264.917,385529700
2019-07-24,1270.671,1278.421,1268.224,1275.138,416869900
2019-07-25,1274.624,1282.701,1269.271,1282.701,425115000
2019-07-26,1278.937,1291.002,1274.182,1289.447,392755300
2019-07-29,1288.507,1294.351,1286.181,1293.689,366211500
2019-07-30,1295.395,1302.738,1293.039,1293.429,410090100
2019-07-31,1290.843,1295.483,1284.095,1284.354,396043800
2019-08-01,1279.662,1288.003,1272.41,1278.523,445808400
2019-08-02,1255.429,1274.807,1252.788,1273.734,529544100
2019-08-05,1268.633,1276.264,1255.439,1255.643,480591500
2019-08-06,1236.262,1237.465,1212.156,1230.159,816039500
2019-08-07,1235.46,1237.638,1226.625,1227.541,533902200
2019-08-08,1228.792,1239.603,1228.792,1236.203,416379400
2019-08-09,1241.103,1243.874,1217.971,1219.532,523657000
2019-08-12,1226.397,1240.099,1215.571,1240.044,557369100
2019-08-13,1229.577,1235.233,1223.637,1231.46,418463300
2019-08-14,1242.441,1244.1,1233.661,1236.895,455108500
2019-08-15,1212.616,1237.229,1210.637,1236.288,437639400
2019-08-16,1236.759,1256.802,1233.716,1251.389,492731600
2019-08-19,1256.787,1274.221,1255.035,1274.216,671846900
2019-08-20,1271.314,1278.574,1267.946,1273.436,658596800
2019-08-21,1269.571,1272.808,1265.566,1270.419,627342400
2019-08-22,1272.797,1280.945,1268.754,1279.512,625596700
2019-08-23,1277.148,1289.137,1272.685,1287.327,550928600
2019-08-26,1267.351,1280.428,1265.973,1279.063,516085500
2019-08-27,1284.302,1304.996,1284.302,1296.299,656753500
2019-08-28,1294.178,1315.958,1291.161,1311.911,657688200
2019-08-29,1313.151,1313.151,1296.081,1299.587,506262400
2019-08-30,1305.099,1310.281,1291.277,1296.206,650242100
2019-09-02,1295.053,1313.793,1294.471,1312.252,544895900
2019-09-03,1312.675,1317.864,1301.912,1306.825,490062300
2019-09-04,1305.065,1309.503,1297.495,1309.503,484099300
2019-09-05,1312.796,1321.773,1310.147,1311.897,726014000
2019-09-06,1313.757,1315.434,1302.265,1313.529,600242100
2019-09-09,1322.178,1325.258,1316.099,1325.258,695286700
2019-09-10,1325.8,1335.818,1322.131,1333.061,720032500
2019-09-11,1343.339,1344.542,1311.218,1311.418,685455100
2019-09-12,1315.58,1318.407,1305.042,1316.731,510953300
2019-09-16,1318.675,1318.805,1305.071,1310.151,510103000
2019-09-17,1310.404,1310.792,1286.25,1292.162,543122400
2019-09-18,1289.669,1300.805,1289.208,1296.099,442948800
2019-09-19,1297.238,1297.46,1289.156,1295.022,393757000
2019-09-20,1294.69,1298.842,1290.259,1296.18,372150600
2019-09-23,1291.958,1292.053,1276.077,1283.348,419786000
2019-09-24,1284.382,1295.295,1281.233,1284.91,367166200
2019-09-25,1282.773,1282.773,1273.54,1274.41,391477100
2019-09-26,1279.316,1282.223,1254.429,1254.692,417815300
2019-09-27,1256.815,1260.838,1249.101,1254.566,287041500
2019-09-30,1256.07,1267.107,1253.423,1255.31,266633800
2019-10-08,1258.379,1268.694,1255.847,1258.196,301523100
2019-10-09,1255.174,1264.675,1247.367,1264.376,247250400
2019-10-10,1266.276,1282.621,1262.253,1282.535,318502600
2019-10-11,1283.053,1284.074,1270.876,1277.861,303781600
2019-10-14,1284.21,1294.661,1282.025,1291.014,454113300
2019-10-15,1289.524,1290.37,1279.696,1282.858,358791900
2019-10-16,1282.5,1283.516,1274.348,1275.098,373533500
2019-10-17,1274.428,1280.112,1270.072,1272.921,282249600
2019-10-18,1274.169,1281.265,1261.411,1264.962,342786200
2019-10-21,1263.942,1269.446,1255.241,1264.032,362492800
2019-10-22,1266.703,1277.918,1262.684,1277.224,307483500
2019-10-23,1278.287,1288.035,1272.749,1275.22,431666100
2019-10-24,1274.602,1274.602,1255.697,1262.864,545974200
2019-10-25,1263.48,1280.383,1259.091,1277.809,525456100
2019-10-28,1274.425,1290.247,1274.425,1287.377,566784100
2019-10-29,1289.335,1302.351,1285.96,1292.955,679349900
2019-10-30,1290.012,1295.524,1282.664,1292.757,728919000
2019-10-31,1295.427,1297.713,1285.788,1288.179,693245300
2019-11-01,1285.164,1294.705,1279.297,1293.044,520533600
2019-11-04,1293.668,1305.084,1293.668,1301.036,486160800
2019-11-05,1304.249,1322.174,1302.42,1317.714,494662400
2019-11-06,1317.61,1317.61,1299.856,1304.565,470441500
2019-11-07,1305.993,1315.752,1303.568,1310.405,369615100
2019-11-08,1317.442,1320.462,1301.157,1301.562,368787300
2019-11-11,1296.609,1299.363,1279.46,1282.676,407121300
2019-11-12,1285.315,1294.052,1273.398,1293.994,452447100
2019-11-13,1296.614,1296.614,1283.066,1288.025,481055500
2019-11-14,1288.152,1299.466,1286.02,1293.001,472779400
2019-11-15,1293.045,1294.046,1278.536,1279.198,464219700
2019-11-18,1279.108,1288.102,1275.468,1285.586,401692200
2019-11-19,1286.504,1294.2,1284.483,1293.563,471257500
2019-11-20,1293.353,1298.448,1291.144,1294.051,423215500
2019-11-21,1290.647,1291.262,1280.288,1283.963,325066000
2019-11-22,1285.601,1301.954,1264.791,1272.692,444508600
2019-11-25,1271.124,1273.853,1255.157,1268.656,388593200
2019-11-26,1270.562,1273.864,1263.52,1265.997,312447600
2019-11-27,1266.309,1272.124,1262.081,1264.121,394867900
2019-11-28,1261.342,1266.248,1253.381,1256.601,381735900
2019-11-29,1255.139,1259.923,1239.35,1247.376,332895600
2019-12-02,1246.844,1255.838,1241.506,1245.639,333732000
2019-12-03,1243.348,1247.13,1235.34,1247.13,312384000
2019-12-04,1242.245,1242.26,1233.708,1239.001,308947100
2019-12-05,1238.028,1250.67,1238.028,1249.797,336841800
2019-12-06,1251.655,1258.443,1247.5,1258.169,299006600
2019-12-09,1259.717,1262.258,1247.013,1248.495,413663500
2019-12-10,1246.939,1249.694,1245.084,1249.527,353466000
2019-12-11,1249.667,1250.404,1241.792,1247.154,335805500
2019-12-12,1245.665,1246.348,1241.369,1241.958,311057300
2019-12-13,1248.357,1262.709,1248.194,1261.508,413051700
2019-12-16,1263.062,1267.987,1255.858,1267.807,479618900
2019-12-17,1267.732,1277.938,1264.041,1275.408,581452300
2019-12-18,1274.272,1275.91,1267.544,1269.699,521355800
2019-12-19,1269.708,1272.282,1265.636,1270.47,389212100
2019-12-20,1272.56,1276.733,1269.746,1271.163,425084300
2019-12-23,1270.997,1277.179,1255.68,1257.445,484045600
2019-12-24,1258.605,1270.44,1256.62,1269.219,348073700
2019-12-25,1270.525,1274.67,1265.543,1272.665,370673900
2019-12-26,1271.559,1275.016,1267.597,1275.016,317237500
2019-12-27,1273.149,1285.511,1272.767,1275.864,470470000
2019-12-30,1274.046,1288.621,1268.487,1288.621,479640900
2019-12-31,1287.395,1301.247,1287.395,1301.234,545771600
2020-01-02,1308.596,1320.744,1307.254,1318.619,851651400
2020-01-03,1319.132,1323.052,1310.073,1320.818,914315700
2020-01-06,1316.232,1333.651,1314.98,1324.103,988325100
2020-01-07,1324.318,1337.46,1324.29,1337.46,841544700
2020-01-08,1333.606,1338.837,1316.637,1319.284,708285800
2020-01-09,1327.627,1336.362,1323.754,1331.578,539461800
2020-01-10,1334.393,1335.295,1325.835,1330.482,482279300
2020-01-13,1331.052,1343.494,1329.072,1343.494,492510300
2020-01-14,1345.575,1349.314,1334.427,1336.727,541687800
2020-01-15,1336.571,1345.324,1331.65,1336.02,501716500
2020-01-16,1337.934,1341.796,1334.22,1338.537,412725200
2020-01-17,1341.705,1343.079,1333.458,1336.215,497526100
2020-01-20,1338.34,1339.492,1329.906,1336.046,384493100
2020-01-21,1335.409,1337.463,1318.104,1322.918,529632300
2020-01-22,1316.954,1324.401,1300.182,1319.257,742007900
2020-01-23,1307.823,1309.174,1260.836,1267.119,887988300
2020-02-03,1150.263,1177.566,1150.263,1170.725,659244900
2020-02-04,1163.036,1209.224,1163.036,1207.491,948657400
2020-02-05,1212.593,1238.223,1210.167,1232.585,902247500
2020-02-06,1236.075,1275.373,1233.651,1270.638,853103400
2020-02-07,1271.663,1282.884,1257.928,1279.192,903533400
2020-02-10,1272.589,1312.405,1267.353,1312.083,873898700
2020-02-11,1306.677,1308.078,1287.191,1291.692,679742600
2020-02-12,1294.083,1313.926,1294.083,1313.607,804208500
2020-02-13,1326.498,1328.5,1311.397,1312.932,1214515900
2020-02-14,1304.922,1318.208,1300.719,1314.925,1122365300
2020-02-17,1326.288,1358.909,1326.288,1358.909,1462610100
2020-02-18,1348.347,1349.115,1337.136,1348.969,1244775400
2020-02-19,1345.894,1351.565,1338.442,1339.844,1015035000
2020-02-20,1342.258,1364.944,1340.747,1364.944,973452100
2020-02-21,1360.384,1365.213,1351.795,1358.017,942656700
2020-02-24,1355.702,1375.349,1344.537,1367.854,1098296300
2020-02-25,1342.868,1374.507,1335.43,1372.797,1294521300
2020-02-26,1359.62,1373.016,1347.282,1350.321,1209887000
2020-02-27,1351.226,1378.098,1349.472,1371.091,893580000
2020-02-28,1334.587,1359.009,1315.585,1318.118,943344300
2020-03-02,1334.452,1366.73,1329.509,1362.654,904164900
2020-03-03,1375.991,1394.065,1367.775,1380.493,1075491500
2020-03-04,1370.449,1408.102,1368.919,1408.102,1115666900
2020-03-05,1413.59,1452.949,1411.884,1442.412,1369861600
2020-03-06,1429.414,1446.519,1428.658,1431.092,1034470300
2020-03-09,1405.239,1412.472,1373.278,1376.552,1250941600
2020-03-10,1359.113,1388.541,1339.486,1388.283,1070441000
2020-03-11,1388.512,1411.465,1384.314,1386.214,1119364300
2020-03-12,1366.609,1368.901,1343.64,1350.636,858987100
2020-03-13,1282.469,1351.557,1282.389,1342.8,1167790900
2020-03-16,1345.621,1354.734,1290.079,1293.141,1232699200
2020-03-17,1298.546,1315.542,1253.175,1293.395,979613600
2020-03-18,1304.487,1329.621,1281.127,1281.127,983675600
2020-03-19,1279.307,1291.284,1246.935,1277.81,899137800
2020-03-20,1290.128,1307.94,1282.018,1306.403,830986300
2020-03-23,1272.609,1301.096,1269.217,1281.936,1040994100
2020-03-24,1299.04,1317.945,1282.339,1317.945,1023649100
2020-03-25,1338.524,1352.978,1329.104,1350.268,1198778200
2020-03-26,1338.741,1377.743,1334.605,1369.382,1387173200
2020-03-27,1377.999,1381.598,1358.413,1360.136,1156685200
2020-03-30,1352.309,1369.659,1348.935,1355.933,1179716300
2020-03-31,1359.961,1418.708,1356.355,1418.502,1446207000
2020-04-01,1410.814,1410.814,1382.245,1387.698,1292485900
2020-04-02,1377.867,1391.237,1365.391,1391.237,1080571100
2020-04-03,1388.11,1416.623,1383.981,1398.505,1040534600
2020-04-07,1414.881,1460.137,1411.731,1456.739,1505119800
2020-04-08,1448.488,1452.74,1432.675,1439.697,1309437800
2020-04-09,1442.124,1465.446,1432.131,1460.148,1220440700
2020-04-10,1456.772,1464.804,1429.284,1432.472,1078235000
2020-04-13,1428.594,1429.347,1413.576,1423.319,780614000
2020-04-14,1424.251,1448.521,1416.81,1448.521,783106200
2020-04-15,1447.055,1447.927,1432.714,1437.083,909935900
2020-04-16,1434.154,1442.433,1423.28,1437.191,857491500
2020-04-17,1442.71,1449.204,1427.493,1428.146,1111409700
2020-04-20,1430.514,1445.89,1426.117,1445.89,911540100
2020-04-21,1438.586,1442.874,1425.179,1437.965,1123956600
2020-04-22,1428.666,1479.296,1427.853,1479.192,1363856000
2020-04-23,1481.25,1508.441,1480.79,1488.96,1482674300
2020-04-24,1490.975,1492.214,1462.76,1469.723,1061058000
2020-04-27,1472.623,1492.542,1462.648,1482.084,930207600
2020-04-28,1480.421,1498.887,1442.056,1490.996,1227365000
2020-04-29,1479.05,1493.064,1455.67,1459.302,1061044900
2020-04-30,1459.677,1469.259,1454.011,1460.163,861483900
2020-05-06,1449.598,1484.538,1443.371,1484.489,887233500
2020-05-07,1484.684,1512.888,1478.781,1504.312,970226900
2020-05-08,1509.204,1526.552,1499.431,1524.189,909349300
2020-05-11,1523.8,1534.588,1501.298,1509.835,898135300
2020-05-12,1509.474,1531.195,1506.778,1529.843,765782400
2020-05-13,1527.223,1554.693,1520.419,1551.078,841736100
2020-05-14,1544.105,1544.614,1525.02,1525.903,800400400
2020-05-15,1531.062,1535.009,1518.537,1531.1,716686100
2020-05-18,1530.056,1574.608,1526.542,1566.553,962427500
2020-05-19,1573.182,1578.95,1561.103,1578.517,772888400
2020-05-20,1575.281,1576.118,1552.484,1558.831,757280600
2020-05-21,1563.106,1567.079,1539.864,1542.562,712051900
2020-05-22,1538.389,1541.433,1499.884,1507.781,654623400
2020-05-25,1510.905,1544.665,1499.656,1540.379,623407600
2020-05-26,1541.818,1561.296,1534.941,1560.751,605531300
2020-05-27,1559.514,1568.161,1551.329,1554.403,627766800
2020-05-28,1553.695,1555.347,1523.543,1539.065,631664800
2020-05-29,1536.54,1568.657,1531.348,1566.397,583350800
2020-06-01,1574.735,1592.821,1570.389,1588.185,698867000
2020-06-02,1586.212,1586.508,1559.168,1563.182,678820000
2020-06-03,1564.203,1569.0,1552.433,1558.555,583028600
2020-06-04,1561.802,1572.771,1554.432,1570.943,660857100
2020-06-05,1565.029,1565.676,1540.895,1550.259,640301300
2020-06-08,1554.773,1561.117,1547.886,1553.221,765300700
2020-06-09,1556.178,1574.229,1552.331,1572.437,643885100
2020-06-10,1571.511,1589.491,1567.952,1589.447,606718000
2020-06-11,1588.782,1591.201,1560.542,1569.244,684270100
2020-06-12,1541.738,1570.367,1540.858,1566.06,616388700
2020-06-15,1561.341,1589.639,1561.099,1578.851,904897000
2020-06-16,1586.914,1606.746,1580.386,1606.579,663069000
2020-06-17,1610.808,1621.093,1597.67,1620.871,864164300
2020-06-18,1622.037,1622.14,1598.366,1609.87,677020000
2020-06-19,1610.515,1627.703,1609.674,1623.232,675872400
2020-06-22,1626.414,1633.044,1619.948,1625.677,791873100
2020-06-23,1625.056,1649.541,1621.565,1644.493,684497600
2020-06-24,1647.494,1651.464,1621.782,1629.95,650869300
2020-06-29,1631.048,1655.86,1630.662,1650.071,826719100
2020-06-30,1654.626,1673.433,1651.752,1673.433,703561100
2020-07-01,1680.42,1691.548,1667.051,1687.193,765139100
2020-07-02,1694.431,1703.845,1679.589,1684.299,822066900
2020-07-03,1686.237,1687.016,1666.123,1682.485,866682300
2020-07-06,1681.748,1727.984,1681.748,1722.47,1243486600
2020-07-07,1732.167,1763.794,1719.022,1741.927,1327601800
2020-07-08,1740.08,1771.739,1739.883,1771.739,1107482300
2020-07-09,1772.023,1806.576,1766.352,1806.375,1327951600
2020-07-10,1801.553,1825.507,1797.252,1808.071,1173277400
2020-07-13,1824.762,1898.632,1824.762,1898.569,1373521300
2020-07-14,1919.969,1921.502,1865.646,1911.922,1749595800
2020-07-15,1916.23,1956.709,1894.713,1925.129,1542818300
2020-07-16,1917.211,1920.479,1792.878,1794.991,1345146200
2020-07-17,1785.907,1852.482,1778.221,1835.317,913788100
2020-07-20,1864.992,1868.221,1809.861,1860.59,1027883600
2020-07-21,1866.756,1912.894,1857.112,1911.771,1034225900
2020-07-22,1901.372,1955.246,1890.788,1948.79,1127510700
2020-07-23,1935.699,1981.678,1928.697,1981.341,1173609500
2020-07-24,1964.367,1975.918,1891.711,1899.955,1386126600
2020-07-27,1921.365,1952.881,1921.365,1943.362,1153068800
2020-07-28,1949.948,2000.808,1938.681,1999.157,1237169900
2020-07-29,1987.531,2029.782,1971.954,2029.663,1101426300
2020-07-30,2030.004,2054.421,2023.972,2044.638,1341633100
2020-07-31,2034.036,2069.257,2023.309,2063.981,1292857000
2020-08-03,2079.169,2100.581,2072.404,2099.482,1369327200
2020-08-04,2108.438,2124.859,2063.887,2069.315,1608311000
2020-08-05,2052.617,2120.369,2044.109,2112.602,1446097700
2020-08-06,2106.81,2107.321,2050.554,2079.365,1221753700
2020-08-07,2070.042,2095.974,2029.82,2075.84,1193661100
2020-08-10,2070.091,2099.872,2061.649,2086.988,1001989200
2020-08-11,2091.325,2119.638,2068.334,2072.669,1145753100
2020-08-12,2070.506,2070.506,1991.34,2032.072,1195230800
2020-08-13,2039.062,2075.479,2028.078,2060.715,1486787500
2020-08-14,2065.301,2077.243,2041.679,2068.536,1355238900
2020-08-17,2075.076,2090.613,2062.409,2089.717,1206065600
2020-08-18,2087.544,2151.863,2082.666,2136.325,1407162500
2020-08-19,2131.509,2178.765,2121.678,2143.292,1509535600
2020-08-20,2133.153,2133.153,2093.747,2105.823,1181366900
2020-08-21,2120.095,2167.673,2120.095,2152.276,1046711100
2020-08-24,2155.551,2171.209,2128.195,2162.448,1024647400
2020-08-25,2150.382,2160.742,2123.628,2134.801,1065075000
2020-08-26,2127.774,2138.886,2084.353,2098.784,1011933100
2020-08-27,2097.743,2134.932,2091.644,2134.932,793601000
2020-08-28,2128.652,2173.771,2122.98,2167.883,905479900
2020-08-31,2178.919,2223.675,2167.462,2203.359,1006985900
2020-09-01,2192.995,2201.231,2166.584,2201.231,827259300
2020-09-02,2210.073,2224.023,2182.855,2205.388,865933800
2020-09-03,2196.532,2214.036,2138.904,2152.812,894192400
2020-09-04,2088.475,2094.974,2060.621,2086.357,762224500
2020-09-07,2086.128,2088.403,1990.44,1999.905,806624700
2020-09-08,2006.092,2013.936,1958.936,1995.15,735979100
2020-09-09,1959.95,1962.634,1892.046,1908.06,750316600
2020-09-10,1930.759,1946.291,1901.739,1911.587,740783700
2020-09-11,1905.418,1943.423,1901.783,1941.468,596851400
2020-09-14,1959.196,1965.513,1930.082,1941.403,654040700
2020-09-15,1942.318,1965.14,1934.991,1963.875,590602900
2020-09-16,1961.457,1973.738,1936.768,1945.877,583102800
2020-09-17,1936.292,1938.725,1894.519,1923.848,640799600
2020-09-18,1921.295,1949.847,1913.667,1949.271,570654300
2020-09-21,1942.904,1946.91,1922.514,1928.682,539947900
2020-09-22,1915.852,1944.724,1907.484,1916.372,470645800
2020-09-23,1923.529,1944.094,1911.705,1940.361,459247900
2020-09-24,1928.635,1950.864,1906.63,1908.831,605214300
2020-09-25,1917.815,1927.002,1904.061,1912.392,470348100
2020-09-28,1924.104,1926.013,1901.52,1904.707,466917400
2020-09-29,1913.92,1937.596,1903.541,1925.357,410998700
2020-09-30,1932.029,1957.048,1917.258,1928.345,417565000
2020-10-09,1973.022,1987.289,1961.121,1982.198,567151000
2020-10-12,1998.827,2029.137,1988.789,2028.638,682654200
2020-10-13,2029.025,2038.044,2015.547,2036.836,536740400
2020-10-14,2033.405,2050.91,2024.758,2029.925,531555100
2020-10-15,2035.628,2035.628,2000.64,2005.497,475966000
2020-10-16,2009.269,2012.438,1979.03,1994.44,412095500
2020-10-19,2000.679,2006.136,1957.39,1961.277,547913500
2020-10-20,1961.072,2001.445,1953.198,2001.445,429405900
2020-10-21,2010.486,2010.486,1975.154,1984.405,373487200
2020-10-22,1981.214,1981.214,1935.756,1963.248,387147500
2020-10-23,1956.033,1967.551,1900.951,1906.179,439214200
2020-10-26,1895.419,1906.743,1859.945,1901.191,416389500
2020-10-27,1894.01,1920.995,1893.67,1920.995,379256500
2020-10-28,1924.484,1949.103,1913.34,1941.491,483224200
2020-10-29,1918.849,1963.703,1914.288,1953.473,484703800
2020-10-30,1942.931,1944.357,1884.738,1890.16,634132200
2020-11-02,1884.502,1892.886,1868.574,1876.1,709578100
2020-11-03,1881.279,1903.094,1867.569,1903.085,499115000
2020-11-04,1904.66,1908.846,1879.661,1896.252,435527400
2020-11-05,1914.804,1927.301,1907.257,1924.239,472499800
2020-11-06,1930.381,1930.381,1873.357,1889.642,466985700
2020-11-09,1902.027,1923.984,1901.454,1915.079,667875000
2020-11-10,1918.58,1934.609,1894.902,1914.34,551494000
2020-11-11,1912.344,1944.078,1906.448,1907.198,518339900
2020-11-12,1914.873,1919.349,1890.873,1902.832,463126800
2020-11-13,1893.997,1894.974,1853.526,1870.807,457599600
2020-11-16,1874.39,1897.553,1853.687,1897.532,507428500
2020-11-17,1893.089,1893.089,1865.488,1877.113,583875200
2020-11-18,1885.433,1898.456,1879.208,1886.427,465150000
2020-11-19,1884.963,1912.226,1864.054,1908.959,474044100
2020-11-20,1908.415,1934.87,1903.317,1934.058,504863800
2020-11-23,1934.434,1947.475,1920.595,1936.298,666013200
2020-11-24,1932.397,1932.968,1915.081,1922.97,559790400
2020-11-25,1927.122,1927.122,1876.994,1876.994,506765300
2020-11-26,1870.774,1884.527,1851.662,1870.596,371011000
2020-11-27,1872.372,1887.638,1858.961,1884.791,414231900
2020-11-30,1888.525,1888.525,1862.823,1867.889,513401000
2020-12-01,1865.84,1910.2,1864.025,1907.689,531349800
2020-12-02,1909.898,1918.962,1888.466,1899.604,578615300
2020-12-03,1898.376,1920.462,1889.153,1917.888,666592700
2020-12-04,1920.8,1951.364,1916.066,1950.242,675467000
2020-12-07,1951.559,1967.803,1947.998,1961.919,708583000
2020-12-08,1958.957,1959.657,1939.945,1952.719,514707600
2020-12-09,1956.075,1959.35,1924.988,1925.136,572940000
2020-12-10,1920.841,1948.623,1916.299,1940.124,634176600
2020-12-11,1942.404,1945.477,1908.136,1916.301,691321600
2020-12-14,1931.274,1962.2,1920.84,1961.166,922977000
2020-12-15,1968.803,1971.537,1946.344,1957.068,770841100
2020-12-16,1958.066,1995.06,1957.279,1985.557,908290300
2020-12-17,1979.54,1989.055,1964.393,1983.713,961554900
2020-12-18,1979.753,1990.732,1972.87,1986.647,866730200
2020-12-21,2011.65,2043.135,1996.995,2041.068,1227203900
2020-12-22,2032.075,2051.775,2013.198,2015.696,1336531000
2020-12-23,2011.32,2066.653,2006.607,2065.827,1385411400
2020-12-24,2059.387,2077.178,2035.411,2035.412,1212738900
2020-12-25,2022.423,2054.796,2015.448,2050.688,958503300
2020-12-28,2049.993,2068.753,2048.329,2063.913,1103948800
2020-12-29,2062.185,2062.556,2012.405,2014.225,1153313100
2020-12-30,2020.314,2052.261,2020.314,2048.447,972719000
2020-12-31,2047.444,2074.241,2044.977,2073.12,992579500
2021-01-04,2075.214,2150.551,2068.215,2139.659,1292755900
2021-01-05,2133.7,2198.513,2128.867,2191.991,1485646000
2021-01-06,2201.347,2213.638,2178.575,2192.332,1437914100
2021-01-07,2190.199,2197.475,2162.474,2195.429,1368908200
2021-01-08,2187.732,2190.249,2128.668,2144.464,1180670800
2021-01-11,2134.416,2134.416,2059.876,2070.624,1146292300
2021-01-12,2058.633,2098.711,2058.012,2097.561,874745700
2021-01-13,2098.709,2099.07,2045.887,2064.834,899509300
2021-01-14,2051.872,2053.779,2017.245,2025.353,801345100
2021-01-15,2021.616,2048.128,2003.873,2042.712,704217300
2021-01-18,2039.29,2080.33,2031.902,2072.268,741791500
2021-01-19,2078.636,2080.692,2035.406,2042.492,763632000
2021-01-20,2040.32,2073.001,2031.535,2072.034,612268900
2021-01-21,2080.154,2128.643,2074.795,2115.864,872678100
2021-01-22,2121.151,2144.057,2113.292,2127.62,930866500
2021-01-25,2127.883,2161.458,2121.978,2154.374,991722300
2021-01-26,2163.753,2178.285,2143.502,2157.472,898656300
2021-01-27,2150.056,2179.74,2114.722,2178.667,795003100
2021-01-28,2167.714,2194.753,2145.474,2150.09,769592300
2021-01-29,2159.307,2167.899,2080.451,2112.492,799046500
2021-02-01,2097.727,2122.472,2087.888,2109.852,698408700
2021-02-02,2119.358,2153.851,2092.518,2152.534,695120200
2021-02-03,2148.777,2173.164,2137.099,2157.113,810167100
2021-02-04,2137.626,2152.566,2091.63,2123.526,766822100
2021-02-05,2128.786,2173.992,2104.496,2108.467,743638900
2021-02-08,2105.24,2139.617,2078.276,2138.143,657942200
2021-02-09,2134.56,2192.942,2132.943,2192.259,657465000
2021-02-10,2198.213,2246.211,2177.034,2236.283,659426700
2021-02-18,2270.106,2277.822,2220.639,2244.714,804336300
2021-02-19,2240.018,2282.487,2202.784,2279.022,1023000400
2021-02-22,2287.277,2308.652,2242.824,2247.609,1254569000
2021-02-23,2222.702,2240.959,2207.151,2216.495,899866600
2021-02-24,2212.7,2217.4,2126.082,2150.034,786725700
2021-02-25,2168.792,2173.45,2133.45,2141.647,682046300
2021-02-26,2092.814,2122.247,2076.588,2114.099,755445500
2021-03-01,2130.632,2155.709,2127.88,2139.709,727588200
2021-03-02,2154.708,2154.708,2079.802,2099.534,749047100
2021-03-03,2100.844,2114.07,2076.448,2101.927,860860200
2021-03-04,2079.355,2079.355,2031.02,2039.513,1030389600
2021-03-05,2012.993,2046.603,1991.871,2032.985,948476300
2021-03-08,2043.908,2048.483,1950.766,1951.08,1039553000
2021-03-09,1942.956,1943.212,1865.044,1887.538,865420900
2021-03-10,1915.006,1923.82,1892.961,1897.695,710792700
2021-03-11,1899.69,1943.977,1886.157,1941.39,664568900
2021-03-12,1949.993,1950.199,1905.899,1938.516,748099300
2021-03-15,1919.955,1922.073,1879.503,1896.35,667696200
2021-03-16,1901.931,1912.397,1885.893,1910.063,589279200
2021-03-17,1909.52,1947.02,1898.567,1945.136,738267900
2021-03-18,1938.579,1956.207,1931.951,1953.587,684214200
2021-03-19,1925.563,1942.005,1906.06,1917.519,643898200
2021-03-22,1917.325,1945.889,1908.949,1944.501,603994700
2021-03-23,1941.789,1946.027,1916.974,1938.601,706517500
2021-03-24,1929.795,1944.24,1914.297,1926.117,639724800
2021-03-25,1922.133,1944.911,1921.242,1936.9,684041900
2021-03-26,1939.01,1975.019,1938.621,1967.558,774766400
2021-03-29,1969.955,1971.793,1952.871,1960.034,654239500
2021-03-30,1955.855,1988.295,1953.493,1985.438,730295100
2021-03-31,1984.592,1984.592,1952.548,1970.484,602394200
2021-04-01,1980.881,1995.129,1977.068,1991.765,672225000
2021-04-02,1993.603,2011.262,1988.7,2003.739,689688100
2021-04-06,2010.579,2014.841,1991.564,2010.743,631591500
2021-04-07,2008.891,2008.891,1981.301,1995.878,672979800
2021-04-08,1983.695,2005.814,1978.699,1995.503,632456900
2021-04-09,1989.543,2000.257,1965.649,1978.608,526600100
2021-04-12,1976.202,1983.076,1931.915,1935.664,626501800
2021-04-13,1932.291,1954.817,1932.291,1948.111,788825300
2021-04-14,1955.701,1972.319,1950.394,1968.409,731758200
2021-04-15,1973.755,1973.995,1947.202,1960.285,802462100
2021-04-16,1956.436,1974.54,1955.65,1973.368,737218700
2021-04-19,1971.644,2006.658,1958.966,2002.344,657490100
2021-04-20,1999.777,2032.499,1997.339,2020.093,832267800
2021-04-21,2016.092,2036.282,2000.377,2034.35,672951200
2021-04-22,2038.519,2038.519,2012.996,2035.112,593290400
2021-04-23,2033.311,2038.474,2020.756,2031.541,737767200
2021-04-26,2036.348,2066.998,2021.928,2023.266,743935000
2021-04-27,2014.948,2030.637,2000.218,2029.603,669171500
2021-04-28,2027.289,2038.252,2010.842,2038.252,663648600
2021-04-29,2038.05,2053.931,2031.883,2045.125,663575000
2021-04-30,2043.151,2052.765,2029.769,2050.063,714870300
2021-05-06,2048.259,2071.887,2039.661,2064.325,925852200
2021-05-07,2062.293,2076.757,2035.19,2038.822,892084100
2021-05-10,2032.763,2063.713,2032.205,2045.594,965124000
2021-05-11,2038.416,2067.843,2030.181,2065.988,866898000
2021-05-12,2065.756,2110.567,2065.017,2105.699,1133471700
2021-05-13,2083.739,2095.133,2063.973,2070.735,916747400
2021-05-14,2068.335,2077.605,2043.726,2074.591,771284100
2021-05-17,2071.43,2110.805,2071.43,2101.851,730695500
2021-05-18,2106.605,2106.605,2085.542,2103.168,552718300
2021-05-19,2103.479,2109.889,2095.194,2108.882,598372000
2021-05-20,2099.292,2109.231,2085.968,2102.853,629527000
2021-05-21,2104.897,2115.355,2079.163,2093.997,628004400
2021-05-24,2096.798,2101.007,2071.434,2099.085,675693900
2021-05-25,2096.766,2133.68,2092.383,2131.627,665363600
2021-05-26,2119.6,2119.6,2098.503,2111.015,849621200
2021-05-27,2096.585,2112.899,2087.392,2102.941,797256100
2021-05-28,2100.228,2103.147,2063.944,2070.975,767446200
2021-05-31,2067.645,2091.262,2060.768,2089.881,720685900
2021-06-01,2092.321,2096.806,2075.567,2093.279,852112100
2021-06-02,2095.021,2097.612,2054.679,2058.442,833869500
2021-06-03,2051.099,2054.619,2030.301,2032.934,731992800
2021-06-04,2025.93,2045.903,2019.43,2041.934,703433300
2021-06-07,2035.489,2045.257,2019.168,2044.153,974806400
2021-06-08,2044.405,2061.248,2025.336,2037.773,815658800
2021-06-09,2036.259,2042.241,2022.535,2032.78,889972800
2021-06-10,2031.979,2040.697,2022.776,2033.607,845964700
2021-06-11,2029.704,2040.483,2023.204,2031.502,786279000
2021-06-15,2026.408,2032.806,2000.989,2003.188,746280000
2021-06-16,2001.623,2007.11,1979.359,1984.385,650832800
2021-06-17,1976.363,1994.016,1976.363,1982.235,589916200
2021-06-18,1982.366,1982.366,1962.692,1976.532,650944000
2021-06-21,1975.695,1996.437,1971.689,1989.871,635865900
2021-06-22,1995.862,2016.401,1993.023,2011.458,786893000
2021-06-23,2013.266,2014.076,1998.645,2010.494,713504800
2021-06-24,2013.231,2013.565,1992.631,2007.126,707230300
2021-06-25,2008.399,2021.184,1994.938,2019.623,659340300
2021-06-28,2026.863,2047.949,2021.832,2044.721,834193400
2021-06-29,2049.28,2051.673,2038.576,2043.746,833916400
2021-06-30,2043.819,2055.894,2039.824,2049.886,610122100
2021-07-01,2049.44,2052.268,2028.098,2028.11,656570900
2021-07-02,2020.924,2033.093,2001.243,2003.814,664831200
2021-07-05,2006.606,2008.89,1976.961,1992.472,654329500
2021-07-06,1991.287,1992.912,1965.03,1992.912,757376600
2021-07-07,1978.571,1993.789,1973.265,1988.474,643154500
2021-07-08,1994.092,1995.968,1963.022,1963.022,714954100
2021-07-09,1955.336,1975.85,1935.248,1971.69,695285200
2021-07-12,1989.848,1998.237,1979.164,1992.211,750059100
2021-07-13,1998.908,2012.236,1988.267,2011.424,793474500
2021-07-14,2017.402,2029.582,2003.318,2014.021,776825600
2021-07-15,2005.885,2010.859,1984.854,2009.841,1007984100
2021-07-16,2004.511,2005.569,1993.212,1995.811,842149700
2021-07-19,1995.3,2002.09,1982.733,1993.117,897856000
2021-07-20,1982.574,1989.079,1972.937,1987.694,710184900
2021-07-21,1998.453,2025.086,1998.453,2021.24,852395700
2021-07-22,2021.432,2023.333,2005.433,2013.537,809061400
2021-07-23,2010.909,2011.203,1981.392,1988.17,944872000
2021-07-26,1985.373,1985.373,1933.601,1961.487,1023018700
2021-07-27,1957.794,1971.63,1901.993,1902.157,987101200
2021-07-28,1888.606,1900.964,1845.618,1872.893,836187400
2021-07-29,1892.693,1922.259,1892.641,1920.378,819398200
2021-07-30,1907.699,1907.699,1884.569,1903.718,836029900
2021-08-02,1896.216,1966.945,1893.08,1966.737,1014840400
2021-08-03,1960.882,1984.364,1955.557,1983.702,965632200
2021-08-04,1983.239,1994.008,1976.53,1992.102,827685900
2021-08-05,1985.861,2000.296,1974.086,1990.377,923692900
2021-08-06,1981.638,1988.148,1968.061,1988.148,808972700
2021-08-09,1980.979,2032.335,1980.23,2026.246,932913500
2021-08-10,2020.767,2035.729,2008.332,2033.536,913794800
2021-08-11,2029.872,2029.872,2012.379,2015.967,855934400
2021-08-12,2016.239,2025.254,2007.574,2014.585,809931800
2021-08-13,2005.614,2026.07,1995.892,2024.208,840577200
2021-08-16,2025.484,2052.498,2024.675,2046.656,835281300
2021-08-17,2041.89,2049.462,1993.063,1998.694,1041186500
2021-08-18,1994.692,2007.569,1983.693,1992.284,824628400
2021-08-19,1985.534,1991.555,1969.196,1980.557,669751000
2021-08-20,1972.234,1972.234,1935.043,1959.516,694334500
2021-08-23,1960.983,1982.422,1957.904,1979.569,679003500
2021-08-24,1978.991,1995.667,1969.098,1988.181,692241500
2021-08-25,1984.049,2021.819,1979.819,2019.727,786166700
2021-08-26,2013.501,2014.22,1982.787,1984.113,788607700
2021-08-27,1976.239,2011.644,1974.51,2009.26,803715800
2021-08-30,2016.919,2046.898,2015.496,2046.671,936727700
2021-08-31,2045.42,2066.919,2041.814,2052.022,1022947800
2021-09-01,2048.45,2051.494,1997.415,2028.411,1233245500
2021-09-02,2028.011,2067.984,2028.011,2067.882,917940800
2021-09-03,2070.072,2097.078,2057.392,2073.448,1145093000
2021-09-06,2070.032,2076.18,2040.267,2066.782,952968400
2021-09-07,2064.445,2117.297,2062.209,2114.195,954479400
2021-09-08,2110.297,2132.865,2104.102,2130.213,1130453400
2021-09-09,2136.43,2150.019,2131.52,2145.895,1171072300
2021-09-10,2137.428,2162.25,2125.688,2147.982,1146376000
2021-09-13,2143.378,2169.272,2142.731,2168.534,1061546100
2021-09-14,2160.341,2187.645,2143.594,2149.172,1183669900
2021-09-15,2137.146,2167.247,2132.638,2162.161,931816100
2021-09-16,2169.949,2183.724,2156.933,2157.528,1410334500
2021-09-17,2150.645,2161.718,2109.717,2146.687,1208581800
2021-09-22,2123.083,2148.705,2122.431,2146.455,886581500
2021-09-23,2159.704,2167.087,2145.188,2150.969,1231572700
2021-09-24,2136.654,2164.08,2126.824,2140.405,1308089900
2021-09-27,2132.269,2145.067,2086.438,2101.692,1241676200
2021-09-28,2089.227,2096.519,2080.701,2085.028,962624900
2021-09-29,2070.18,2079.415,2023.924,2034.867,995359700
2021-09-30,2037.981,2063.154,2037.095,2058.305,884423900
2021-10-08,2080.579,2106.831,2071.431,2105.443,1239380300
2021-10-11,2107.652,2129.196,2096.537,2112.388,1535703700
2021-10-12,2102.768,2111.381,2073.046,2097.978,1436861100
2021-10-13,2093.404,2103.041,2061.486,2098.518,1188338200
2021-10-14,2092.093,2096.405,2071.668,2085.857,912024000
2021-10-15,2078.25,2109.802,2069.049,2074.513,1221167000
2021-10-18,2062.484,2085.771,2041.322,2083.645,1163818400
2021-10-19,2076.789,2100.739,2070.181,2097.493,1183442400
2021-10-20,2080.825,2090.005,2068.852,2079.323,1042116900
2021-10-21,2081.098,2098.408,2079.084,2087.55,990701400
2021-10-22,2088.26,2100.901,2077.017,2079.853,1143218700
2021-10-25,2088.56,2116.24,2088.344,2114.735,1022843500
2021-10-26,2113.455,2118.22,2090.593,2094.493,896728000
2021-10-27,2090.865,2092.084,2069.025,2078.644,875350700
2021-10-28,2067.736,2068.066,2021.906,2026.953,993153800
2021-10-29,2033.911,2094.497,2033.911,2093.007,1110512600
2021-11-01,2095.485,2126.852,2083.417,2116.282,1109525600
2021-11-02,2122.838,2146.192,2113.803,2134.13,1595306200
2021-11-03,2124.413,2140.851,2112.51,2129.963,1413890800
2021-11-04,2130.878,2181.663,2130.878,2179.561,1470037300
2021-11-05,2170.761,2170.761,2125.205,2125.253,1423652400
2021-11-08,2116.2,2119.272,2097.349,2108.24,949598900
2021-11-09,2106.926,2125.925,2099.448,2123.831,954662800
2021-11-10,2113.065,2123.454,2077.502,2100.84,998578300
2021-11-11,2098.963,2110.143,2095.298,2107.807,886938300
2021-11-12,2110.206,2124.081,2108.677,2115.058,894152400
2021-11-15,2121.149,2130.353,2098.561,2107.823,1030491000
2021-11-16,2101.341,2114.324,2092.953,2095.876,820784800
2021-11-17,2095.791,2096.111,2068.27,2091.725,716147700
2021-11-18,2092.451,2094.399,2078.605,2078.758,735073200
2021-11-19,2072.818,2087.36,2062.713,2086.299,902198400
2021-11-22,2085.253,2107.297,2079.519,2105.776,987642700
2021-11-23,2099.193,2102.296,2086.071,2089.728,810526500
2021-11-24,2090.952,2098.028,2075.613,2093.282,911757100
2021-11-25,2095.549,2099.052,2082.967,2089.851,842976300
2021-11-26,2086.086,2088.309,2078.109,2083.313,795931700
2021-11-29,2060.429,2078.14,2055.328,2072.988,762518200
2021-11-30,2077.821,2091.442,2075.016,2086.039,796309400
2021-12-01,2081.368,2111.347,2080.96,2108.23,904998200
2021-12-02,2104.682,2112.349,2087.916,2088.577,862967500
2021-12-03,2080.445,2089.039,2071.803,2087.403,880546000
2021-12-06,2085.611,2086.559,2064.082,2066.884,772812700
2021-12-07,2071.183,2077.144,2052.455,2071.73,715509800
2021-12-08,2072.909,2104.612,2068.487,2103.474,743786300
2021-12-09,2104.351,2124.354,2102.22,2115.422,881582100
2021-12-10,2113.433,2140.485,2109.477,2135.751,972084500
2021-12-13,2140.99,2144.45,2128.959,2134.736,989336100
2021-12-14,2132.918,2132.918,2106.836,2112.206,844890800
2021-12-15,2105.63,2117.033,2095.363,2099.476,823651500
2021-12-16,2101.594,2118.353,2100.195,2118.189,785000800
2021-12-17,2111.023,2115.473,2093.338,2095.683,790569700
2021-12-20,2089.995,2098.181,2073.824,2076.404,1026830000
2021-12-21,2073.662,2100.301,2070.413,2099.791,878361100
2021-12-22,2103.628,2114.871,2098.072,2111.973,805900200
2021-12-23,2108.791,2118.855,2103.805,2114.834,810360800
2021-12-24,2117.527,2119.798,2100.155,2111.562,1140350000
2021-12-27,2117.087,2126.477,2099.977,2111.356,1101057400
2021-12-28,2108.294,2130.213,2105.698,2130.213,930172200
2021-12-29,2125.163,2130.209,2109.484,2110.549,952305500
2021-12-30,2109.825,2117.474,2106.4,2113.477,770754800
2021-12-31,2113.221,2139.256,2112.588,2136.721,872649900
2022-01-04,2142.2,2171.563,2138.207,2168.796,1347237800
2022-01-05,2165.288,2176.235,2138.458,2146.018,1322094900
2022-01-06,2137.092,2154.233,2125.982,2149.241,973484800
2022-01-07,2155.155,2159.956,2114.504,2115.643,945780500
2022-01-10,2113.205,2153.384,2113.205,2150.97,940224400
2022-01-11,2149.097,2155.512,2122.393,2127.27,948838600
2022-01-12,2129.939,2162.591,2120.303,2162.444,1017873500
2022-01-13,2161.043,2169.505,2117.167,2118.228,1082375000
2022-01-14,2116.626,2135.431,2103.676,2105.362,1206821500
2022-01-17,2112.804,2124.236,2103.543,2119.338,1160108300
2022-01-18,2113.894,2113.894,2086.964,2092.267,944584200
2022-01-19,2083.912,2088.666,2062.703,2077.848,864259200
2022-01-20,2076.323,2101.524,2057.001,2059.71,932678500
2022-01-21,2053.91,2054.178,2024.188,2025.659,710470500
2022-01-24,2017.671,2030.069,2009.728,2019.494,606485300
2022-01-25,2010.488,2018.433,1939.926,1940.231,715964300
2022-01-26,1944.899,1957.817,1919.146,1946.572,551770200
2022-01-27,1941.796,1949.398,1895.973,1895.973,579823700
2022-01-28,1911.253,1932.197,1879.378,1910.44,612058600
2022-02-07,1929.249,1952.363,1927.597,1952.06,669119400
2022-02-08,1951.087,1984.918,1941.782,1984.32,668001500
2022-02-09,1981.386,2014.311,1978.241,2010.683,736295900
2022-02-10,2012.702,2036.954,2006.946,2033.386,736714100
2022-02-11,2023.974,2026.841,1989.723,1994.548,748412200
2022-02-14,1992.565,2022.608,1990.878,2004.678,725509500
2022-02-15,2002.478,2008.607,1988.638,2002.508,573969200
2022-02-16,2011.383,2016.139,1997.993,2015.767,699732200
2022-02-17,2021.059,2052.53,2009.849,2046.916,953926000
2022-02-18,2034.502,2050.339,2029.763,2048.667,848194800
2022-02-21,2046.327,2064.805,2042.62,2062.782,771935100
2022-02-22,2052.005,2066.344,2038.231,2065.434,839833800
2022-02-23,2083.921,2099.234,2071.457,2090.625,1091529900
2022-02-24,2083.346,2112.53,2042.302,2065.398,1476974500
2022-02-25,2072.47,2088.734,2065.755,2070.949,1030634100
2022-02-28,2075.417,2091.632,2063.239,2089.271,981263100
2022-03-01,2093.492,2107.853,2086.321,2107.397,953528500
2022-03-02,2103.975,2124.05,2097.094,2121.564,1123136000
2022-03-03,2124.289,2125.075,2108.626,2114.971,1075341700
2022-03-04,2105.975,2125.12,2086.878,2097.247,1019133700
2022-03-07,2102.678,2105.521,2055.307,2067.742,1011914900
2022-03-08,2062.804,2065.951,1981.912,1986.909,1019169900
2022-03-09,1991.082,2004.139,1868.704,1946.492,1118032900
2022-03-10,1986.141,2002.257,1972.294,1983.846,942249000
2022-03-11,1967.049,2042.489,1948.952,2039.47,1290692700
2022-03-14,2018.545,2035.38,1980.599,1980.599,1053418100
2022-03-15,1961.37,1971.973,1883.173,1883.173,1199778600
2022-03-16,1915.1,1938.78,1829.374,1933.85,1120682500
2022-03-17,1944.405,1984.074,1942.73,1951.306,1107247300
2022-03-18,1939.402,1989.373,1933.499,1986.75,985174700
2022-03-21,1990.18,2033.747,1985.428,2025.451,1198689600
2022-03-22,2025.229,2040.474,2015.523,2025.208,1148046100
2022-03-23,2024.732,2037.743,2020.747,2030.694,976008000
2022-03-24,2021.496,2044.936,2017.335,2029.983,1170405100
2022-03-25,2027.128,2085.184,2024.776,2047.1,1477783100
2022-03-28,2051.813,2062.765,2016.266,2057.526,1391294000
2022-03-29,2049.301,2113.675,2045.879,2102.932,1730784300
2022-03-30,2078.577,2098.165,2073.093,2094.019,1632209900
2022-03-31,2080.512,2086.285,2047.758,2057.223,1310995000
2022-04-01,2054.678,2082.948,2054.268,2066.074,1156739800
2022-04-06,2057.534,2082.418,2050.638,2077.111,1219252700
2022-04-07,2071.698,2078.304,2044.082,2051.609,1337780800
2022-04-08,2054.226,2075.727,2032.375,2070.579,1297334500
2022-04-11,2070.568,2103.245,2057.908,2071.153,1746986400
2022-04-12,2053.237,2074.516,2031.512,2074.08,1385917400
2022-04-13,2064.202,2097.608,2060.076,2064.123,1663209000
2022-04-14,2055.598,2110.149,2032.826,2109.339,1491309400
2022-04-15,2097.341,2113.542,2065.589,2070.005,1372817300
2022-04-18,2057.319,2110.012,2054.248,2099.2,1275699200
2022-04-19,2104.844,2147.218,2096.267,2129.29,1470833500
2022-04-20,2120.491,2156.69,2095.745,2104.762,1791872700
2022-04-21,2085.203,2099.626,1980.555,1991.582,1615027000
2022-04-22,1952.67,1952.992,1903.344,1928.781,1238925700
2022-04-25,1892.474,1894.622,1795.051,1795.051,1245555800
2022-04-26,1797.946,1811.682,1738.743,1744.972,1111556400
2022-04-27,1725.774,1814.799,1708.927,1814.584,1157047800
2022-04-28,1805.208,1821.328,1772.021,1796.774,995244900
2022-04-29,1800.681,1854.161,1800.681,1849.028,967751700
2022-05-05,1852.434,1922.892,1848.985,1909.659,1079033400
2022-05-06,1863.395,1913.114,1861.53,1885.499,893899300
2022-05-09,1881.121,1911.239,1873.984,1909.205,749677100
2022-05-10,1887.363,1925.958,1880.119,1925.958,928507600
2022-05-11,1923.26,1949.12,1913.607,1914.664,1112431700
2022-05-12,1903.096,1926.182,1886.418,1907.052,781801000
2022-05-13,1913.213,1952.077,1913.198,1932.168,954486500
2022-05-16,1958.796,2000.859,1954.778,1981.986,1366227100
2022-05-17,1981.821,1987.334,1955.65,1985.55,1088522000
2022-05-18,1983.867,1988.297,1965.09,1969.783,960121900
2022-05-19,1941.056,1975.122,1939.073,1971.437,1044532900
2022-05-20,1971.173,1989.037,1969.02,1989.037,1031047000
2022-05-23,1992.107,2030.539,1990.457,2030.02,1238409200
2022-05-24,2024.827,2026.144,1951.928,1952.491,1210415800
2022-05-25,1954.137,1984.96,1953.24,1984.787,938211400
2022-05-26,1983.37,2004.709,1957.258,1996.795,865887000
2022-05-27,1998.621,2014.817,1982.072,2001.59,933615300
2022-05-30,2012.603,2025.868,2000.999,2019.852,984622000
2022-05-31,2016.353,2065.283,2015.049,2065.283,1325163400
2022-06-01,2050.988,2065.742,2031.744,2043.327,1230883400
2022-06-02,2034.292,2047.458,2019.641,2043.864,1085932900
2022-06-06,2037.468,2073.417,2028.467,2072.891,1142909400
2022-06-07,2078.733,2090.92,2056.168,2068.717,1135540400
2022-06-08,2070.129,2079.441,2034.116,2079.423,1122882600
2022-06-09,2077.066,2101.117,2066.689,2082.279,1128249600
2022-06-10,2063.245,2123.444,2059.36,2117.589,1087798500
2022-06-13,2105.86,2162.454,2104.282,2154.376,2313330700
2022-06-14,2139.587,2183.912,2127.849,2182.747,2117128300
2022-06-15,2186.528,2192.645,2143.498,2144.625,1945207600
2022-06-16,2149.955,2173.262,2130.799,2148.122,1730839800
2022-06-17,2138.733,2158.479,2113.141,2156.794,1503919200
2022-06-20,2152.983,2165.585,2125.058,2146.567,1468665700
2022-06-21,2137.934,2147.418,2098.479,2124.859,1311128600
2022-06-22,2120.717,2140.476,2097.186,2110.562,1373548500
2022-06-23,2114.009,2118.904,2068.784,2116.327,1233928600
2022-06-24,2109.271,2135.904,2106.884,2130.154,1177573400
2022-06-27,2137.256,2160.252,2136.463,2148.563,1595410300
2022-06-28,2152.988,2158.813,2142.846,2157.582,1333778000
2022-06-29,2147.851,2161.722,2111.819,2111.819,1401154800
2022-06-30,2116.989,2152.374,2114.928,2140.626,1357364800
2022-07-01,2148.191,2174.503,2138.615,2167.965,1337523900
2022-07-04,2176.871,2210.258,2166.599,2210.258,1616597800
2022-07-05,2210.804,2223.189,2188.041,2223.129,1712773700
2022-07-06,2208.576,2208.576,2139.487,2153.123,1578535900
2022-07-07,2154.568,2184.936,2148.747,2168.646,1086635200
2022-07-08,2176.415,2179.78,2151.767,2154.907,1155680300
2022-07-11,2149.896,2159.442,2119.926,2145.473,1186707400
2022-07-12,2144.732,2144.732,2103.066,2105.571,1040600200
2022-07-13,2105.816,2114.589,2082.641,2112.712,1141053800
2022-07-14,2103.384,2112.381,2091.044,2097.779,925803200
2022-07-15,2078.299,2101.966,2049.699,2049.699,1090392000
2022-07-18,2046.746,2071.368,2039.577,2068.407,948914300
2022-07-19,2069.212,2097.799,2065.544,2093.168,893108500
2022-07-20,2092.341,2098.569,2074.912,2086.608,843715900
2022-07-21,2087.036,2087.036,2050.58,2051.242,1146358900
2022-07-22,2047.327,2057.443,2014.383,2032.052,926081900
2022-07-25,2029.188,2045.628,2023.643,2028.751,747755600
2022-07-26,2031.483,2047.767,2018.418,2045.561,653023400
2022-07-27,2043.414,2045.196,2034.387,2043.143,634187800
2022-07-28,2051.709,2060.115,2037.44,2038.362,731726200
2022-07-29,2036.926,2051.957,2024.036,2026.534,850266800
2022-08-01,2020.568,2034.824,2004.477,2034.824,787158100
2022-08-02,2016.106,2016.391,1971.215,1994.203,1317453000
2022-08-03,1986.055,2013.922,1970.209,1975.77,1032872000
2022-08-04,1981.631,2002.153,1970.16,2001.337,852578700
2022-08-05,2004.672,2017.954,1985.899,2017.819,806854200
2022-08-08,2014.586,2033.73,2006.064,2022.163,655520200
2022-08-09,2021.292,2023.782,2001.12,2023.782,795408700
2022-08-10,2021.439,2030.329,2001.251,2013.014,759718700
2022-08-11,2017.191,2039.9,2010.846,2039.642,739491800
2022-08-12,2039.003,2049.285,2035.354,2042.439,713438600
2022-08-15,2043.847,2056.365,2034.284,2043.652,910859700
2022-08-16,2042.546,2060.471,2039.485,2059.903,983474400
2022-08-17,2061.776,2062.504,2046.381,2058.017,1082977600
2022-08-18,2048.66,2048.66,2024.524,2028.426,794474200
2022-08-19,2023.841,2047.395,2021.148,2025.828,844873100
2022-08-22,2027.518,2079.78,2027.518,2079.646,1217070000
2022-08-23,2072.863,2088.263,2063.043,2088.263,1149920800
2022-08-24,2089.201,2102.709,2049.953,2054.008,1494362600
2022-08-25,2060.418,2078.241,2043.787,2071.551,1152230800
2022-08-26,2073.244,2106.245,2061.266,2092.434,1200002900
2022-08-29,2071.208,2099.199,2065.025,2098.915,1167842900
2022-08-30,2097.779,2100.198,2067.579,2080.683,1222099000
2022-08-31,2066.968,2074.141,2024.798,2028.899,1124782300
2022-09-01,2021.271,2060.154,2020.834,2029.796,974015600
2022-09-02,2033.959,2039.882,2021.333,2031.065,902203000
2022-09-05,2026.538,2034.639,2002.073,2026.669,843612500
2022-09-06,2031.338,2073.038,2025.068,2072.031,1170820200
2022-09-07,2064.301,2064.301,2040.589,2050.091,1007347500
2022-09-08,2049.105,2052.402,2007.123,2011.272,835982400
2022-09-09,2014.175,2016.37,1994.972,2009.915,681640600
2022-09-13,2018.893,2037.199,2010.001,2025.684,877591200
2022-09-14,1997.618,2003.398,1979.899,1990.828,780362000
2022-09-15,1996.034,1997.516,1931.296,1953.094,955618800
2022-09-16,1948.633,1954.167,1902.339,1902.432,803070500
2022-09-19,1898.731,1917.063,1882.313,1904.316,592060700
2022-09-20,1915.872,1925.883,1908.094,1915.428,530162500
2022-09-21,1910.317,1916.286,1889.731,1910.809,558629300
2022-09-22,1896.226,1913.426,1893.754,1905.56,650129600
2022-09-23,1902.357,1911.114,1862.118,1875.699,712739300
2022-09-26,1861.15,1861.669,1820.483,1823.609,698749500
2022-09-27,1828.348,1866.28,1819.529,1866.28,628379800
2022-09-28,1859.813,1864.879,1813.027,1813.267,673488900
2022-09-29,1834.264,1851.085,1810.169,1822.399,593606700
2022-09-30,1818.85,1834.872,1805.036,1809.277,470201200
2022-10-10,1824.438,1845.18,1805.551,1813.727,658552600
2022-10-11,1816.253,1822.899,1788.926,1821.198,534252100
2022-10-12,1816.259,1851.733,1790.789,1851.327,741070900
2022-10-13,1836.917,1886.81,1832.546,1868.32,742244500
2022-10-14,1873.469,1899.91,1873.469,1897.093,738426000
2022-10-17,1887.04,1921.188,1884.452,1919.231,697379000
2022-10-18,1921.477,1925.069,1913.377,1915.862,615336100
2022-10-19,1909.568,1918.208,1875.794,1875.794,586645400
2022-10-20,1869.202,1877.338,1845.621,1851.304,618852900
2022-10-21,1853.405,1859.422,1833.52,1841.118,569684400
2022-10-24,1841.111,1860.944,1792.171,1800.666,723700800
2022-10-25,1793.723,1800.345,1756.743,1781.6,662808000
2022-10-26,1782.693,1814.812,1782.693,1791.997,671818600
2022-10-27,1791.296,1801.813,1780.978,1789.516,578967400
2022-10-28,1776.117,1776.117,1703.156,1708.139,1032958600
2022-10-31,1694.076,1736.435,1694.076,1718.29,860975500
2022-11-01,1720.321,1768.435,1720.321,1768.435,893313900
2022-11-02,1769.857,1802.638,1766.423,1791.703,1034575700
2022-11-03,1778.878,1808.507,1776.303,1805.461,831535100
2022-11-04,1803.836,1839.283,1802.139,1835.062,910253200
2022-11-07,1831.807,1852.056,1827.802,1842.518,811001300
2022-11-08,1842.169,1847.81,1822.115,1833.516,602843200
2022-11-09,1831.525,1838.922,1824.744,1826.061,517654600
2022-11-10,1819.547,1834.056,1813.021,1827.486,669546900
2022-11-11,1852.169,1862.997,1841.67,1843.827,909958200
2022-11-14,1851.114,1862.736,1838.159,1845.631,838478000
2022-11-15,1848.528,1876.362,1847.896,1876.362,784568600
2022-11-16,1874.445,1876.93,1865.555,1869.61,657159000
2022-11-17,1863.266,1872.835,1853.156,1872.835,736958200
2022-11-18,1873.543,1873.936,1845.367,1846.784,693067900
2022-11-21,1837.33,1851.974,1819.388,1851.462,601935700
2022-11-22,1848.364,1853.745,1823.982,1831.722,588676200
2022-11-23,1830.197,1830.197,1807.311,1823.293,585199900
2022-11-24,1824.992,1837.017,1820.139,1828.223,541306900
2022-11-25,1828.051,1828.663,1812.494,1820.925,466857200
2022-11-28,1801.181,1814.033,1780.807,1813.356,585177400
2022-11-29,1816.226,1841.326,1814.56,1841.326,614226900
2022-11-30,1840.553,1863.414,1837.609,1846.328,822072600
2022-12-01,1861.66,1881.243,1861.66,1874.534,932094600
2022-12-02,1878.442,1889.832,1868.841,1886.202,917324800
2022-12-05,1893.728,1908.937,1889.12,1904.797,1145045300
2022-12-06,1901.823,1928.201,1896.25,1926.151,1231369700
2022-12-07,1918.262,1938.579,1914.539,1930.856,1060421300
2022-12-08,1928.001,1928.001,1908.179,1915.361,1019206100
2022-12-09,1915.719,1920.421,1896.33,1919.074,859643300
2022-12-12,1915.162,1915.689,1897.348,1901.862,893993300
2022-12-13,1901.741,1917.927,1898.493,1914.052,975788600
2022-12-14,1908.397,1917.637,1901.12,1914.426,794754400
2022-12-15,1911.465,1914.916,1897.251,1905.113,809206900
2022-12-16,1896.584,1906.834,1892.741,1900.761,795734900
2022-12-19,1896.163,1901.854,1857.137,1862.983,835942200
2022-12-20,1857.145,1860.473,1828.428,1832.359,661687400
2022-12-21,1831.921,1866.675,1831.921,1849.983,649386600
2022-12-22,1857.585,1871.513,1824.431,1830.83,861728100
2022-12-23,1822.066,1837.868,1810.739,1822.442,792895400
2022-12-26,1834.366,1847.24,1828.354,1835.432,1001902700
2022-12-27,1836.066,1862.377,1822.375,1861.656,1041933100
2022-12-28,1850.45,1850.45,1825.881,1830.334,841896900
2022-12-29,1823.871,1827.317,1813.544,1819.485,656884200
2022-12-30,1828.065,1831.562,1810.391,1829.437,786414200
2023-01-03,1828.073,1838.561,1811.585,1837.133,758318600
2023-01-04,1835.009,1844.646,1829.718,1837.654,747458700
2023-01-05,1840.788,1851.969,1833.202,1850.82,794025100
2023-01-06,1848.718,1854.994,1839.163,1844.819,790710500
2023-01-09,1845.935,1858.261,1842.069,1856.176,734433200
2023-01-10,1859.191,1859.191,1844.671,1855.842,665531100
2023-01-11,1855.23,1862.492,1848.416,1852.842,659133800
2023-01-12,1849.969,1855.248,1837.509,1842.822,523595700
2023-01-13,1845.619,1865.831,1843.567,1865.831,601365800
2023-01-16,1867.064,1902.229,1867.064,1896.561,792782600
2023-01-17,1898.84,1899.759,1887.69,1894.308,583154500
2023-01-18,1896.152,1896.531,1889.371,1890.419,516866400
2023-01-19,1887.862,1899.604,1881.597,1899.438,549501000
2023-01-20,1901.258,1915.996,1899.271,1914.545,669079500
2023-01-30,1933.21,1937.73,1920.007,1921.908,956317900
2023-01-31,1916.191,1936.713,1914.287,1934.746,871871900
2023-02-01,1932.238,1952.757,1925.423,1952.568,969077300
2023-02-02,1952.849,1960.626,1941.998,1956.973,885718100
2023-02-03,1953.527,1954.268,1929.334,1950.146,846575300
2023-02-06,1940.225,1943.594,1926.893,1938.478,722434400
2023-02-07,1938.983,1943.524,1929.336,1940.623,634113300
2023-02-08,1942.325,1944.615,1928.495,1928.64,627402000
2023-02-09,1926.441,1945.381,1924.206,1944.447,613446500
2023-02-10,1944.13,1961.165,1942.797,1958.09,936711500
2023-02-13,1961.604,1981.685,1960.149,1980.863,976621700
2023-02-14,1990.093,1990.942,1967.547,1976.158,1035173300
2023-02-15,1977.109,1977.449,1950.898,1954.922,756081300
2023-02-16,1954.55,1964.631,1908.063,1922.276,931193400
2023-02-17,1923.349,1944.874,1923.349,1926.824,691488900
2023-02-20,1929.732,1952.602,1915.06,1952.386,858501600
2023-02-21,1955.549,1974.466,1951.908,1969.074,961941200
2023-02-22,1963.933,1978.782,1961.164,1974.448,745615900
2023-02-23,1973.458,1979.77,1954.475,1964.182,792206200
2023-02-24,1964.638,1965.952,1945.364,1961.435,597713300
2023-02-27,1955.838,1979.035,1948.57,1971.187,740663800
2023-02-28,1970.05,1979.83,1963.07,1978.764,608883300
2023-03-01,1979.295,1979.43,1967.569,1978.745,583328500
2023-03-02,1977.972,1986.096,1974.089,1975.828,546932200
2023-03-03,1975.915,1976.799,1957.82,1965.85,371002300
2023-03-06,1970.06,1989.566,1965.432,1986.393,605658500
2023-03-07,1984.834,1986.433,1938.678,1938.678,603238500
2023-03-08,1934.339,1939.781,1925.491,1935.559,372489700
2023-03-09,1935.868,1938.007,1915.286,1918.694,335514600
2023-03-10,1912.006,1915.357,1897.54,1904.187,366813800
2023-03-13,1901.004,1911.18,1890.253,1911.18,396179600
2023-03-14,1911.477,1931.238,1895.757,1912.006,540700600
2023-03-15,1914.584,1931.202,1914.584,1923.774,451003000
2023-03-16,1918.333,1927.564,1897.783,1898.764,505643400
2023-03-17,1905.769,1914.254,1896.946,1901.193,393239000
2023-03-20,1905.045,1905.045,1874.324,1876.481,437719200
2023-03-21,1882.011,1889.288,1875.141,1883.581,307947800
2023-03-22,1886.541,1897.237,1874.252,1880.866,320407800
2023-03-23,1879.377,1879.714,1859.192,1871.007,326331300
2023-03-24,1870.038,1872.041,1860.227,1860.708,325855200
2023-03-27,1863.57,1868.219,1854.68,1866.611,359417300
2023-03-28,1868.836,1881.675,1862.577,1870.725,414024200
2023-03-29,1871.056,1871.624,1848.778,1852.447,388471600
2023-03-30,1853.609,1866.238,1842.095,1864.887,415841800
2023-03-31,1879.751,1906.318,1879.751,1899.129,571541600
2023-04-03,1899.072,1922.354,1897.547,1917.572,501377800
2023-04-04,1916.875,1933.805,1905.97,1917.251,477510400
2023-04-06,1917.562,1925.295,1904.296,1911.411,515870900
2023-04-07,1908.918,1915.268,1905.634,1907.261,413335300
2023-04-10,1914.773,1914.773,1884.062,1891.295,449551500
2023-04-11,1889.305,1889.311,1878.048,1888.511,348902000
2023-04-12,1887.66,1890.413,1871.006,1873.723,359008500
2023-04-13,1869.439,1878.266,1860.943,1865.958,359295600
2023-04-14,1867.977,1869.517,1855.228,1860.469,290714200
2023-04-17,1860.504,1873.366,1855.412,1873.285,344920300
2023-04-18,1875.861,1878.905,1870.292,1873.334,307090700
2023-04-19,1872.266,1878.711,1863.183,1866.157,332930800
2023-04-20,1863.082,1863.082,1847.265,1855.42,340041700
2023-04-21,1858.567,1868.385,1838.727,1839.266,506991800
2023-04-24,1835.0,1835.889,1800.192,1807.837,401564300
2023-04-25,1812.665,1824.773,1783.265,1802.326,485825900
2023-04-26,1802.674,1832.607,1799.062,1826.92,410937800
2023-04-27,1822.173,1831.79,1815.374,1820.277,384694200
2023-04-28,1816.418,1831.088,1815.337,1824.374,425062900
2023-05-04,1814.125,1827.418,1810.236,1822.326,462855600
2023-05-05,1822.356,1822.838,1784.984,1797.107,394784500
2023-05-08,1796.344,1809.305,1794.427,1802.743,422658000
2023-05-09,1802.168,1827.611,1793.786,1810.509,440130900
2023-05-10,1802.86,1807.612,1787.558,1806.889,325752500
2023-05-11,1810.584,1830.452,1806.981,1814.443,336047000
2023-05-12,1811.968,1832.072,1803.248,1804.455,361886000
2023-05-15,1806.432,1807.906,1779.419,1806.203,336437300
2023-05-16,1808.81,1809.949,1788.836,1792.811,274928700
2023-05-17,1787.871,1802.312,1783.7,1796.147,254700000
2023-05-18,1796.61,1802.558,1777.94,1781.52,279620500
2023-05-19,1777.231,1788.849,1761.908,1787.54,276867200
2023-05-22,1787.453,1816.259,1782.87,1814.728,409797200
2023-05-23,1816.811,1818.97,1799.098,1799.098,403568200
2023-05-24,1793.329,1793.329,1773.357,1777.546,326820200
2023-05-25,1771.894,1773.234,1740.86,1752.418,336902000
2023-05-26,1750.879,1751.066,1730.599,1746.862,232733100
2023-05-29,1751.466,1759.258,1745.657,1755.341,263484800
2023-05-30,1749.899,1753.414,1725.481,1745.627,266299500
2023-05-31,1742.556,1742.71,1723.229,1728.496,308270000
2023-06-01,1724.277,1747.399,1719.228,1743.657,369573200
2023-06-02,1741.934,1756.421,1738.304,1753.368,320742500
2023-06-05,1753.884,1753.884,1736.201,1750.887,250681300
2023-06-06,1748.41,1748.654,1726.981,1729.234,322149800
2023-06-07,1724.873,1738.841,1724.873,1731.948,301502600
2023-06-08,1728.649,1761.174,1728.301,1760.49,485386800
2023-06-09,1758.709,1768.588,1746.397,1767.375,498481000
2023-06-12,1762.245,1772.147,1754.419,1764.046,411847600
2023-06-13,1761.756,1768.949,1744.957,1747.12,400349100
2023-06-14,1746.792,1751.941,1735.437,1738.28,457042600
2023-06-15,1739.947,1741.148,1725.167,1740.438,425443100
2023-06-16,1739.342,1759.478,1738.45,1753.698,386456400
2023-06-19,1754.87,1761.867,1737.951,1738.617,372863500
2023-06-20,1736.897,1738.477,1726.992,1728.507,340022800
2023-06-21,1727.452,1731.937,1706.961,1706.961,300865600
2023-06-26,1701.651,1709.811,1695.584,1697.168,305457100
2023-06-27,1699.198,1727.429,1699.198,1723.475,257616600
2023-06-28,1722.391,1724.034,1705.283,1723.834,235584000
2023-06-29,1719.645,1735.034,1714.526,1729.907,244703700
2023-06-30,1729.308,1753.955,1729.308,1745.776,284278700
2023-07-03,1749.066,1761.147,1747.77,1759.666,298581300
2023-07-04,1760.009,1761.993,1747.199,1751.514,252125900
2023-07-05,1751.409,1751.409,1740.733,1745.195,253056700
2023-07-06,1739.361,1762.878,1737.385,1753.313,342459800
2023-07-07,1746.16,1782.882,1746.023,1775.705,623799800
2023-07-10,1777.013,1793.876,1775.36,1780.686,568276800
2023-07-11,1782.218,1782.605,1764.32,1773.405,364393800
2023-07-12,1777.797,1785.572,1767.762,1776.793,470080200
2023-07-13,1775.017,1784.594,1773.824,1784.594,388336300
2023-07-14,1785.687,1788.719,1776.351,1780.206,433401900
2023-07-17,1777.882,1797.327,1772.936,1791.374,412423900
2023-07-18,1797.598,1810.934,1792.765,1805.168,460699400
2023-07-19,1800.718,1815.485,1796.984,1808.269,378302200
2023-07-20,1815.642,1824.14,1804.196,1805.917,419826100
2023-07-21,1807.427,1836.448,1807.427,1833.302,607112600
2023-07-24,1824.414,1825.563,1796.197,1799.717,410826500
2023-07-25,1805.398,1809.523,1794.804,1802.153,411312900
2023-07-26,1801.336,1813.664,1798.593,1812.475,353431100
2023-07-27,1810.039,1816.264,1797.952,1800.733,367183800
2023-07-28,1796.175,1812.006,1791.02,1808.128,334939800
2023-07-31,1819.884,1845.177,1819.884,1845.158,771762700
2023-08-01,1842.766,1842.766,1822.043,1825.747,620139700
2023-08-02,1821.386,1826.032,1809.499,1814.261,434109400
2023-08-03,1811.806,1823.67,1810.71,1822.478,439976300
2023-08-04,1825.708,1828.195,1807.376,1808.847,465226500
2023-08-07,1814.709,1823.745,1810.435,1817.199,728909700
2023-08-08,1815.947,1825.067,1798.089,1824.4,740950400
2023-08-09,1816.243,1816.243,1797.093,1800.635,527883200
2023-08-10,1802.609,1813.542,1797.334,1812.307,502941800
2023-08-11,1810.636,1810.636,1773.209,1773.72,496318900
2023-08-14,1761.091,1764.79,1746.875,1764.072,390845700
2023-08-15,1763.563,1770.273,1750.432,1764.052,374644900
2023-08-16,1758.622,1770.303,1750.701,1755.185,326380000
2023-08-17,1750.36,1763.709,1733.991,1763.554,327862800
2023-08-18,1761.061,1763.995,1728.202,1728.202,339671600
2023-08-21,1724.607,1741.666,1714.505,1714.505,340857300
2023-08-22,1717.302,1727.306,1689.538,1712.331,446134200
2023-08-23,1712.333,1715.993,1694.788,1694.89,410868600
2023-08-24,1696.41,1722.285,1685.603,1718.105,631026200
2023-08-25,1718.452,1750.041,1712.704,1719.411,756501500
2023-08-28,1787.912,1787.912,1726.548,1731.295,820252600
2023-08-29,1728.174,1759.919,1723.179,1756.067,805486500
2023-08-30,1751.488,1758.639,1736.904,1739.797,600774400
2023-08-31,1735.872,1742.97,1730.237,1739.088,564623800
2023-09-01,1742.539,1758.502,1742.356,1754.41,604087800
2023-09-04,1759.228,1775.885,1759.228,1774.637,771451600
2023-09-05,1768.611,1768.611,1752.593,1754.721,552499100
2023-09-06,1751.785,1752.142,1739.172,1744.275,456860500
2023-09-07,1741.002,1745.173,1723.037,1725.422,440408600
2023-09-08,1721.392,1724.579,1710.968,1714.607,351544300
2023-09-11,1716.193,1738.905,1715.256,1736.978,342608900
2023-09-12,1737.842,1752.114,1731.29,1748.679,361763500
2023-09-13,1748.22,1750.221,1730.857,1738.766,387736200
2023-09-14,1739.108,1739.108,1721.369,1726.54,319894200
2023-09-15,1730.051,1741.77,1727.772,1734.652,347814800
2023-09-18,1731.725,1745.252,1720.056,1742.739,320183800
2023-09-19,1741.515,1752.791,1739.624,1745.4,297489700
2023-09-20,1743.578,1754.847,1738.956,1745.701,348998700
2023-09-21,1743.208,1743.346,1726.135,1726.243,327749400
2023-09-22,1727.416,1745.012,1720.07,1744.89,311549400
2023-09-25,1742.668,1756.665,1739.0,1745.679,340281600
2023-09-26,1743.994,1747.13,1731.014,1731.67,285845700
2023-09-27,1730.107,1744.225,1729.043,1738.395,319163600
2023-09-28,1742.339,1744.625,1729.413,1733.131,338190400
2023-10-09,1727.761,1730.147,1713.071,1720.626,350329700
2023-10-10,1718.852,1725.559,1709.881,1711.467,282591500
2023-10-11,1712.705,1719.816,1701.735,1704.488,306747600
2023-10-12,1710.122,1723.522,1710.084,1721.585,309994200
2023-10-13,1717.784,1717.784,1702.636,1706.662,278727000
2023-10-16,1707.322,1711.943,1701.067,1705.515,317864400
2023-10-17,1704.917,1706.752,1690.595,1697.159,244412200
2023-10-18,1696.352,1706.469,1682.042,1682.842,397759000
2023-10-19,1674.424,1675.487,1653.591,1654.28,331003800
2023-10-20,1648.227,1657.351,1641.648,1643.403,255808300
2023-10-23,1641.529,1649.782,1605.826,1612.959,325561100
2023-10-24,1613.09,1639.437,1608.849,1636.594,289973500
2023-10-25,1644.386,1663.608,1644.386,1653.592,292395800
2023-10-26,1648.216,1653.069,1635.918,1649.288,247712100
2023-10-27,1645.187,1683.383,1637.801,1675.959,306907900
2023-10-30,1672.97,1707.583,1672.97,1699.722,427319300
2023-10-31,1698.111,1705.082,1688.173,1693.061,367934000
2023-11-01,1696.447,1698.238,1689.008,1695.817,388721400
2023-11-02,1694.769,1699.348,1677.098,1677.985,326211200
2023-11-03,1678.049,1695.671,1678.049,1685.913,287750700
2023-11-06,1690.813,1696.824,1683.502,1694.396,330134200
2023-11-07,1694.048,1696.566,1679.922,1690.593,293760700
2023-11-08,1689.431,1691.286,1676.729,1686.274,260677700
2023-11-09,1684.342,1694.188,1679.002,1680.348,226393400
2023-11-10,1680.011,1685.923,1670.96,1682.86,226622700
2023-11-13,1685.061,1689.601,1670.026,1688.605,258241900
2023-11-14,1687.647,1696.591,1685.81,1692.099,236336400
2023-11-15,1698.975,1700.713,1692.316,1696.532,238466500
2023-11-16,1695.385,1703.532,1687.576,1687.969,228585900
2023-11-17,1684.319,1700.095,1681.169,1698.965,237290600
2023-11-20,1698.162,1716.449,1691.087,1715.008,354108300
2023-11-21,1719.288,1720.274,1703.154,1704.569,334652700
2023-11-22,1701.457,1716.889,1700.688,1706.316,294933200
2023-11-23,1702.873,1721.083,1702.873,1719.579,260378400
2023-11-24,1716.971,1729.201,1711.517,1720.168,500091100
2023-11-27,1717.202,1730.486,1716.363,1724.159,585897000
2023-11-28,1719.721,1731.234,1705.379,1730.386,527773700
2023-11-29,1729.703,1730.623,1720.134,1724.794,466745000
2023-11-30,1722.643,1727.544,1712.992,1726.145,470162200
2023-12-01,1725.198,1729.79,1715.29,1719.073,434282100
2023-12-04,1715.964,1730.948,1707.906,1721.668,428042100
2023-12-05,1719.715,1728.075,1703.558,1703.693,479241600
2023-12-06,1698.457,1739.823,1698.457,1733.559,549785200
2023-12-07,1732.935,1736.53,1716.324,1730.289,417475000
2023-12-08,1729.921,1731.361,1702.028,1703.602,524036300
2023-12-11,1696.673,1729.259,1677.848,1725.392,455360200
2023-12-12,1721.377,1725.809,1714.85,1723.998,291690500
2023-12-13,1724.563,1724.563,1704.202,1705.09,303153400
2023-12-14,1706.45,1717.209,1704.483,1705.328,348477400
2023-12-15,1705.035,1711.291,1695.818,1700.81,340678200
2023-12-18,1695.96,1705.461,1677.781,1680.44,349795200
2023-12-19,1678.266,1682.548,1668.906,1678.69,285737800
2023-12-20,1677.872,1685.584,1661.075,1661.718,294262600
2023-12-21,1658.279,1662.437,1632.143,1660.566,409312700
2023-12-22,1657.605,1663.654,1642.941,1652.173,346025300
2023-12-25,1655.546,1655.546,1637.157,1651.877,290593900
2023-12-26,1649.835,1659.511,1639.703,1647.144,241011800
2023-12-27,1645.898,1664.301,1640.508,1662.349,285210400
2023-12-28,1661.022,1680.073,1653.521,1676.73,346444400
2023-12-29,1674.288,1689.713,1673.312,1687.594,325658200
2024-01-02,1688.242,1702.199,1680.629,1697.836,386751800
2024-01-03,1691.342,1703.209,1690.732,1698.57,310930100
2024-01-04,1698.015,1698.669,1684.619,1690.519,246690300
2024-01-05,1688.935,1690.783,1658.522,1663.078,279755200
2024-01-08,1660.122,1660.122,1625.196,1625.198,342343300
2024-01-09,1630.203,1643.522,1624.232,1633.188,273430900
2024-01-10,1632.487,1638.863,1620.198,1631.244,305944300
2024-01-11,1630.165,1663.629,1629.555,1658.686,335918300
2024-01-12,1656.201,1680.792,1653.846,1661.058,306886600
2024-01-15,1662.76,1663.393,1648.748,1654.636,255586900
2024-01-16,1652.181,1661.117,1634.02,1649.649,274636600
2024-01-17,1651.514,1651.514,1609.511,1609.511,263381700
2024-01-18,1602.232,1602.232,1549.856,1595.02,443655900
2024-01-19,1592.314,1594.452,1573.834,1575.555,264744000
2024-01-22,1571.842,1571.842,1481.403,1490.495,402629200
2024-01-23,1487.368,1505.939,1469.383,1501.154,325575200
2024-01-24,1507.517,1519.738,1471.218,1518.831,389368600
2024-01-25,1519.613,1564.505,1517.24,1564.505,433984500
2024-01-26,1561.973,1582.576,1555.7,1561.058,386526400
2024-01-29,1560.968,1568.957,1533.303,1535.436,313616400
2024-01-30,1528.542,1544.024,1500.082,1501.068,348425700
2024-01-31,1490.943,1498.215,1452.806,1457.116,392678900
2024-02-01,1447.742,1461.944,1420.641,1442.051,386633100
2024-02-02,1440.162,1464.247,1365.752,1408.197,471096600
2024-02-05,1399.651,1399.651,1314.286,1357.494,588015200
2024-02-06,1335.665,1423.18,1315.444,1407.53,614864900
2024-02-07,1408.002,1467.161,1395.362,1458.232,679774600
2024-02-08,1456.155,1504.377,1455.338,1495.216,723927900
2024-02-19,1505.503,1505.503,1472.903,1486.73,604899400
2024-02-20,1479.052,1493.119,1466.738,1491.236,364689700
2024-02-21,1484.704,1531.009,1476.985,1500.779,534941400
2024-02-22,1497.44,1512.238,1492.648,1512.238,480508000
2024-02-23,1512.685,1518.981,1496.313,1518.968,460087200
2024-02-26,1517.893,1547.911,1508.343,1530.956,490205600
2024-02-27,1527.879,1558.185,1520.302,1558.185,453388700
2024-02-28,1558.226,1581.277,1528.199,1528.199,817667300
2024-02-29,1514.763,1559.012,1512.774,1559.012,744407400
2024-03-01,1554.768,1557.543,1537.735,1546.86,556202600
2024-03-04,1545.688,1551.147,1533.978,1543.401,485665000
2024-03-05,1536.897,1543.766,1528.456,1533.434,462357600
2024-03-06,1529.241,1541.479,1516.786,1527.52,342850400
2024-03-07,1528.148,1555.202,1527.67,1527.935,410350800
2024-03-08,1526.982,1534.28,1511.4,1527.619,419409900
2024-03-11,1525.251,1544.998,1522.15,1544.866,369666200
2024-03-12,1546.62,1556.219,1539.464,1556.135,429617800
2024-03-13,1558.469,1560.022,1536.98,1542.306,425245300
2024-03-14,1539.586,1549.495,1522.57,1533.275,369317000
2024-03-15,1532.569,1550.425,1531.742,1550.425,511828900
2024-03-18,1556.571,1571.671,1547.851,1571.671,728152200
2024-03-19,1576.422,1595.482,1576.117,1587.676,714470100
2024-03-20,1588.681,1594.289,1579.639,1588.961,676509600
2024-03-21,1587.02,1612.793,1587.02,1608.044,698462600
2024-03-22,1607.624,1607.624,1566.033,1569.884,731162100
2024-03-25,1557.782,1572.995,1545.23,1545.532,525431300
2024-03-26,1548.043,1560.947,1536.837,1555.052,469199200
2024-03-27,1553.914,1562.328,1533.966,1533.966,576144000
2024-03-28,1529.491,1550.758,1527.437,1541.604,555309300
2024-03-29,1543.068,1573.063,1541.78,1572.065,587074500
2024-04-01,1572.042,1604.925,1571.731,1603.119,612063900
2024-04-02,1601.791,1617.054,1597.063,1613.888,628183300
2024-04-03,1612.974,1634.509,1611.979,1633.601,650052400
2024-04-08,1630.667,1638.767,1615.458,1616.339,771349700
2024-04-09,1604.333,1620.712,1589.131,1620.673,629401800
2024-04-10,1614.712,1621.547,1586.263,1597.011,632847600
2024-04-11,1588.396,1603.308,1583.299,1595.901,561825500
2024-04-12,1589.865,1595.268,1573.16,1575.631,524633500
2024-04-15,1569.173,1575.947,1531.087,1559.51,585970800
2024-04-16,1549.803,1561.869,1498.146,1499.53,558705300
2024-04-17,1507.275,1541.852,1507.275,1541.107,558049200
2024-04-18,1538.916,1563.956,1528.965,1546.981,508140400
2024-04-19,1540.523,1569.244,1533.338,1567.977,575547600
2024-04-22,1566.818,1599.519,1562.975,1577.609,550882400
2024-04-23,1572.934,1578.856,1562.783,1569.979,438394300
2024-04-24,1571.098,1572.83,1552.776,1569.741,522402800
2024-04-25,1566.701,1584.516,1564.508,1577.035,434692200
2024-04-26,1567.966,1583.199,1567.453,1581.434,506426000
2024-04-29,1576.774,1612.465,1576.774,1612.037,617832700
2024-04-30,1607.981,1625.815,1607.631,1611.334,582860700
2024-05-06,1628.643,1659.388,1626.954,1654.699,661940200
2024-05-07,1656.345,1660.898,1640.71,1655.995,601881800
2024-05-08,1658.57,1679.337,1652.903,1668.661,771839500
2024-05-09,1667.698,1698.271,1664.182,1695.062,718172400
2024-05-10,1694.106,1712.616,1681.312,1685.959,912528900
2024-05-13,1675.164,1682.585,1666.415,1676.904,777126400
2024-05-14,1676.675,1690.671,1675.475,1679.773,658914200
2024-05-15,1676.245,1677.601,1658.371,1660.946,574494500
2024-05-16,1663.381,1674.407,1659.116,1665.803,680915700
2024-05-17,1664.695,1681.91,1660.522,1681.431,654994900
2024-05-20,1682.309,1709.605,1682.309,1694.652,699674500
2024-05-21,1691.892,1706.899,1682.511,1689.654,621523300
2024-05-22,1688.927,1694.112,1671.714,1675.828,539844800
2024-05-23,1672.524,1673.837,1633.661,1641.155,503484600
2024-05-24,1644.024,1664.929,1642.511,1646.22,546077800
2024-05-27,1643.815,1645.659,1619.611,1637.225,516262200
2024-05-28,1632.816,1632.816,1607.223,1608.277,545892000
2024-05-29,1605.578,1621.671,1598.269,1608.803,424001000
2024-05-30,1606.941,1620.434,1591.366,1596.084,516648000
2024-05-31,1593.567,1598.685,1581.22,1581.6,414613900
2024-06-03,1580.699,1582.118,1546.352,1559.759,562148500
2024-06-04,1555.167,1578.763,1545.729,1575.949,456981400
2024-06-05,1575.674,1576.346,1547.947,1547.947,396654200
2024-06-06,1542.439,1546.739,1506.524,1514.319,562157100
2024-06-07,1524.797,1540.05,1517.441,1531.794,562404000
2024-06-11,1526.159,1526.915,1505.41,1520.257,486689500
2024-06-12,1523.899,1528.051,1516.463,1520.639,455181700
2024-06-13,1515.522,1516.46,1482.573,1487.973,474745400
2024-06-14,1482.444,1493.326,1472.636,1488.919,412757900
2024-06-17,1480.684,1486.633,1466.97,1473.638,303817100
2024-06-18,1477.972,1485.578,1467.806,1477.056,277300600
2024-06-19,1474.66,1478.753,1458.028,1458.357,243290200
2024-06-20,1457.33,1467.056,1442.157,1444.646,278697900
2024-06-21,1439.67,1459.462,1439.222,1447.901,235651900
2024-06-24,1445.455,1445.455,1400.924,1404.874,356257800
2024-06-25,1406.757,1419.431,1399.665,1405.546,292954300
2024-06-26,1402.532,1418.381,1389.083,1417.032,289182700
2024-06-27,1411.354,1411.354,1388.575,1389.462,259522000
2024-06-28,1387.641,1408.545,1384.192,1389.926,262209100
2024-07-01,1389.475,1426.036,1389.475,1423.528,311269400
2024-07-02,1422.849,1427.772,1411.785,1415.775,295819500
2024-07-03,1414.229,1426.158,1401.763,1403.531,265038000
2024-07-04,1403.745,1406.599,1364.654,1368.773,308573800
2024-07-05,1364.92,1383.471,1359.744,1381.715,222124000
2024-07-08,1377.84,1380.668,1346.837,1350.063,236138500
2024-07-09,1348.927,1354.605,1320.459,1347.729,327593900
2024-07-10,1342.437,1354.96,1332.043,1346.275,361737500
2024-07-11,1361.298,1374.413,1354.291,1374.413,376327800
2024-07-12,1373.26,1379.483,1361.564,1368.896,283746400
2024-07-15,1366.143,1373.809,1361.998,1367.489,259104100
2024-07-16,1365.823,1371.363,1359.13,1365.591,231955300
2024-07-17,1364.582,1372.093,1355.201,1365.473,266091400
2024-07-18,1363.136,1379.342,1351.212,1378.845,270114200
2024-07-19,1374.132,1376.195,1360.881,1368.541,316561200
2024-07-22,1367.247,1368.784,1344.304,1350.813,288619200
2024-07-23,1349.389,1351.884,1310.719,1311.118,330718700
2024-07-24,1308.318,1314.046,1291.722,1294.903,317731200
2024-07-25,1288.035,1313.688,1281.221,1301.466,248742700
2024-07-26,1302.741,1321.873,1302.407,1321.416,237655100
2024-07-29,1323.525,1323.657,1307.389,1313.432,226092300
2024-07-30,1311.275,1319.495,1300.874,1310.797,290421500
2024-07-31,1310.7,1358.361,1308.153,1357.906,384547900
2024-08-01,1359.204,1370.15,1343.34,1351.241,288437100
2024-08-02,1345.344,1372.205,1342.439,1356.784,377866000
2024-08-05,1355.789,1373.487,1339.878,1339.878,392949000
2024-08-06,1355.564,1364.269,1347.539,1360.974,379306900
2024-08-07,1358.557,1358.557,1341.548,1348.276,307017300
2024-08-08,1343.285,1372.912,1341.471,1369.443,432101300
2024-08-09,1368.028,1370.679,1348.422,1348.836,321616100
2024-08-12,1346.539,1359.094,1344.688,1351.996,257237900
2024-08-13,1352.595,1363.073,1346.832,1361.519,297401600
2024-08-14,1360.076,1360.076,1336.839,1337.47,244737300
2024-08-15,1334.576,1354.947,1330.956,1338.272,259810300
2024-08-16,1337.755,1339.049,1320.058,1320.313,274613100
2024-08-19,1319.007,1330.134,1317.381,1320.702,264787800
2024-08-20,1319.561,1320.205,1291.754,1296.269,267896500
2024-08-21,1291.652,1294.374,1281.417,1283.327,216663400
2024-08-22,1284.576,1285.734,1264.07,1266.725,232236700
2024-08-23,1266.07,1277.94,1259.826,1264.984,203388900
2024-08-26,1266.259,1286.475,1262.244,1285.959,263003500
2024-08-27,1281.004,1287.89,1275.458,1281.056,241865800
2024-08-28,1276.406,1295.685,1273.648,1288.792,256197100
2024-08-29,1285.175,1297.936,1282.116,1291.401,247350400
2024-08-30,1291.978,1319.611,1277.738,1303.593,357389500
2024-09-02,1303.093,1314.321,1292.425,1293.149,371085700
2024-09-03,1294.284,1306.736,1287.449,1302.546,303002300
2024-09-04,1299.261,1314.818,1296.159,1299.015,295504400
2024-09-05,1299.841,1310.153,1299.215,1303.943,260651700
2024-09-06,1303.313,1304.325,1283.402,1284.194,246283600
2024-09-09,1281.03,1288.699,1274.097,1282.038,235024900
2024-09-10,1280.792,1282.847,1252.42,1269.452,314136000
2024-09-11,1264.651,1269.83,1253.67,1260.017,267862700
2024-09-12,1259.637,1272.814,1259.427,1262.799,255463000
2024-09-13,1261.982,1263.963,1253.908,1255.571,252804600
2024-09-18,1258.269,1259.723,1232.519,1244.353,288038400
2024-09-19,1247.688,1286.025,1247.628,1273.657,403132900
2024-09-20,1270.611,1270.611,1251.305,1258.749,294596100
2024-09-23,1256.954,1264.681,1248.674,1254.455,264368500
2024-09-24,1266.872,1313.189,1260.477,1313.112,540405800
2024-09-25,1328.943,1350.542,1314.5,1317.283,617933300
2024-09-26,1315.568,1368.909,1312.347,1368.893,584778400
2024-09-27,1387.117,1418.893,1383.819,1418.893,536552400
2024-09-30,1470.618,1540.953,1450.269,1534.645,1305473000
2024-10-08,1684.422,1684.422,1516.979,1566.458,1548697400
2024-10-09,1545.781,1545.781,1446.792,1446.792,1015506300
2024-10-10,1458.913,1496.942,1445.404,1462.521,760586200
2024-10-11,1460.73,1460.73,1401.243,1415.588,593271700
2024-10-14,1421.891,1445.691,1410.157,1441.849,529944900
2024-10-15,1435.928,1444.444,1415.372,1415.629,502084800
2024-10-16,1402.628,1436.925,1402.214,1416.715,485334500
2024-10-17,1421.202,1426.766,1393.992,1394.209,472058100
2024-10-18,1392.727,1435.506,1386.014,1415.811,609610400
2024-10-21,1420.595,1431.886,1406.747,1417.808,666675500
2024-10-22,1417.054,1452.558,1412.939,1452.558,695217000
2024-10-23,1449.288,1459.834,1435.939,1453.9,742512800
2024-10-24,1447.802,1463.478,1440.82,1445.928,543640400
2024-10-25,1444.953,1470.437,1443.788,1469.963,667509700
2024-10-28,1470.88,1506.15,1469.406,1506.136,843310300
2024-10-29,1501.319,1501.786,1462.377,1465.6,909182600
2024-10-30,1457.151,1467.011,1448.026,1465.698,697320100
2024-10-31,1465.259,1471.323,1453.9,1466.933,693378900
2024-11-01,1460.678,1481.128,1450.88,1461.047,896869400
2024-11-04,1459.346,1470.422,1449.11,1470.422,690451300
2024-11-05,1468.867,1496.724,1464.553,1496.724,910670800
2024-11-06,1497.508,1529.573,1490.435,1527.522,1261370900
2024-11-07,1529.639,1564.809,1526.141,1563.253,1435501100
2024-11-08,1570.459,1573.801,1536.284,1545.823,1312369800
2024-11-11,1533.553,1547.433,1519.236,1547.029,929326300
2024-11-12,1548.76,1569.87,1532.131,1543.294,1008547800
2024-11-13,1534.901,1547.071,1513.483,1535.4,678254700
2024-11-14,1532.803,1534.46,1498.263,1501.49,664453200
2024-11-15,1497.864,1512.263,1485.182,1485.251,614622100
2024-11-18,1487.474,1497.569,1453.902,1460.392,619342500
2024-11-19,1463.303,1488.16,1458.273,1488.16,562714100
2024-11-20,1489.525,1507.139,1483.561,1506.799,566583900
2024-11-21,1507.715,1517.272,1502.336,1513.804,496170800
2024-11-22,1511.951,1513.673,1470.488,1470.851,820092400
2024-11-25,1470.681,1487.528,1451.418,1476.836,678927000
2024-11-26,1474.537,1486.067,1466.531,1469.837,525664500
2024-11-27,1463.616,1474.824,1430.121,1474.4,538953900
2024-11-28,1470.845,1495.994,1467.729,1487.674,742403300
2024-11-29,1483.922,1522.975,1481.214,1520.695,848007700
2024-12-02,1525.058,1553.431,1523.539,1549.921,1003663300
2024-12-03,1554.046,1554.268,1524.967,1538.246,961821700
2024-12-04,1531.605,1543.2,1515.838,1522.312,819295600
2024-12-05,1518.613,1531.861,1510.427,1528.058,642611600
2024-12-06,1524.142,1550.653,1522.203,1547.611,847577400
2024-12-09,1547.263,1552.732,1530.749,1538.439,773385600
2024-12-10,1571.815,1575.499,1539.07,1540.764,951825100
2024-12-11,1538.99,1575.146,1538.172,1575.146,870179600
2024-12-12,1576.348,1606.69,1566.19,1606.059,1078765600
2024-12-13,1598.969,1605.875,1579.38,1580.864,1055654600
2024-12-16,1577.216,1586.613,1568.332,1575.846,817569000
2024-12-17,1574.232,1574.232,1541.605,1551.134,898765400
2024-12-18,1547.81,1559.953,1537.443,1542.121,729910200
2024-12-19,1528.362,1528.983,1504.232,1522.643,669721700
2024-12-20,1521.048,1531.897,1517.851,1521.094,468604900
2024-12-23,1520.755,1521.649,1479.241,1479.362,591712300
2024-12-24,1474.675,1491.225,1471.794,1490.476,451766800
2024-12-25,1488.806,1489.478,1462.853,1474.855,401665600
2024-12-26,1473.637,1481.439,1468.084,1476.704,395226300
2024-12-27,1475.077,1518.327,1472.141,1514.448,709133000
2024-12-30,1509.37,1509.37,1486.303,1492.678,549288800
2024-12-31,1494.379,1499.299,1468.591,1469.675,466059200
2025-01-02,1468.955,1483.352,1431.132,1440.132,537602400
2025-01-03,1443.026,1446.983,1395.459,1397.691,520070600
2025-01-06,1397.672,1415.763,1381.175,1398.262,382231800
2025-01-07,1398.361,1403.186,1383.188,1402.139,366090900
2025-01-08,1395.346,1396.266,1359.089,1386.375,455955600
2025-01-09,1379.735,1394.862,1374.37,1383.882,364693100
2025-01-10,1382.709,1389.353,1358.177,1358.185,376271700
2025-01-13,1352.221,1369.562,1350.621,1366.195,338781900
2025-01-14,1367.158,1402.024,1366.934,1400.967,446007000
2025-01-15,1397.947,1398.558,1386.528,1392.027,356477200
2025-01-16,1398.358,1416.943,1395.354,1399.738,431411000
2025-01-17,1395.008,1413.033,1389.721,1408.491,351541800
2025-01-20,1412.456,1417.459,1401.178,1404.03,364184200
2025-01-21,1410.87,1413.95,1388.777,1394.556,311049300
2025-01-22,1391.128,1395.123,1383.554,1392.65,273488100
2025-01-23,1401.988,1419.068,1396.888,1396.888,383892800
2025-01-24,1397.562,1409.909,1393.055,1409.043,330299300
2025-01-27,1411.314,1434.788,1411.314,1422.909,387399800
2025-02-05,1429.918,1430.362,1410.975,1417.634,359353600
2025-02-06,1415.113,1423.961,1404.407,1423.484,371584100
2025-02-07,1422.009,1438.063,1415.026,1431.269,480908600
2025-02-10,1430.192,1435.462,1426.246,1434.381,408752800
2025-02-11,1434.203,1435.951,1423.961,1434.994,363697600
2025-02-12,1432.395,1437.259,1418.897,1433.021,345592000
2025-02-13,1431.419,1449.06,1431.094,1438.229,538998900
2025-02-14,1439.465,1445.558,1436.134,1442.144,484396800
2025-02-17,1437.969,1443.416,1427.399,1441.752,610442500
2025-02-18,1440.088,1440.088,1414.575,1420.743,504415900
2025-02-19,1418.077,1424.945,1414.667,1424.415,391164000
2025-02-20,1421.481,1428.605,1415.232,1425.447,393325200
2025-02-21,1426.178,1430.018,1412.203,1418.419,442778200
2025-02-24,1437.453,1453.804,1421.944,1426.87,853804400
2025-02-25,1413.716,1413.716,1398.526,1400.365,573188200
2025-02-26,1400.47,1407.287,1396.687,1405.998,428873800
2025-02-27,1405.556,1411.885,1398.694,1411.748,518604600
2025-02-28,1407.822,1410.225,1392.816,1395.809,577906100
2025-03-03,1397.503,1414.912,1397.207,1408.595,623603000
2025-03-04,1405.324,1423.036,1400.405,1422.695,508875800
2025-03-05,1426.905,1428.255,1402.74,1409.924,439935900
2025-03-06,1411.568,1426.55,1410.555,1424.982,487429100
2025-03-07,1420.975,1430.502,1417.961,1421.803,418986700
2025-03-10,1427.62,1429.505,1418.86,1425.803,393896900
2025-03-11,1416.266,1448.216,1411.158,1448.216,543322400
2025-03-12,1446.501,1452.661,1441.923,1446.986,516043300
2025-03-13,1445.975,1450.88,1435.057,1445.699,460714100
2025-03-14,1445.383,1460.65,1445.383,1460.65,582139800
2025-03-17,1465.036,1475.445,1464.41,1468.462,601657600
2025-03-18,1470.472,1473.029,1466.409,1471.868,676128000
2025-03-19,1470.573,1477.48,1467.301,1473.967,473219600
2025-03-20,1475.472,1476.068,1464.3,1466.326,495052200
2025-03-21,1463.965,1476.472,1461.849,1469.453,785096200
2025-03-24,1470.001,1470.138,1452.562,1466.507,840997200
2025-03-25,1462.229,1477.915,1455.424,1476.333,692046100
2025-03-26,1473.658,1490.341,1470.716,1483.064,717980600
2025-03-27,1476.432,1492.038,1471.824,1485.41,591426200
2025-03-28,1479.052,1479.052,1450.993,1453.731,581479100
2025-03-31,1450.465,1451.444,1423.441,1429.557,493696000
2025-04-01,1430.909,1459.536,1430.469,1452.543,461599400
2025-04-02,1452.121,1461.355,1445.7,1455.269,424232000
2025-04-03,1446.137,1476.602,1446.137,1472.917,712859900
2025-04-07,1451.121,1482.133,1415.901,1436.408,1788958000
2025-04-08,1446.514,1537.341,1439.233,1536.755,2074585600
2025-04-09,1545.633,1562.17,1496.727,1552.602,2327665300
2025-04-10,1506.882,1580.1,1506.882,1566.677,2114521500
2025-04-11,1545.214,1545.214,1507.17,1509.381,1576875000
2025-04-14,1498.954,1531.746,1498.954,1525.804,1375152200
2025-04-15,1517.573,1521.169,1503.981,1518.958,1111959100
2025-04-16,1511.668,1512.712,1473.3,1493.654,1072998800
2025-04-17,1482.666,1499.791,1475.542,1487.424,729523000
2025-04-18,1484.136,1485.026,1459.177,1463.938,698999000
2025-04-21,1460.41,1477.394,1456.041,1477.367,577696800
2025-04-22,1486.233,1501.766,1481.17,1498.673,830418600
2025-04-23,1493.378,1493.84,1469.528,1470.402,805343100
2025-04-24,1469.074,1485.825,1464.214,1474.853,769331400
2025-04-25,1473.734,1485.857,1473.734,1478.011,644552600
2025-04-28,1475.983,1477.868,1455.416,1456.453,625475100
2025-04-29,1452.216,1476.566,1452.216,1472.732,499123200
2025-04-30,1472.383,1481.58,1463.297,1463.715,532950800
2025-05-06,1470.158,1483.156,1469.349,1483.118,565200900
2025-05-07,1490.619,1503.072,1484.567,1499.618,958212800
2025-05-08,1492.732,1496.31,1481.303,1494.098,680276600
2025-05-09,1494.294,1499.475,1482.83,1484.205,636033200
2025-05-12,1483.966,1485.866,1474.258,1484.321,588203500
2025-05-13,1487.92,1487.92,1472.724,1481.767,503620800
2025-05-14,1480.203,1492.325,1473.167,1491.879,515737800
2025-05-15,1490.294,1502.007,1487.801,1496.461,702153500
2025-05-16,1493.28,1493.529,1481.811,1491.118,563020200
2025-05-19,1490.201,1503.89,1487.196,1502.867,495988400
2025-05-20,1501.969,1519.895,1501.687,1515.487,602784000
2025-05-21,1511.182,1517.357,1506.98,1511.645,489872100
2025-05-22,1507.794,1509.123,1485.92,1488.841,482711600
2025-05-23,1477.86,1482.568,1462.145,1462.145,434267300
2025-05-26,1462.25,1470.608,1455.834,1466.621,340854000
2025-05-27,1464.782,1489.716,1463.773,1488.904,456140200
2025-05-28,1494.4,1495.1,1475.257,1480.77,445192700
2025-05-29,1474.373,1488.048,1467.318,1487.838,432332400
2025-05-30,1486.778,1496.61,1484.487,1485.253,510298000
2025-06-03,1479.227,1504.424,1478.86,1503.908,552982100
2025-06-04,1502.703,1513.347,1496.404,1513.347,532295600
2025-06-05,1511.489,1516.574,1499.406,1504.034,492163600
2025-06-06,1504.715,1520.903,1504.187,1518.392,484580700
2025-06-09,1515.978,1529.91,1515.271,1524.628,420258000
2025-06-10,1526.318,1531.86,1511.099,1530.104,743969300
2025-06-11,1524.184,1538.029,1523.316,1533.904,622673700
2025-06-12,1531.889,1532.918,1521.831,1531.849,486921800
2025-06-13,1529.092,1536.691,1519.142,1521.656,610615900
2025-06-16,1519.746,1527.763,1516.353,1521.39,523903600
2025-06-17,1522.223,1541.986,1521.848,1529.109,573484300
2025-06-18,1524.379,1525.041,1507.69,1509.418,491106500
2025-06-19,1505.707,1507.634,1482.828,1486.709,486030600
2025-06-20,1486.981,1494.202,1485.93,1486.677,337345600
2025-06-23,1481.468,1499.473,1481.468,1498.544,480920200
2025-06-24,1497.321,1511.75,1496.178,1511.361,495512400
2025-06-25,1511.576,1515.156,1500.808,1508.187,480713100
2025-06-26,1505.76,1506.082,1492.441,1495.29,463335000
2025-06-27,1495.397,1504.837,1493.174,1503.097,397754700
2025-06-30,1503.686,1505.17,1494.716,1503.813,410299000
2025-07-01,1503.633,1512.966,1503.563,1512.966,393818100
2025-07-02,1514.562,1526.654,1511.617,1526.503,767176500
2025-07-03,1526.467,1535.595,1523.103,1533.592,677534100
2025-07-04,1532.228,1532.701,1524.597,1527.167,571087900
2025-07-07,1528.301,1534.65,1521.831,1532.764,612607900
2025-07-08,1532.328,1535.608,1524.977,1532.264,514292500
2025-07-09,1532.297,1537.262,1522.981,1525.467,516629200
2025-07-10,1529.014,1533.589,1522.442,1533.337,502449900
2025-07-11,1532.203,1543.155,1528.902,1538.05,585312100
2025-07-14,1536.247,1544.772,1536.223,1539.9,467264900
2025-07-15,1534.638,1538.355,1515.254,1520.236,639433000
2025-07-16,1519.978,1536.961,1517.392,1535.282,497964900
2025-07-17,1537.187,1554.766,1537.105,1554.536,565125000
2025-07-18,1557.36,1558.072,1545.926,1556.216,542645100
2025-07-21,1559.611,1584.301,1559.611,1583.214,817529400
2025-07-22,1584.384,1601.63,1576.117,1600.346,747663900
2025-07-23,1605.069,1611.176,1583.409,1584.26,707335600
2025-07-24,1583.528,1608.395,1577.761,1608.389,881843800
2025-07-25,1610.965,1615.125,1606.365,1607.586,830035500
2025-07-28,1611.682,1621.095,1605.574,1607.85,639002600
2025-07-29,1608.115,1608.774,1581.066,1598.089,574335000
2025-07-30,1594.082,1615.747,1593.121,1610.455,829776600
2025-07-31,1608.332,1608.494,1573.221,1577.658,667167600
2025-08-01,1575.707,1590.518,1570.519,1576.898,475580900
2025-08-04,1571.754,1585.684,1566.961,1584.997,423836700
2025-08-05,1586.258,1590.404,1584.601,1590.316,425408900
2025-08-06,1589.071,1589.98,1578.321,1588.388,432488600
2025-08-07,1586.529,1592.902,1584.629,1588.152,552669600
2025-08-08,1586.591,1597.305,1584.147,1597.107,557005900
2025-08-11,1597.836,1600.391,1588.534,1599.224,533398100
2025-08-12,1597.779,1603.578,1587.626,1590.291,519412200
2025-08-13,1592.51,1593.385,1580.589,1589.379,511737900
2025-08-14,1589.953,1595.02,1568.691,1569.297,533791800
2025-08-15,1568.487,1587.874,1568.487,1587.874,517550300
2025-08-18,1590.284,1598.41,1585.509,1592.21,603594300
2025-08-19,1593.596,1604.964,1593.102,1599.846,606641600
2025-08-20,1597.416,1616.753,1594.757,1616.753,659492100
2025-08-21,1619.492,1636.157,1614.083,1629.906,727403600
2025-08-22,1630.154,1630.784,1607.211,1622.7,638842000
2025-08-25,1623.805,1633.023,1615.812,1632.736,709370200
2025-08-26,1631.122,1665.673,1627.361,1656.567,780210500
2025-08-27,1655.555,1655.555,1620.382,1620.881,751481900
2025-08-28,1618.271,1629.138,1580.022,1611.444,783670900
2025-08-29,1610.842,1624.388,1608.437,1610.086,609395800
2025-09-01,1609.936,1619.676,1598.971,1610.649,613519300
2025-09-02,1609.342,1609.74,1583.684,1595.273,571423800
2025-09-03,1594.565,1600.295,1566.807,1569.815,527361800
2025-09-04,1569.864,1580.644,1559.565,1574.578,609598200
2025-09-05,1576.407,1587.577,1561.799,1587.577,531954900
2025-09-08,1587.917,1625.984,1587.914,1624.676,644106000
2025-09-09,1623.828,1630.746,1609.612,1617.462,618663500
2025-09-10,1614.211,1619.16,1603.137,1613.159,533584000
2025-09-11,1609.01,1624.325,1608.933,1624.141,606194000
2025-09-12,1623.269,1627.796,1615.924,1619.954,571535000
2025-09-15,1622.042,1633.957,1620.886,1630.407,640183800
2025-09-16,1627.83,1628.52,1602.696,1618.823,556548900
2025-09-17,1616.647,1617.965,1600.575,1606.567,450471200
2025-09-18,1605.509,1608.633,1576.764,1586.546,633305000
2025-09-19,1586.406,1595.771,1581.529,1587.532,515371100
2025-09-22,1589.058,1589.524,1564.535,1574.662,459882400
2025-09-23,1571.624,1571.717,1532.004,1553.83,533929200
2025-09-24,1549.268,1565.914,1548.334,1563.584,368445000
2025-09-25,1562.906,1569.323,1551.546,1557.698,369681200
2025-09-26,1555.772,1578.884,1551.192,1565.209,437456800
2025-09-29,1564.827,1572.546,1548.339,1571.929,423995200
2025-09-30,1570.219,1580.151,1567.063,1577.272,347797800
2025-10-09,1578.241,1587.067,1567.101,1586.367,481252100
2025-10-10,1581.745,1616.224,1578.816,1614.629,650553500
2025-10-13,1600.301,1615.703,1600.301,1613.601,761400700
2025-10-14,1612.231,1626.606,1611.323,1616.42,710923900
2025-10-15,1614.106,1622.896,1609.502,1621.695,533720000
2025-10-16,1621.183,1623.675,1604.433,1607.866,471738600
2025-10-17,1606.56,1614.255,1594.009,1595.098,495229400
2025-10-20,1599.159,1600.831,1583.776,1590.336,454092300
2025-10-21,1589.254,1603.549,1584.547,1601.226,478890800
2025-10-22,1597.895,1603.013,1591.763,1592.282,385658400
2025-10-23,1591.431,1600.581,1583.306,1599.466,402091400
2025-10-24,1600.817,1610.294,1588.967,1591.102,433874400
2025-10-27,1592.116,1606.932,1588.162,1600.623,495927600
2025-10-28,1600.814,1602.843,1588.448,1589.978,406718600
2025-10-29,1590.721,1604.608,1582.312,1604.236,423812000
2025-10-30,1597.273,1602.137,1588.232,1591.847,489704000
2025-10-31,1590.019,1606.235,1590.019,1601.443,474760100
2025-11-03,1608.276,1618.738,1599.801,1617.903,520454800
2025-11-04,1618.124,1619.444,1607.133,1616.133,554763300
2025-11-05,1607.985,1618.846,1605.628,1615.753,577102800
2025-11-06,1614.959,1626.517,1609.251,1624.498,494081400
2025-11-07,1626.242,1641.294,1626.206,1637.388,525139700
2025-11-10,1637.347,1655.343,1631.443,1653.776,644195800
2025-11-11,1649.97,1653.584,1642.698,1651.853,570191000
2025-11-12,1651.342,1655.717,1642.932,1647.146,495851500
2025-11-13,1646.256,1664.208,1640.517,1663.857,563985700
2025-11-14,1660.796,1676.714,1660.417,1663.52,639410300
2025-11-17,1676.743,1678.504,1658.846,1664.466,960570100
2025-11-18,1659.257,1664.02,1634.594,1644.098,870777400
2025-11-19,1645.244,1652.771,1633.651,1649.438,903256900
2025-11-20,1652.507,1652.507,1628.928,1632.647,1018736800
2025-11-21,1619.443,1639.44,1591.698,1592.291,1256321500
2025-11-24,1585.424,1604.668,1576.841,1585.799,1007698400
2025-11-25,1587.393,1591.516,1576.26,1590.301,797902900
2025-11-26,1587.779,1600.752,1577.071,1581.062,703144300
2025-11-27,1579.366,1584.231,1567.394,1577.898,539407100
2025-11-28,1577.861,1596.877,1569.115,1595.863,559719500
2025-12-01,1595.035,1606.067,1594.445,1597.772,603547000
2025-12-02,1597.128,1605.658,1586.32,1603.891,638471200
2025-12-03,1601.886,1612.474,1597.561,1605.563,768765000
2025-12-04,1605.116,1608.191,1589.755,1591.216,891955200
2025-12-05,1589.713,1621.33,1582.743,1620.765,848023000
2025-12-08,1621.625,1636.169,1620.744,1630.027,711134600
2025-12-09,1627.822,1632.136,1617.094,1620.312,653046200
2025-12-10,1618.114,1639.966,1614.276,1639.465,782571500
2025-12-11,1635.83,1639.63,1603.379,1606.766,817658200
2025-12-12,1604.927,1622.248,1598.914,1617.28,772139500
2025-12-15,1615.969,1628.214,1608.24,1621.097,568789400
2025-12-16,1619.491,1627.899,1597.032,1608.123,601848100
2025-12-17,1607.479,1608.875,1575.478,1594.985,711433100
2025-12-18,1580.232,1613.395,1580.232,1602.09,562778600
2025-12-19,1603.227,1632.476,1595.5,1629.773,790228900
2025-12-22,1631.482,1646.843,1631.482,1644.534,728667100
2025-12-23,1647.847,1653.934,1633.707,1637.224,740435800
2025-12-24,1638.409,1639.186,1619.883,1633.855,808470200
2025-12-25,1633.058,1640.679,1628.404,1637.416,578992200
2025-12-26,1637.485,1649.866,1632.557,1643.755,679784600
2025-12-29,1644.405,1649.548,1637.011,1640.618,648045200
2025-12-30,1636.8,1648.133,1627.476,1632.69,601060400
2025-12-31,1633.389,1633.904,1610.814,1624.902,568680500
2026-01-05,1625.687,1635.707,1624.691,1634.186,679119000
2026-01-06,1635.199,1656.739,1634.815,1656.739,715153900
2026-01-07,1658.043,1671.911,1654.754,1663.62,746412600
2026-01-08,1659.352,1668.331,1656.385,1663.021,603888600
2026-01-09,1663.31,1681.946,1663.31,1681.281,875597400
2026-01-12,1681.669,1683.463,1671.629,1683.463,804377200
2026-01-13,1682.92,1693.015,1669.082,1673.828,818709800
2026-01-14,1673.595,1686.606,1648.741,1667.098,891170700
2026-01-15,1669.301,1685.959,1668.196,1677.944,647410300
2026-01-16,1679.9,1685.915,1664.826,1669.791,625641500
2026-01-19,1667.668,1708.98,1665.63,1708.535,753267600
2026-01-20,1707.396,1715.601,1700.678,1710.303,678328600
2026-01-21,1710.163,1718.393,1700.875,1712.113,665294700
2026-01-22,1712.075,1735.983,1709.928,1735.522,665816100
2026-01-23,1738.724,1753.826,1738.724,1750.26,725007000
2026-01-26,1758.916,1774.578,1748.344,1773.968,1126837300
2026-01-27,1768.424,1768.546,1728.108,1743.403,858345800
2026-01-28,1744.231,1793.173,1736.392,1789.355,1226881500
2026-01-29,1788.428,1823.005,1783.092,1817.592,1439829000
2026-01-30,1811.093,1858.186,1808.47,1834.706,1858987500
2026-02-02,1796.544,1797.796,1729.283,1729.787,1516198400
2026-02-03,1738.814,1751.386,1723.979,1751.135,951205600
2026-02-04,1762.791,1763.516,1734.101,1751.007,1164569100
2026-02-05,1741.625,1748.235,1718.271,1721.43,905648000
2026-02-06,1707.381,1755.138,1704.158,1731.667,824708200
2026-02-09,1743.657,1744.244,1730.261,1741.56,736659500
2026-02-10,1741.417,1743.444,1719.454,1731.93,613071300
2026-02-11,1728.951,1756.311,1728.655,1751.526,678565400
2026-02-12,1750.265,1751.29,1729.641,1730.704,668486600
2026-02-13,1730.674,1733.645,1710.319,1711.612,523826100
2026-02-24,1730.503,1764.75,1730.503,1760.986,832047600
2026-02-25,1766.036,1799.609,1766.036,1789.019,953614500
2026-02-26,1791.114,1800.891,1781.094,1789.989,766489800
2026-02-27,1786.633,1813.014,1779.945,1812.557,905773600
2026-03-02,1809.627,1827.27,1791.542,1821.106,1143301100
2026-03-03,1829.268,1848.985,1795.356,1800.225,1659988500
2026-03-04,1786.752,1837.039,1786.752,1825.198,1553094300
2026-03-05,1829.024,1829.882,1783.912,1792.343,1623874500
2026-03-06,1784.405,1867.059,1784.328,1864.628,1618452100
2026-03-09,1876.865,1899.751,1853.249,1863.591,1711723600
2026-03-10,1845.209,1866.368,1838.98,1859.353,1314519300
2026-03-11,1861.51,1919.307,1858.422,1917.577,1250659800
2026-03-12,1924.234,1959.259,1904.187,1946.7,1576753300
2026-03-13,1947.757,1951.628,1919.95,1926.315,1328724400
2026-03-16,1930.483,1982.655,1918.818,1927.795,1610501500
2026-03-17,1912.221,1939.347,1866.447,1868.296,1347946500
2026-03-18,1863.615,1865.544,1830.976,1855.463,1073640800
2026-03-19,1856.532,1860.374,1790.436,1799.046,1025753000
2026-03-20,1796.737,1798.779,1743.142,1745.864,870448400
2026-03-23,1720.074,1722.139,1652.1,1662.12,1073771300
2026-03-24,1682.87,1685.685,1640.57,1683.742,815585800
2026-03-25,1684.001,1721.275,1679.325,1717.923,831500900
2026-03-26,1719.143,1735.312,1701.888,1709.319,742335800
2026-03-27,1696.184,1742.578,1693.255,1738.265,813417900
2026-03-30,1727.436,1785.565,1725.821,1778.621,1113303600
2026-03-31,1773.695,1782.608,1720.398,1721.399,1065389600
2026-04-01,1739.064,1744.233,1723.481,1739.352,707210300
2026-04-02,1737.778,1758.797,1730.674,1741.659,736373100
2026-04-03,1741.03,1742.038,1687.342,1697.331,713975200
2026-04-07,1702.437,1765.141,1691.709,1756.13,900875700
2026-04-08,1744.576,1766.199,1743.956,1766.199,872572400
2026-04-09,1759.72,1768.993,1744.57,1749.847,747422400
2026-04-10,1752.497,1754.966,1737.854,1738.903,671401500
2026-04-13,1737.352,1744.411,1719.466,1739.902,728360600
2026-04-14,1740.6,1746.332,1726.436,1745.77,666732000
2026-04-15,1743.324,1743.324,1722.401,1727.151,607789200
2026-04-16,1725.924,1740.691,1717.981,1737.427,625240100
2026-04-17,1732.976,1733.436,1709.816,1714.507,545920100
2026-04-20,1716.494,1718.755,1703.477,1715.858,618565300
2026-04-21,1715.885,1723.723,1702.276,1722.173,610218400
2026-04-22,1690.805,1706.46,1685.478,1691.195,815973700
2026-04-23,1686.572,1696.094,1671.766,1692.732,710608500
2026-04-24,1687.748,1701.512,1680.362,1694.721,599610500
2026-04-27,1687.276,1690.862,1669.857,1686.762,639546400
2026-04-28,1681.401,1695.141,1675.934,1688.662,547934300
2026-04-29,1687.283,1715.539,1685.619,1712.91,699424900
2026-04-30,1702.149,1716.85,1698.503,1706.94,699923200
2026-05-06,1705.892,1706.487,1691.849,1700.047,756705400
2026-05-07,1699.231,1699.231,1673.596,1680.319,801331000
2026-05-08,1683.01,1690.683,1679.052,1681.667,645884000
2026-05-11,1682.628,1692.528,1677.773,1687.067,728892500
2026-05-12,1688.262,1688.278,1661.483,1666.191,645972900
2026-05-13,1667.431,1673.001,1655.603,1662.42,653918100
2026-05-14,1661.956,1662.292,1635.646,1636.505,631270000
2026-05-15,1634.383,1635.366,1604.647,1613.374,666931400
2026-05-18,1608.747,1609.7,1586.353,1599.733,571683300
2026-05-19,1601.511,1605.681,1581.516,1603.182,500103800
2026-05-20,1598.35,1598.366,1572.513,1580.573,486184200
2026-05-21,1580.53,1591.094,1533.774,1535.009,526424500
2026-05-22,1540.063,1544.827,1526.564,1536.591,464303200
2026-05-25,1534.698,1536.358,1507.607,1517.847,424287600
2026-05-26,1511.432,1520.683,1492.802,1519.717,479552900
2026-05-27,1520.681,1528.283,1480.523,1489.521,531025300
2026-05-28,1486.442,1498.96,1455.15,1473.934,467576700
2026-05-29,1473.128,1480.067,1458.553,1464.226,512671900
2026-06-01,1463.217,1497.571,1462.772,1496.707,551952100
2026-06-02,1495.432,1496.202,1468.467,1474.227,491250700
2026-06-03,1475.09,1478.848,1453.644,1470.053,498209700
2026-06-04,1465.523,1478.057,1442.792,1451.719,523333300
2026-06-05,1448.676,1460.523,1438.817,1443.803,458677100
2026-06-08,1421.174,1446.973,1398.343,1409.814,541040800
2026-06-09,1416.174,1418.406,1391.631,1401.392,472183300
2026-06-10,1392.077,1402.997,1378.158,1395.776,456023300
2026-06-11,1392.077,1399.492,1376.275,1387.689,431319600
2026-06-12,1390.875,1422.519,1375.635,1416.882,754601800
2026-06-15,1418.677,1437.743,1406.68,1420.591,677372700
2026-06-16,1415.282,1415.282,1392.91,1399.557,535199400
2026-06-17,1397.477,1397.532,1367.995,1375.152,476672100
2026-06-18,1370.152,1373.323,1349.014,1357.838,593946600
2026-06-22,1354.467,1372.891,1328.023,1372.202,781463600
2026-06-23,1356.122,1374.62,1342.928,1347.19,606079600
2026-06-24,1338.649,1341.732,1308.021,1312.61,628227400
2026-06-25,1299.27,1300.841,1265.209,1266.838,689090400
2026-06-26,1263.2,1268.509,1240.181,1241.894,583378200
2026-06-29,1239.332,1261.996,1213.972,1257.293,651063300
2026-06-30,1250.613,1257.701,1231.209,1240.522,561412100
2026-07-01,1240.291,1284.266,1234.958,1276.538,681891200
2026-07-02,1273.531,1303.319,1271.66,1288.48,645683500
2026-07-03,1289.572,1302.647,1282.013,1298.278,499174600
2026-07-06,1301.542,1328.626,1299.913,1314.94,537942100
2026-07-07,1314.673,1314.673,1284.555,1289.362,498693300
2026-07-08,1287.383,1298.653,1269.567,1281.784,423174600
2026-07-09,1275.54,1284.331,1256.85,1274.058,444111200
2026-07-10,1269.958,1300.234,1257.898,1289.561,508080300
2026-07-13,1285.033,1291.075,1273.34,1277.494,526099000
2026-07-14,1275.756,1294.312,1273.117,1291.635,541090200
2026-07-15,1284.443,1331.324,1282.295,1322.718,620336000
2026-07-16,1322.793,1340.003,1313.041,1326.862,731451600
2026-07-17,1319.916,1336.987,1291.931,1299.603,713980100
2026-07-20,1300.891,1330.095,1292.474,1316.339,738025100
2026-07-21,1310.472,1320.641,1299.309,1306.272,721939600
2026-07-22,1294.792,1312.122,1289.842,1311.668,605130200
2026-07-23,1301.324,1330.43,1291.837,1329.629,625752600
2026-07-24,1321.784,1331.538,1289.925,1290.144,506316100
2026-07-27,1284.434,1309.404,1281.985,1308.946,474701400
2026-07-28,1303.071,1316.711,1299.096,1309.265,464429500
2026-07-29,1307.165,1332.451,1306.927,1324.193,567213300
2026-07-30,1321.286,1354.183,1321.286,1334.519,598525700
2026-07-31,1323.07,1346.59,1322.7,1346.59,576691200
2026-08-03,1345.155,1372.334,1344.159,1367.682,643591200
2026-08-04,1366.66,1371.686,1349.662,1356.715,575432100
2026-08-05,1355.755,1366.755,1342.466,1354.711,581734600
2026-08-06,1355.73,1369.577,1338.803,1366.934,864268600
2026-08-07,1363.025,1370.283,1349.992,1367.23,853952100
2026-08-10,1365.524,1393.323,1364.857,1392.418,759699100
2026-08-11,1390.264,1390.264,1362.26,1364.174,586370100
2026-08-12,1359.482,1376.096,1357.892,1371.727,485951000
2026-08-13,1369.85,1371.325,1353.645,1360.818,586146700
2026-08-14,1359.676,1362.224,1341.094,1344.701,506854100
2026-08-17,1350.343,1376.986,1346.645,1375.967,746836400
2026-08-18,1379.651,1431.62,1379.651,1429.95,1224175100
2026-08-19,1437.656,1449.786,1403.393,1411.021,1621755400
2026-08-20,1394.26,1439.929,1388.009,1431.623,1642441400
2026-08-21,1419.483,1421.529,1383.284,1395.656,1239017600
2026-08-24,1392.878,1411.455,1379.08,1402.395,1230473500
2026-08-25,1392.922,1445.853,1392.922,1428.793,1351853200
2026-08-26,1416.143,1457.108,1416.143,1447.308,1306990000
2026-08-27,1457.434,1484.581,1454.803,1478.73,1159234700
2026-08-28,1485.381,1521.714,1473.393,1517.018,1563163500
2026-08-31,1526.309,1541.309,1497.949,1499.666,1626868000
2026-09-01,1500.853,1562.735,1500.853,1549.377,1619819000
2026-09-02,1540.812,1540.812,1485.278,1490.847,1833020800
2026-09-03,1485.051,1506.921,1474.915,1500.073,1370436300
2026-09-04,1488.654,1559.502,1475.757,1539.747,1803356000
