date,open,high,low,close,volume,amount
1999-12-30,1000.0,1000.0,1000.0,1000.0,0.09864744,1.2396662266
2000-01-04,1001.98,1035.36,985.47,1027.66,0.14011599,1.831998425
2000-01-05,1035.47,1057.85,1013.07,1028.87,0.25330869,2.9044457439999998
2000-01-06,1025.38,1070.79,1011.0,1065.67,0.30202752,4.214444842
2000-01-07,1076.06,1117.71,1058.83,1106.19,0.64830486,8.7515782822
2000-01-10,1108.57,1144.09,1082.38,1130.06,0.54650994,7.690810214400001
2000-01-11,1135.11,1145.76,1082.01,1104.18,0.59380179,8.020619242999999
2000-01-12,1094.59,1114.88,1061.11,1080.4,0.43185026,6.0226742092
2000-01-13,1078.21,1091.29,1051.82,1066.57,0.26321808,3.7650150458
2000-01-14,1070.44,1085.36,1041.54,1062.16,0.21145507,3.0255785183999997
2000-01-17,1058.23,1094.8,1043.07,1085.92,0.3119541,4.7187561825
2000-01-18,1097.11,1106.04,1062.56,1076.92,0.26425109,4.0871049713
2000-01-19,1081.8,1124.59,1071.04,1110.19,0.30484523,5.1804102112
2000-01-20,1110.87,1156.03,1100.1,1149.22,0.36608385,5.9744802202
2000-01-21,1153.26,1179.03,1121.61,1148.63,0.42914032,6.5525119394
2000-01-24,1147.1,1189.07,1120.02,1172.99,0.45713081,7.208298514
2000-01-25,1174.57,1225.91,1151.63,1196.05,0.52426372,8.607171320800001
2000-01-26,1192.9,1224.46,1167.39,1200.14,0.34956466,6.7575459879999995
2000-01-27,1202.86,1239.35,1176.42,1210.27,0.52638737,7.8170004221000005
2000-01-28,1208.3,1247.21,1169.71,1216.79,0.59860995,9.2978975807
2000-02-14,1249.05,1332.89,1237.56,1328.78,0.7639345,11.9920593724
2000-02-15,1356.08,1425.41,1303.61,1356.6,1.15589349,18.0396572701
2000-02-16,1382.39,1432.74,1318.76,1404.39,1.05389851,16.124372780399998
2000-02-17,1432.38,1497.79,1332.59,1369.7,1.13201085,17.5661168579
2000-02-18,1365.65,1435.01,1300.1,1413.28,0.6359745,10.3599457077
2000-02-21,1420.27,1485.56,1353.47,1441.89,0.69693107,11.5486984081
2000-02-22,1451.12,1484.9,1379.09,1419.15,0.70441824,12.9114476117
2000-02-23,1398.92,1438.83,1337.89,1399.22,0.55793616,10.2024310154
2000-02-24,1387.9,1449.93,1370.16,1424.87,0.38272782,7.5180224811
2000-02-25,1425.04,1466.32,1387.81,1425.97,0.39932952,6.8697899283
2000-02-28,1431.52,1509.36,1411.34,1493.82,0.66192199,11.192648657000001
2000-02-29,1512.28,1540.9,1438.07,1493.42,0.62456091,10.041835950700001
2000-03-01,1504.05,1536.04,1452.16,1502.71,0.48384587,7.960904158
2000-03-02,1506.7,1547.36,1466.25,1507.87,0.40155239,7.068920297999999
2000-03-03,1509.34,1548.43,1457.76,1498.59,0.72455155,10.8194529833
2000-03-06,1508.17,1532.23,1426.92,1449.86,0.69259581,11.1743353457
2000-03-07,1424.04,1466.68,1400.76,1449.21,0.33183909,5.489888173400001
2000-03-08,1459.98,1492.22,1424.02,1469.58,0.39507746,6.7275613626999995
2000-03-09,1469.72,1501.94,1433.29,1474.38,0.42087277,6.701703912799999
2000-03-10,1474.44,1489.08,1422.6,1448.85,0.35217714,5.657363247899999
2000-03-13,1449.62,1494.09,1427.05,1478.78,0.49358446,7.6553202792
2000-03-14,1439.23,1470.05,1376.15,1448.17,0.58311899,8.27870067
2000-03-15,1449.12,1484.24,1421.99,1450.1,0.48231212,7.8174975487000005
2000-03-16,1439.31,1453.42,1369.27,1402.56,0.40629418,6.4486579641
2000-03-17,1394.91,1453.19,1381.84,1444.13,0.41387501,6.0003970719
2000-03-20,1432.86,1491.61,1407.23,1476.28,0.61662076,8.7784923913
2000-03-21,1474.6,1507.31,1443.22,1484.09,0.67546484,9.918495846499999
2000-03-22,1486.43,1520.07,1438.58,1490.19,0.47968786,8.3902818925
2000-03-23,1496.88,1534.89,1459.59,1510.84,0.6182707,9.8392603493
2000-03-24,1516.08,1549.71,1468.86,1493.61,0.71958611,11.69432403
2000-03-27,1486.77,1546.59,1466.08,1523.32,0.68732558,10.9565642839
2000-03-28,1532.94,1576.82,1491.69,1544.13,0.93545124,14.120997358499999
2000-03-29,1547.67,1575.19,1491.59,1537.14,0.75956969,12.2311387773
2000-03-30,1538.54,1566.72,1511.16,1540.48,0.56338936,8.759625055399999
2000-03-31,1537.83,1563.98,1502.9,1537.94,0.57781391,8.6272145837
2000-04-03,1534.95,1559.5,1503.19,1522.13,0.43332047,6.3657398925
2000-04-04,1516.97,1538.59,1476.6,1507.87,0.56595708,8.7696791667
2000-04-05,1505.08,1539.32,1480.26,1518.92,0.41754098,5.9450688502
2000-04-06,1519.4,1548.8,1507.98,1541.46,0.39822206,5.8591689565
2000-04-07,1551.43,1591.77,1530.68,1569.14,0.58297016,10.207930491
2000-04-10,1559.53,1589.56,1526.44,1557.76,0.52890758,8.1534579747
2000-04-11,1560.6,1593.02,1532.53,1564.94,0.51314427,8.3860539856
2000-04-12,1566.96,1578.03,1519.1,1551.9,0.33438042,5.5411315927
2000-04-13,1550.22,1596.27,1526.49,1573.71,0.44660514,7.4057436817
2000-04-14,1574.67,1593.45,1541.88,1568.76,0.49827929,7.678952495700001
2000-04-17,1561.24,1593.66,1508.32,1545.19,0.52261998,8.2794139683
2000-04-18,1546.68,1582.41,1510.39,1550.94,0.48884555,7.3481019601
2000-04-19,1567.62,1598.8,1544.46,1575.33,0.44010272,7.1971691089
2000-04-20,1580.52,1623.35,1563.2,1587.4,0.51667088,7.8491410802
2000-04-21,1589.99,1617.41,1543.58,1574.37,0.48884555,7.3481019601
2000-04-24,1577.26,1609.36,1545.96,1576.25,0.55931259,8.5320849547
2000-04-25,1580.94,1605.06,1548.03,1578.45,0.43402344,7.17348278
2000-04-26,1581.33,1605.3,1549.1,1578.58,0.40721501,6.710010461
2000-04-27,1589.42,1626.49,1546.23,1586.93,0.42855706,7.2323719479
2000-04-28,1592.16,1637.51,1563.2,1619.77,0.45916854,7.875771319400001
2000-05-08,1622.57,1645.22,1580.23,1620.15,0.31299085,5.5562711452
2000-05-09,1621.29,1638.72,1572.28,1598.22,0.26958158,4.5501695351
2000-05-10,1585.55,1606.22,1526.82,1555.9,0.34539948,5.9288315833
2000-05-11,1554.03,1576.51,1515.9,1532.81,0.37764854,5.9058170389999995
2000-05-12,1535.88,1558.52,1504.79,1530.9,0.21177224,3.1291379047000003
2000-05-15,1527.5,1537.65,1469.56,1498.2,0.20460031,3.3929306543
2000-05-16,1496.06,1527.39,1480.28,1505.7,0.1551368,2.4052026291999997
2000-05-17,1510.34,1539.06,1487.98,1510.09,0.18518616,3.001250686
2000-05-18,1514.41,1546.97,1496.32,1539.45,0.24420087,3.6845102173
2000-05-19,1543.19,1569.97,1517.19,1556.01,0.37980858,6.121529960599999
2000-05-22,1565.11,1617.54,1543.23,1598.45,1.0541252,14.7798525383
2000-05-23,1602.31,1629.71,1558.04,1594.74,0.62496121,9.459879952
2000-05-24,1596.24,1624.23,1564.0,1591.3,0.63638248,9.4218016165
2000-05-25,1592.15,1632.33,1570.4,1612.55,1.04195711,15.855580942000001
2000-05-26,1613.14,1655.45,1577.82,1622.09,1.14402416,18.1222580089
2000-05-29,1629.74,1662.13,1591.99,1629.95,1.12492885,16.4920633975
2000-05-30,1636.77,1657.16,1589.41,1618.91,0.85077911,12.7337969834
2000-05-31,1613.96,1644.33,1575.32,1614.32,0.91334505,14.0957773704
2000-06-01,1619.04,1649.53,1584.01,1626.59,0.47892634,7.339837566
2000-06-02,1617.51,1649.1,1581.95,1617.56,0.8152252,12.1168135843
2000-06-05,1614.97,1651.6,1572.62,1606.93,0.88351554,12.8451228275
2000-06-06,1614.82,1650.73,1588.01,1635.82,0.66545249,10.9598465625
2000-06-07,1642.63,1669.9,1606.06,1634.67,0.65239745,9.1609840956
2000-06-08,1633.34,1648.6,1595.57,1615.73,0.48034956,7.3381607827
2000-06-09,1613.26,1640.15,1582.29,1606.7,0.50250923,6.9301446013
2000-06-12,1601.99,1632.46,1568.93,1612.07,0.56794004,7.643066039400001
2000-06-13,1617.74,1648.66,1589.68,1624.7,0.60916656,7.8030692912
2000-06-14,1627.35,1660.84,1595.41,1624.34,0.67316975,9.311503610399999
2000-06-15,1621.29,1649.77,1588.81,1619.74,0.54435071,7.7492196239
2000-06-16,1623.35,1641.41,1580.49,1603.84,0.49474925,6.5068578426
2000-06-19,1603.71,1631.96,1571.93,1599.43,0.62276255,8.5379720216
2000-06-20,1600.57,1630.55,1568.98,1594.29,0.69325674,9.8453214257
2000-06-21,1594.91,1628.34,1572.31,1606.88,0.50095241,7.5140696724
2000-06-22,1611.29,1641.43,1582.52,1605.22,0.43757982,6.847011467100001
2000-06-23,1605.38,1637.81,1590.82,1618.66,0.46774538,7.026786231
2000-06-26,1619.34,1652.98,1579.77,1618.39,0.69985061,11.021251828199999
2000-06-27,1618.58,1644.01,1576.12,1616.77,0.70163399,12.086299114200001
2000-06-28,1615.64,1645.98,1586.5,1617.78,0.50465033,8.1798845886
2000-06-29,1622.31,1642.57,1590.48,1618.18,0.4878456,8.247645231
2000-06-30,1620.13,1634.8,1584.47,1603.62,0.44632688,7.3062263476
2000-07-03,1598.55,1614.24,1552.28,1580.58,0.41784548,6.6027120973
2000-07-04,1574.73,1606.61,1551.81,1594.41,0.36582434,6.018605926599999
2000-07-05,1597.08,1624.74,1572.4,1599.36,0.30619164,4.9927879318
2000-07-06,1606.55,1625.45,1575.79,1601.89,0.30824909,5.2874164959
2000-07-07,1607.98,1632.49,1585.44,1615.66,0.32130759,5.5191905188
2000-07-10,1615.12,1636.74,1587.01,1616.83,0.33090321,5.2229070011
2000-07-11,1616.63,1641.28,1594.49,1621.45,0.35478644,5.3179030273
2000-07-12,1622.37,1642.34,1595.39,1616.44,0.30927887,4.6433864935
2000-07-13,1614.15,1645.35,1587.06,1616.63,0.41361883,6.7274941422
2000-07-14,1619.83,1649.17,1598.41,1626.56,0.3763854,6.2562619711
2000-07-17,1633.38,1650.41,1596.24,1619.58,0.36097241,5.7907821781
2000-07-18,1624.4,1658.66,1596.53,1628.22,0.43249164,7.0596573765
2000-07-19,1634.8,1657.03,1606.6,1634.04,0.40169597,6.2364408946
2000-07-20,1638.24,1681.03,1603.7,1651.86,0.53959236,8.8659976701
2000-07-21,1653.99,1682.63,1633.7,1658.36,0.3925886,6.1964620578
2000-07-24,1661.77,1696.95,1631.61,1663.57,0.50598991,8.2972145163
2000-07-25,1661.85,1701.25,1634.12,1672.47,0.48361482,8.4246607114
2000-07-26,1679.29,1702.79,1652.86,1680.16,0.32355324,5.0277025611
2000-07-27,1686.07,1709.1,1648.99,1678.25,0.44184205,6.8887840078
2000-07-28,1684.0,1714.37,1657.07,1685.83,0.55722176,8.3831271442
2000-07-31,1695.72,1727.38,1657.84,1705.02,0.53979607,8.6152414034
2000-08-01,1700.79,1732.35,1680.61,1712.32,0.36334527,6.0414046831
2000-08-02,1712.75,1732.88,1681.38,1712.91,0.34546859,5.4512866647000005
2000-08-03,1714.77,1737.12,1686.26,1709.66,0.41321996,6.6139299796
2000-08-04,1709.64,1732.65,1666.67,1697.42,0.44508502,7.26609479
2000-08-07,1695.03,1728.51,1669.13,1710.62,0.34844524,5.7795587967
2000-08-08,1714.17,1758.8,1691.42,1734.69,0.48411133,7.7321361615
2000-08-09,1727.01,1770.82,1704.51,1738.58,0.48286376,8.2217045387
2000-08-10,1745.56,1775.54,1714.63,1748.79,0.50009531,8.2654578105
2000-08-11,1759.24,1779.59,1724.23,1741.82,0.43811633,7.6735057172
2000-08-14,1744.94,1781.81,1732.75,1759.61,0.45929602,7.4139230881
2000-08-15,1755.6,1787.8,1735.34,1771.53,0.4714222,7.5492116159
2000-08-16,1775.32,1807.73,1754.46,1787.17,0.4416841,7.2257893371
2000-08-17,1788.36,1814.59,1760.42,1791.69,0.53809299,8.6194442168
2000-08-18,1789.39,1814.75,1762.27,1793.3,0.62868528,9.9527081416
2000-08-21,1794.45,1828.14,1765.21,1792.66,0.73133819,11.453981069400001
2000-08-22,1792.02,1809.31,1731.63,1751.01,0.51635398,8.3554098007
2000-08-23,1740.15,1771.59,1668.75,1748.05,0.75822997,11.749476452
2000-08-24,1746.35,1770.1,1715.47,1749.75,0.43940844,6.893359152
2000-08-25,1746.97,1776.14,1728.87,1757.56,0.44576485,6.524028404400001
2000-08-28,1766.01,1811.15,1742.1,1795.07,0.73412391,10.5724359598
2000-08-29,1800.07,1824.38,1767.91,1807.64,0.54617898,8.968965709299999
2000-08-30,1809.33,1842.58,1778.99,1803.79,0.65468621,10.438087199
2000-08-31,1786.67,1807.82,1744.25,1765.19,0.54907245,9.0212454658
2000-09-01,1757.62,1782.2,1728.6,1753.97,0.45827169,7.772408928099999
2000-09-04,1755.34,1793.88,1730.78,1780.95,0.39228932,7.366520015800001
2000-09-05,1779.82,1812.74,1732.85,1758.01,0.40572983,7.9827030166999995
2000-09-06,1754.33,1776.46,1703.25,1732.24,0.42129474,7.5404815688
2000-09-07,1724.75,1778.46,1711.74,1754.39,0.54763263,8.1696737191
2000-09-08,1749.59,1775.08,1724.21,1747.72,0.60065115,8.723495097999999
2000-09-11,1741.76,1765.91,1720.86,1743.0,0.33980475,4.7184663533
2000-09-12,1743.54,1774.74,1723.95,1760.21,0.36485768,5.4360348673
2000-09-13,1761.28,1787.77,1740.3,1767.09,0.34197319,5.3706829926
2000-09-14,1767.47,1784.69,1727.82,1755.38,0.2914331,4.8686818015
2000-09-15,1749.01,1768.49,1716.61,1747.98,0.23000091,3.8223171139999996
2000-09-18,1745.13,1763.25,1707.98,1723.04,0.25045533,4.2121274249
2000-09-19,1713.96,1734.76,1676.16,1700.39,0.48542489,6.7504481451
2000-09-20,1705.07,1743.98,1686.4,1727.68,0.42761445,6.1603505396000005
2000-09-21,1735.36,1753.98,1706.0,1723.22,0.35550848,5.487995655700001
2000-09-22,1723.08,1735.31,1698.9,1713.71,0.18781461,3.1221663227999996
2000-09-25,1714.18,1730.76,1688.96,1703.37,0.16256415,2.57611737
2000-09-26,1705.18,1727.7,1680.3,1712.11,0.1645528,3.0986991951999996
2000-09-27,1711.23,1744.23,1697.62,1727.46,0.15621324,2.5790967966
2000-09-28,1731.24,1745.83,1689.63,1711.08,0.18020985,2.8841274489999997
2000-09-29,1710.14,1739.53,1694.66,1722.64,0.12164827,2.0882889134
2000-10-09,1728.06,1744.69,1700.47,1728.39,0.1357805,2.1873630934
2000-10-10,1729.21,1765.71,1716.76,1753.77,0.28115602,4.6261212003
2000-10-11,1751.9,1772.75,1723.28,1746.89,0.28782653,4.6110271066
2000-10-12,1742.64,1760.07,1710.41,1730.38,0.23410831,3.9157307399000003
2000-10-13,1731.85,1750.2,1688.43,1705.4,0.23760843,4.2856301753
2000-10-16,1703.41,1738.05,1670.91,1707.07,0.22936606,4.159641548
2000-10-17,1705.09,1740.09,1686.72,1724.95,0.18995549,3.7027215595999996
2000-10-18,1724.2,1753.84,1704.92,1733.46,0.20203139,3.3341736901999997
2000-10-19,1735.58,1753.91,1709.1,1726.18,0.22691199,3.6025431862
2000-10-20,1726.75,1758.61,1700.22,1740.12,0.28776107,5.0212162887
2000-10-23,1741.24,1758.95,1708.97,1736.45,0.28313468,4.5163628712
2000-10-24,1735.02,1760.96,1711.23,1740.22,0.26261098,4.452244347300001
2000-10-25,1744.78,1773.41,1725.68,1754.42,0.4205032,7.423383844400001
2000-10-26,1758.11,1774.0,1731.93,1745.12,0.25399669,3.9732084012
2000-10-27,1738.13,1764.02,1718.47,1750.9,0.25240704,4.1824980792
2000-10-30,1742.49,1766.7,1719.39,1749.72,0.358137,5.225885005299999
2000-10-31,1745.03,1764.48,1715.86,1734.6,0.38171178,5.3635270675
2000-11-01,1729.65,1758.52,1712.45,1741.21,0.36316538,5.1925664266
2000-11-02,1737.36,1764.45,1723.03,1745.92,0.56430662,7.253333637000001
2000-11-03,1742.09,1770.95,1720.44,1747.65,0.60226106,7.8450898601
2000-11-06,1748.37,1777.36,1729.63,1754.78,0.58768289,7.9938148204
2000-11-07,1755.72,1787.4,1743.19,1767.28,0.5801002,7.9996659961
2000-11-08,1769.16,1785.65,1747.88,1768.1,0.44239195,6.2615816027
2000-11-09,1766.51,1803.48,1747.15,1788.0,0.44140477,7.389658304199999
2000-11-10,1793.2,1821.3,1770.7,1799.08,0.671245,10.2890474982
2000-11-13,1803.65,1837.83,1782.35,1814.67,0.56674142,8.559317392
2000-11-14,1803.63,1844.02,1782.61,1827.48,0.63276919,8.5283024557
2000-11-15,1830.16,1849.9,1799.4,1819.33,0.66239403,8.8283772542
2000-11-16,1818.98,1844.72,1796.38,1825.98,0.66387072,9.5353537078
2000-11-17,1829.35,1846.55,1802.89,1819.18,0.46956793,6.844951696799999
2000-11-20,1820.11,1838.87,1781.27,1811.91,0.57824205,7.9910040789
2000-11-21,1819.22,1843.3,1797.23,1811.17,0.57084699,7.7925622442
2000-11-22,1806.89,1840.63,1787.88,1824.55,0.47820873,7.0358068105
2000-11-23,1828.0,1846.11,1804.2,1822.95,0.4928117,7.0500737197
2000-11-24,1819.76,1847.88,1762.7,1785.53,0.7339867,10.5883742366
2000-11-27,1774.93,1804.11,1753.34,1784.67,0.56011962,8.7575388309
2000-11-28,1790.69,1822.21,1776.7,1804.02,0.47530066,7.106470742999999
2000-11-29,1807.01,1820.8,1771.58,1796.97,0.39537847,5.7324349914
2000-11-30,1800.29,1827.26,1777.44,1802.3,0.34228733,5.735239695700001
2000-12-01,1804.84,1823.19,1785.73,1803.9,0.31512915,4.828765381
2000-12-04,1808.01,1833.39,1781.32,1813.75,0.36777705,5.7321799657
2000-12-05,1816.97,1832.63,1791.55,1815.4,0.29103955,4.6917386999
2000-12-06,1818.37,1831.16,1782.97,1796.42,0.40587459,6.4714835683
2000-12-07,1794.03,1818.37,1771.39,1796.71,0.44994999,6.9550980811
2000-12-08,1798.52,1821.1,1777.53,1798.35,0.31215233,5.1769325739
2000-12-11,1800.03,1812.81,1769.62,1782.79,0.28127876,5.0367327222
2000-12-12,1780.42,1808.53,1765.92,1798.38,0.21976736,3.8034044688999997
2000-12-13,1798.66,1825.39,1774.8,1806.46,0.24547027,4.5039456861
2000-12-14,1807.45,1854.16,1780.83,1826.94,0.26297296,5.1686818454
2000-12-15,1824.38,1855.51,1798.02,1822.94,0.24580687,4.6269219154000005
2000-12-18,1827.4,1849.34,1799.11,1825.98,0.31353587,7.9064338775
2000-12-19,1827.31,1849.91,1804.43,1822.41,0.25671701,5.4859776501
2000-12-20,1824.32,1855.53,1806.54,1839.68,0.3363308,6.370878251000001
2000-12-21,1844.11,1863.61,1823.14,1838.13,0.39183222,7.3447976725999995
2000-12-22,1840.84,1853.65,1808.86,1823.43,0.32284519,5.960761043
2000-12-25,1818.59,1838.48,1783.28,1801.2,0.35427103,6.7450496577
2000-12-26,1791.08,1822.34,1774.39,1805.13,0.29721104,5.690046859500001
2000-12-27,1799.82,1811.57,1771.52,1786.89,0.33192292,5.9560639133
2000-12-28,1776.4,1796.55,1758.8,1778.95,0.34081118,6.594735451799999
2000-12-29,1769.51,1811.2,1758.79,1793.34,0.35682045,7.697306436799999
2001-01-02,1796.73,1821.59,1770.01,1808.34,0.37087356,6.7993131752
2001-01-03,1810.3,1831.81,1790.19,1816.65,0.4427353,7.8982983939
2001-01-04,1808.19,1827.38,1791.91,1809.75,0.39724559,7.0958233849
2001-01-05,1802.84,1822.46,1785.01,1801.94,0.43643246,7.3907793355999996
2001-01-08,1803.1,1814.55,1758.79,1775.56,0.44473375,7.9047835683
2001-01-09,1763.25,1791.44,1741.56,1771.15,0.32344186,5.711741001699999
2001-01-10,1765.68,1802.95,1750.03,1794.17,0.84684874,11.8291198097
2001-01-11,1790.94,1815.84,1768.38,1793.79,0.82996516,12.8408536796
2001-01-12,1783.84,1810.18,1762.94,1784.13,0.33516656,5.5120605521
2001-01-15,1776.0,1786.45,1723.41,1733.88,0.53330857,8.922183931900001
2001-01-16,1724.26,1755.16,1699.09,1739.37,0.35704461,5.6473433039
2001-01-17,1740.47,1752.41,1708.66,1725.78,0.31378544,5.3200981314
2001-01-18,1721.73,1742.96,1709.01,1727.94,0.3262423,5.4231268016
2001-01-19,1737.86,1758.2,1721.62,1742.52,0.27172079,4.7944679504000005
2001-02-05,1744.09,1755.98,1685.91,1697.06,0.26591349,5.0014577682
2001-02-06,1684.31,1696.33,1636.56,1666.69,0.2634104,4.6884632845
2001-02-07,1662.14,1677.19,1639.57,1656.39,0.20576665,3.5827739601
2001-02-08,1653.83,1669.02,1610.14,1622.84,0.22480163,3.8626830021
2001-02-09,1627.02,1661.59,1613.92,1646.1,0.30073355,5.2864751399
2001-02-12,1644.15,1664.11,1613.09,1649.71,0.24425528,4.0783650904
2001-02-13,1650.32,1672.21,1635.64,1653.4,0.20725972,3.7907465262
2001-02-14,1659.83,1675.43,1641.28,1657.45,0.16022278,2.8325040443000002
2001-02-15,1655.55,1673.47,1632.98,1645.28,0.17490167,2.919228005
2001-02-16,1639.08,1654.16,1611.81,1644.07,0.25077094,4.0691053601
2001-02-19,1642.39,1669.88,1628.15,1658.37,0.18916008,3.3207221461
2001-02-20,1655.74,1685.71,1637.67,1654.99,0.28466695,6.0098582796
2001-02-21,1646.96,1658.96,1601.24,1620.08,0.26817151,4.2205769712
2001-02-22,1613.35,1646.95,1598.46,1621.9,0.20338308,3.9947719120999996
2001-02-23,1620.31,1649.25,1609.16,1642.36,0.18975466,3.440933127
2001-02-26,1643.1,1668.5,1627.46,1657.42,0.28838422,4.312580569
2001-02-27,1657.99,1670.97,1635.88,1656.47,0.22827546,3.8500244694
2001-02-28,1655.01,1677.11,1633.3,1659.28,0.23338473,4.4827945717
2001-03-01,1669.83,1687.44,1648.29,1670.58,0.22343411,3.6564881408999996
2001-03-02,1669.93,1696.18,1661.0,1682.85,0.2546369,4.3860900492
2001-03-05,1686.44,1701.56,1662.66,1677.29,0.19150859,3.1268642667
2001-03-06,1677.9,1691.8,1658.69,1680.52,0.2293666,3.5522415394999998
2001-03-07,1677.97,1703.14,1667.62,1685.89,0.24633051,3.7511707035
2001-03-08,1686.93,1718.13,1673.03,1698.88,0.35497104,5.3110415786
2001-03-09,1698.96,1722.1,1683.05,1707.42,0.35802136,6.2633791785
2001-03-12,1707.15,1725.04,1685.66,1708.08,0.23623552,4.0324066681
2001-03-13,1712.44,1722.95,1676.48,1694.28,0.23198702,3.8635780913
2001-03-14,1692.28,1719.52,1682.68,1711.93,0.25740861,4.2047944128
2001-03-15,1711.35,1733.34,1695.85,1714.66,0.24569175,3.9412022657
2001-03-16,1713.78,1727.71,1693.37,1709.38,0.25434399,4.2030088657
2001-03-19,1709.05,1730.42,1694.14,1716.36,0.27295509,4.4978210733
2001-03-20,1719.79,1741.45,1702.33,1723.76,0.26541337,4.4112032888999995
2001-03-21,1724.63,1747.1,1707.83,1731.33,0.32091368,5.108839326
2001-03-22,1734.82,1763.55,1721.37,1750.6,0.39350715,6.302041714
2001-03-23,1754.76,1773.48,1720.15,1734.23,0.50923055,8.5346600275
2001-03-26,1736.44,1766.07,1724.78,1757.19,0.41722753,7.3522503732
2001-03-27,1758.44,1785.2,1740.84,1764.86,0.41901133,7.476189091699999
2001-03-28,1770.58,1785.29,1745.21,1765.76,0.38603345,5.8927119901
2001-03-29,1763.4,1779.75,1744.73,1755.34,0.35980773,5.630851205
2001-03-30,1754.95,1776.26,1737.13,1758.7,0.35480842,5.658449789
2001-04-02,1759.95,1778.23,1741.04,1760.63,0.3440717,6.046421892100001
2001-04-03,1759.78,1777.22,1736.64,1755.24,0.33700613,5.617425511
2001-04-04,1754.7,1768.36,1716.02,1730.34,0.35381262,5.7495718516
2001-04-05,1723.66,1751.16,1713.93,1744.28,0.30133173,5.3579217656
2001-04-06,1750.4,1763.37,1730.44,1744.56,0.30434012,5.3399134548000005
2001-04-09,1738.68,1763.29,1721.3,1750.19,0.35159006,5.7892133204
2001-04-10,1744.39,1776.88,1734.34,1762.61,0.32177039,5.3164301015
2001-04-11,1763.77,1774.13,1739.94,1754.45,0.26263398,4.334004226499999
2001-04-12,1754.27,1775.35,1739.19,1762.42,0.42164039,7.2190058691
2001-04-13,1765.98,1793.22,1749.12,1773.73,0.43588669,7.5872810685
2001-04-16,1774.92,1803.3,1757.52,1789.59,0.44994577,7.808798842000001
2001-04-17,1792.17,1818.23,1772.13,1798.92,0.49562578,9.839559249
2001-04-18,1797.34,1818.58,1770.78,1790.22,0.575049,9.6007809385
2001-04-19,1786.97,1805.62,1758.9,1778.12,0.42013047,7.350796562
2001-04-20,1775.09,1804.69,1746.48,1761.44,0.57037151,10.0381007318
2001-04-23,1755.45,1781.01,1723.25,1759.4,0.51331726,9.290235064600001
2001-04-24,1758.89,1788.64,1750.3,1770.47,0.39981956,6.7222708511
2001-04-25,1768.4,1784.81,1734.86,1749.85,0.27576089,4.5430909555
2001-04-26,1732.3,1753.96,1711.85,1726.41,0.33177474,5.7174731857
2001-04-27,1726.24,1756.75,1714.83,1738.58,0.24528543,4.4142819455
2001-04-30,1738.71,1756.86,1717.53,1734.16,0.18391966,3.1036755564
2001-05-08,1730.56,1760.52,1719.53,1746.21,0.15839852,2.7048987064
2001-05-09,1745.62,1757.4,1722.48,1736.16,0.20575497,3.2271965023
2001-05-10,1735.02,1758.64,1720.44,1743.35,0.22165303,3.334393118
2001-05-11,1744.03,1771.28,1729.38,1756.48,0.37945412,6.8661143668
2001-05-14,1758.9,1780.48,1739.34,1766.84,0.4177819,7.014803185599999
2001-05-15,1773.08,1796.88,1750.6,1773.01,0.41085994,6.784279550599999
2001-05-16,1774.59,1798.6,1754.15,1780.43,0.54177313,8.8069523947
2001-05-17,1782.35,1792.86,1757.3,1768.56,0.4569618,7.5273001076999995
2001-05-18,1767.77,1790.77,1750.9,1775.75,0.3923768,7.1970567900999995
2001-05-21,1775.75,1801.97,1751.62,1782.05,0.46718808,7.7834439665
2001-05-22,1780.65,1800.79,1757.28,1776.24,0.30506501,5.3832274649
2001-05-23,1771.72,1788.03,1740.12,1763.98,0.40352642,6.3196871813
2001-05-24,1762.96,1783.31,1741.55,1767.05,0.37323848,5.9532522521
2001-05-25,1761.17,1788.39,1740.81,1768.42,0.39530774,6.6283076254
2001-05-28,1765.0,1785.21,1738.56,1759.39,0.33730311,5.4240585492
2001-05-29,1755.4,1780.54,1740.32,1764.14,0.25144303,4.1769644611
2001-05-30,1768.21,1802.74,1757.67,1793.52,0.30276169,5.3060560552
2001-05-31,1799.14,1817.06,1775.11,1794.46,0.35768353,6.1252742673
2001-06-01,1796.28,1813.05,1774.73,1793.35,0.35602474,5.866456274400001
2001-06-04,1794.41,1821.36,1773.02,1805.71,0.40218752,6.7936108307000005
2001-06-05,1804.45,1834.03,1770.64,1796.81,0.48435036,8.3140787466
2001-06-06,1792.88,1814.81,1757.16,1792.12,0.55891242,8.7539647296
2001-06-07,1790.73,1803.15,1747.31,1768.78,0.38211074,6.296446120700001
2001-06-08,1764.11,1779.21,1738.7,1764.63,0.29493929,4.934705098399999
2001-06-11,1762.48,1786.15,1733.68,1760.87,0.32683628,5.4664096625
2001-06-12,1756.11,1786.28,1745.51,1771.67,0.37740141,6.303072256699999
2001-06-13,1771.94,1796.86,1754.67,1780.13,0.53149147,9.0762273963
2001-06-14,1776.93,1800.94,1743.42,1754.74,0.62500512,10.5192420756
2001-06-15,1751.65,1784.39,1734.09,1769.98,0.59093757,9.8196785868
2001-06-18,1774.47,1789.74,1727.41,1745.29,0.54290227,9.342319290199999
2001-06-19,1744.45,1770.47,1724.32,1749.34,0.31618485,5.7432077464999995
2001-06-20,1747.19,1769.79,1718.09,1739.23,0.31050493,5.479041940599999
2001-06-21,1742.77,1768.23,1725.9,1758.45,0.28316678,4.9363114938
2001-06-22,1753.14,1777.83,1742.18,1762.26,0.32115098,5.5019554023
2001-06-25,1764.43,1799.47,1743.44,1779.91,0.66894034,11.075674106300001
2001-06-26,1779.55,1797.58,1758.02,1781.3,0.60906129,9.888431405
2001-06-27,1783.63,1796.85,1758.3,1773.44,0.53165115,8.8617169673
2001-06-28,1775.47,1794.96,1749.77,1766.8,0.51085003,8.3908243192
2001-06-29,1766.98,1785.49,1748.33,1760.01,0.45164538,7.3330587220000005
2001-07-02,1763.07,1780.06,1738.02,1749.02,0.23724517,3.9138923923
2001-07-03,1746.69,1764.09,1727.15,1748.2,0.33344896,5.3273994036
2001-07-04,1749.19,1761.7,1730.37,1741.39,0.21631397,3.5150782063999997
2001-07-05,1736.3,1751.26,1709.96,1728.07,0.29443102,4.8495918273
2001-07-06,1724.74,1739.41,1709.94,1718.73,0.22169678,3.749705539
2001-07-09,1718.65,1740.8,1699.64,1720.46,0.24548372,4.259132532200001
2001-07-10,1721.8,1745.71,1715.06,1737.28,0.21360238,3.5091483914999997
2001-07-11,1737.5,1751.09,1713.98,1723.76,0.24953016,4.2493842014
2001-07-12,1718.68,1737.59,1706.2,1724.92,0.24271972,4.1341610113
2001-07-13,1725.36,1742.24,1712.29,1721.32,0.2010526,3.4770644742
2001-07-16,1725.84,1743.75,1694.45,1705.43,0.25293623,4.073143517799999
2001-07-17,1704.88,1716.9,1677.08,1699.09,0.21009866,3.2763197520999996
2001-07-18,1698.84,1714.93,1684.86,1700.88,0.16485977,2.6295464398
2001-07-19,1703.55,1721.25,1683.7,1707.88,0.2006486,3.2263117789
2001-07-20,1709.22,1738.52,1701.01,1728.56,0.26934072,4.4051987759
2001-07-23,1729.98,1740.89,1704.04,1718.29,0.21011637,3.333584442
2001-07-24,1711.71,1719.35,1682.28,1695.94,0.2325847,3.7718262529000004
2001-07-25,1687.4,1701.56,1662.06,1672.71,0.19871828,3.2384292291000003
2001-07-26,1669.16,1684.52,1644.56,1658.65,0.22356345,3.4845783318
2001-07-27,1658.02,1678.42,1632.99,1643.54,0.17847758,2.7845657714
2001-07-30,1640.43,1644.62,1540.74,1551.54,0.28248527,4.1604040998
2001-07-31,1530.93,1574.09,1503.98,1523.03,0.28349528,4.194059677699999
2001-08-01,1528.24,1584.51,1519.91,1568.54,0.24174003,3.5589795543
2001-08-02,1567.65,1577.61,1511.88,1550.84,0.18030834,2.623340363
2001-08-03,1551.06,1567.08,1533.62,1554.6,0.13583068,2.0451431147
2001-08-06,1550.98,1557.79,1490.43,1510.29,0.20887001,2.9694499574
2001-08-07,1502.23,1538.76,1483.46,1526.94,0.16766275,2.3811093341
2001-08-08,1529.07,1544.2,1508.3,1527.27,0.14767423,2.2851385686000003
2001-08-09,1527.86,1565.94,1518.43,1558.98,0.18126744,2.4762113130000003
2001-08-10,1564.46,1600.23,1553.85,1584.01,0.32100046,4.641147173399999
2001-08-13,1585.28,1599.52,1562.57,1584.11,0.17480987,2.5621461281999998
2001-08-14,1585.12,1601.09,1556.49,1575.07,0.2369955,3.2110703010000003
2001-08-15,1573.2,1592.19,1558.66,1580.25,0.17926389,2.3550110828
2001-08-16,1582.7,1591.22,1550.06,1560.68,0.13846333,1.9492935644999998
2001-08-17,1556.16,1570.77,1539.25,1558.87,0.10543969,1.5289068173
2001-08-20,1556.14,1577.65,1541.72,1566.68,0.1050902,1.4655947541999998
2001-08-21,1572.64,1590.76,1556.25,1575.66,0.123159,1.8018737624
2001-08-22,1574.1,1584.85,1539.86,1560.58,0.26487382,3.6055170726999997
2001-08-23,1551.33,1572.26,1531.7,1559.98,0.15400399,2.1722963419
2001-08-24,1561.72,1580.51,1534.49,1551.71,0.185561,2.5941585155
2001-08-27,1549.57,1557.77,1502.39,1516.32,0.22608015,3.1410690454
2001-08-28,1509.89,1538.83,1485.55,1529.25,0.17425553,2.3643004955
2001-08-29,1531.62,1552.4,1512.42,1531.68,0.15270271,2.1630762366
2001-08-30,1526.67,1540.87,1505.49,1523.83,0.10289328,1.3889309903
2001-08-31,1525.4,1540.54,1505.87,1518.99,0.08817446,1.1614842871
2001-09-03,1517.47,1528.73,1496.84,1514.0,0.11959447,1.5609343462
2001-09-04,1511.91,1548.08,1503.89,1542.42,0.18100769,2.5423684632
2001-09-05,1545.93,1566.3,1530.62,1543.94,0.15129867,2.1129236058000003
2001-09-06,1544.3,1557.04,1523.41,1537.66,0.0967354,1.3469531153999998
2001-09-07,1535.93,1545.88,1495.61,1505.16,0.1569945,2.209768953
2001-09-10,1468.88,1514.38,1451.4,1501.85,0.1399333,2.0581364254
2001-09-11,1482.95,1500.24,1470.49,1484.29,0.13037205,1.909543449
2001-09-12,1432.96,1457.27,1410.22,1440.93,0.19168985,2.7958638001
2001-09-13,1421.59,1439.82,1410.99,1420.19,0.10274881,1.5282673412999999
2001-09-14,1404.82,1416.63,1382.9,1391.85,0.16844758,2.3660606633000003
2001-09-17,1384.78,1395.46,1359.81,1366.15,0.15949976,2.1281763524
2001-09-18,1350.5,1378.11,1339.75,1359.29,0.14248132,1.8784839116
2001-09-19,1347.7,1365.06,1327.47,1358.27,0.15920089,2.206647084
2001-09-20,1347.99,1363.96,1332.35,1344.72,0.16798616,2.2629771628
2001-09-21,1328.76,1339.73,1314.23,1327.12,0.13323243,1.8567376249
2001-09-24,1313.39,1321.86,1296.24,1305.95,0.10020027,1.346175457
2001-09-25,1298.65,1312.69,1286.62,1297.59,0.2711706,3.1255038552
2001-09-26,1286.28,1301.47,1264.85,1273.31,1.15645688,10.6269332149
2001-09-27,1262.4,1280.33,1240.8,1258.15,0.54382773,5.1285570429
2001-09-28,1250.5,1267.31,1225.97,1244.33,0.39229537,3.6786702932999997
2001-10-08,1243.31,1253.69,1202.23,1213.05,0.34510698,3.0267937195
2001-10-09,1203.08,1239.35,1192.74,1225.78,0.56949143,4.3479595752
2001-10-10,1219.81,1229.51,1168.69,1182.78,0.40191277,3.6781889304
2001-10-11,1181.05,1197.47,1130.33,1147.69,0.35435232,3.5233251463
2001-10-12,1148.02,1189.53,1107.18,1170.71,0.44717584,4.6261298666
2001-10-15,1168.01,1183.72,1142.56,1164.77,0.26700402,2.6534574062000003
2001-10-16,1162.35,1171.81,1126.35,1141.16,0.29905035,2.7321329808
2001-10-17,1137.82,1156.39,1119.0,1134.92,0.18628012,1.6467916513
2001-10-18,1133.01,1146.84,1097.79,1107.95,0.38033852,3.1406646025
2001-10-19,1103.25,1114.51,1052.31,1070.58,0.23169625,2.5412337804
2001-10-22,1060.23,1078.8,1030.72,1046.42,0.36844196,2.9750446158
2001-10-23,1123.66,1147.55,1102.67,1147.55,0.67436845,6.4558478784
2001-10-24,1190.57,1220.98,1152.79,1190.83,0.688005,8.4151676623
2001-10-25,1186.88,1196.28,1142.02,1159.94,0.34037271,4.0114587824
2001-10-26,1154.67,1170.85,1131.6,1158.34,0.18281747,2.144699692
2001-10-29,1161.49,1184.65,1145.67,1173.89,0.3794949,3.4213633618
2001-10-30,1171.63,1188.64,1153.19,1169.1,0.26148565,2.5776021573
2001-10-31,1164.07,1173.98,1140.18,1161.77,0.19515745,2.030669054
2001-11-01,1166.59,1192.46,1152.13,1177.22,0.29889143,3.3632526426
2001-11-02,1173.99,1189.15,1161.71,1171.97,0.20998802,2.4272149843
2001-11-05,1166.89,1176.16,1146.68,1160.5,0.19490109,2.0312592047
2001-11-06,1156.93,1170.48,1145.47,1155.95,0.14916824,1.7899237372999999
2001-11-07,1151.07,1156.41,1090.01,1095.37,0.27083805,2.8976904621
2001-11-08,1079.35,1115.96,1062.62,1106.77,0.22908179,2.4664698016
2001-11-09,1106.2,1132.06,1086.47,1120.5,0.2085339,2.392311884
2001-11-12,1120.69,1133.72,1100.98,1112.66,0.18443183,2.2394365476
2001-11-13,1102.44,1117.46,1083.93,1102.72,0.21807913,2.4181044872
2001-11-14,1101.96,1122.24,1090.79,1103.74,0.18679024,2.1023504469
2001-11-15,1104.49,1122.57,1090.05,1102.67,0.12129176,1.4322927609
2001-11-16,1161.35,1184.67,1106.58,1112.37,0.40730954,4.824243066
2001-11-19,1107.46,1128.63,1093.69,1117.63,0.19968207,1.9871528719
2001-11-20,1115.41,1150.35,1110.56,1138.87,0.63899959,5.0447462307999995
2001-11-21,1142.5,1164.62,1129.34,1153.85,0.52700245,4.4614099142
2001-11-22,1151.01,1172.0,1139.04,1162.3,0.50960632,3.6960132404
2001-11-23,1164.24,1178.5,1145.04,1159.44,0.52120031,4.8799612943
2001-11-26,1156.21,1166.55,1136.78,1150.53,0.31857282,3.1100077833
2001-11-27,1149.96,1167.92,1142.04,1160.98,0.24307298,2.5227698452
2001-11-28,1163.53,1181.22,1155.57,1169.25,0.38967755,4.278510348
2001-11-29,1169.97,1187.1,1156.49,1170.89,0.45086143,4.4046707202999995
2001-11-30,1169.83,1191.81,1160.57,1182.96,0.41192932,4.6406635293
2001-12-03,1185.49,1205.62,1177.12,1192.87,0.43615637,4.8313626548
2001-12-04,1193.36,1210.45,1179.8,1201.75,0.60659279,6.7323217188
2001-12-05,1193.91,1213.16,1172.74,1182.49,0.69177561,7.14872737
2001-12-06,1173.58,1194.99,1158.97,1182.83,0.41557774,4.3673460943
2001-12-07,1183.24,1202.15,1166.51,1183.22,0.69710428,5.7083818925
2001-12-10,1179.48,1194.57,1163.33,1182.13,0.53856824,4.3660177198
2001-12-11,1185.86,1195.7,1162.32,1170.67,0.39085211,3.6432286786000003
2001-12-12,1167.52,1178.01,1147.72,1156.04,0.32476249,3.0993600781
2001-12-13,1153.49,1170.41,1127.41,1136.19,0.31384861,3.1316861757999996
2001-12-14,1132.92,1149.27,1112.55,1124.76,0.36732417,4.0509419837000005
2001-12-17,1121.57,1135.2,1105.11,1115.88,0.25357468,2.6752253727
2001-12-18,1116.23,1134.57,1099.58,1126.3,0.22224184,2.1778150966
2001-12-19,1127.24,1138.64,1109.52,1116.27,0.20500101,1.9943160783000002
2001-12-20,1111.15,1116.62,1074.73,1081.6,0.30927863,3.1013552597000005
2001-12-21,1077.12,1099.35,1069.8,1089.84,0.25083131,2.7107767975
2001-12-24,1087.45,1101.84,1064.54,1075.26,0.24028862,2.3950483287999997
2001-12-25,1072.74,1091.93,1058.8,1082.7,0.21990491,2.4506703075
2001-12-26,1082.46,1101.09,1068.4,1092.5,0.22309885,2.5304825764
2001-12-27,1093.21,1106.69,1078.47,1087.92,0.32275272,3.0326292886000004
2001-12-28,1087.2,1102.26,1070.22,1089.87,0.23901922,2.538709433
2001-12-31,1091.46,1112.65,1079.23,1098.48,0.20371087,2.1468024737
2002-01-04,1089.52,1100.8,1056.36,1071.53,0.19234415,1.7362408829
2002-01-07,1061.16,1071.58,1037.92,1055.04,0.22232314,2.316845659
2002-01-08,1051.96,1067.51,1038.11,1044.82,0.18984594,1.8035706002
2002-01-09,1037.64,1046.27,1013.68,1025.74,0.21258278,2.1215709635
2002-01-10,1019.95,1043.66,989.37,1032.6,0.36705527,3.7068811182
2002-01-11,1030.54,1035.81,991.54,1000.28,0.30021973,2.7698340117
2002-01-14,983.26,994.59,950.63,959.89,0.3566902,2.7688727114
2002-01-15,948.54,971.6,924.55,937.24,0.34427213,2.67509364
2002-01-16,933.01,958.0,911.25,943.81,0.36190026,3.132809155
2002-01-17,940.42,947.14,891.79,899.54,0.34200729,2.6442182236000003
2002-01-18,888.65,915.17,860.46,890.68,0.3923332,3.0026451471
2002-01-21,875.7,890.27,841.92,849.73,0.29483666,1.9824707872
2002-01-22,840.41,875.83,822.71,837.28,0.37007576,2.3580142958000003
2002-01-23,830.23,901.31,816.19,897.27,0.53810769,3.7022762281
2002-01-24,886.28,924.87,856.54,902.96,0.74823617,5.4060517629
2002-01-25,896.33,922.31,884.64,905.79,0.52544071,3.3184205433
2002-01-28,903.82,914.57,837.14,842.77,0.53572375,3.5583628798
2002-01-29,829.98,876.26,818.35,864.18,0.3697392,2.3848323024
2002-01-30,862.84,885.82,848.28,872.02,0.36698607,2.2109171546
2002-01-31,881.15,947.06,877.33,935.37,0.85793917,6.820123252899999
2002-02-01,936.9,959.51,919.36,936.21,0.74150129,5.917806007799999
2002-02-04,932.35,964.41,918.86,956.91,0.61887396,4.1676065187999995
2002-02-05,956.81,974.63,943.61,961.36,0.49360193,3.5966783694
2002-02-06,957.97,966.82,926.3,933.64,0.33117764,2.742400435
2002-02-07,934.42,968.32,930.11,956.67,0.34564596,2.8431223694
2002-02-08,965.73,977.65,945.96,952.53,0.42590187,3.4058149073000004
2002-02-25,980.31,990.33,957.65,972.27,0.33245919,2.9798965011000003
2002-02-26,975.08,986.68,954.76,981.99,0.71901806,4.6071782339
2002-02-27,985.38,1002.6,973.92,988.65,1.04018713,6.5105765034
2002-02-28,986.35,1003.02,970.95,981.21,0.71456983,4.4813075376
2002-03-01,978.02,983.03,952.35,957.36,0.47650778,3.0535285066
2002-03-04,948.65,978.65,940.09,973.89,0.78715864,4.4735492639
2002-03-05,974.34,1009.51,967.17,999.95,1.09553306,8.0257820417
2002-03-06,1001.73,1039.49,992.52,1014.35,1.45930563,10.968530573299999
2002-03-07,1014.41,1056.56,1009.42,1050.75,1.33616756,10.7782316763
2002-03-08,1059.85,1087.46,1039.65,1073.32,1.8123405,14.5947856122
2002-03-11,1073.23,1109.13,1057.64,1100.01,1.43981318,12.708757708299999
2002-03-12,1096.72,1114.82,1066.32,1081.59,0.84685489,8.721485102699999
2002-03-13,1075.77,1109.75,1051.82,1073.85,1.59418262,12.870154548599999
2002-03-14,1070.9,1114.06,1058.58,1105.51,1.18831988,9.3745198628
2002-03-15,1108.03,1129.11,1064.84,1071.99,1.37136084,12.9748771569
2002-03-18,1085.67,1110.93,1057.19,1075.42,1.22402137,11.791760035
2002-03-19,1075.25,1116.15,1056.2,1106.8,1.45275267,13.245157732300001
2002-03-20,1114.09,1144.33,1095.65,1126.83,1.84164051,16.4104666701
2002-03-21,1128.7,1147.31,1108.36,1128.36,1.50346113,13.112418387
2002-03-22,1126.21,1141.44,1100.08,1118.46,1.38169233,12.5796922177
2002-03-25,1114.0,1135.45,1101.22,1123.24,0.96117131,9.0805938131
2002-03-26,1119.29,1130.2,1090.46,1103.14,0.99457741,8.9883951033
2002-03-27,1097.76,1117.32,1085.46,1108.03,0.60804544,5.2593979569
2002-03-28,1109.74,1123.57,1092.97,1103.32,0.71286974,6.248421996599999
2002-03-29,1097.15,1104.56,1053.11,1065.94,0.942089,7.8365449302
2002-04-01,1059.69,1082.63,1043.67,1071.2,0.59277117,4.5318589475
2002-04-02,1070.43,1079.59,1038.35,1051.25,0.52379138,4.3667504668
2002-04-03,1051.73,1071.65,1042.75,1056.57,0.41768559,3.6578277335000005
2002-04-04,1055.65,1093.93,1042.33,1087.5,0.57243887,5.0555560516
2002-04-05,1093.08,1108.75,1071.79,1083.1,0.80395888,7.5989355485
2002-04-08,1077.75,1094.71,1063.96,1078.44,0.68061226,6.074521818099999
2002-04-09,1079.2,1104.27,1069.76,1096.65,0.8296154,7.574231656699999
2002-04-10,1100.05,1120.7,1088.6,1107.2,1.10552848,8.9278348471
2002-04-11,1108.6,1119.92,1083.44,1090.07,1.06561593,9.1449070921
2002-04-12,1087.76,1107.21,1080.63,1093.38,0.6392764,5.927857726
2002-04-15,1095.54,1103.77,1074.79,1085.88,0.61857741,5.5826835157
2002-04-16,1083.14,1096.24,1072.0,1081.04,0.49888818,4.6351472973000005
2002-04-17,1083.02,1094.5,1068.22,1081.55,0.47895386,4.6082135672
2002-04-18,1081.46,1089.46,1061.89,1066.44,0.57775906,5.057276315899999
2002-04-19,1063.73,1077.28,1037.96,1070.9,0.62293108,4.996389052
2002-04-22,1068.2,1081.28,1051.28,1071.18,0.40786139,3.7025001004
2002-04-23,1068.33,1088.42,1053.82,1072.98,0.60687143,5.6075731105
2002-04-24,1069.31,1079.95,1051.96,1061.01,0.48129603,4.2884470306999996
2002-04-25,1059.78,1074.15,1046.68,1063.15,0.44829436,3.5856522137
2002-04-26,1063.27,1086.25,1056.42,1077.09,0.67774171,5.2556287711000005
2002-04-29,1079.9,1104.89,1071.64,1097.24,0.81280622,7.0246941139
2002-04-30,1101.93,1119.58,1084.41,1105.01,0.62003908,6.754939255
2002-05-08,1109.82,1119.21,1091.1,1101.25,0.37682037,3.5501244751
2002-05-09,1102.2,1117.26,1092.94,1102.48,0.44791385,4.2505566816
2002-05-10,1104.97,1115.03,1085.98,1095.91,1.09203301,7.8505512188
2002-05-13,1092.84,1103.64,1077.47,1089.19,0.78011916,6.2940437824
2002-05-14,1086.75,1103.32,1075.0,1083.6,0.59143979,5.0897689672
2002-05-15,1084.39,1095.71,1065.19,1071.05,0.30787531,3.1239280206
2002-05-16,1069.14,1075.71,1027.13,1035.2,0.43494152,4.1724877092
2002-05-17,1029.86,1052.0,1018.89,1040.44,0.37156008,3.3821635529000003
2002-05-20,1038.16,1046.01,1008.96,1025.5,0.30620737,2.8335023433999997
2002-05-21,1045.31,1072.71,1033.47,1058.08,0.62321783,5.914292081599999
2002-05-22,1057.62,1063.58,1030.71,1034.41,0.33251382,3.5501263948000004
2002-05-23,1038.48,1057.54,1029.01,1037.96,0.3742117,4.0215012545999995
2002-05-24,1034.57,1044.72,1011.59,1024.19,0.92618111,5.0075420952
2002-05-27,1029.65,1043.89,1013.5,1029.13,0.38174565,2.6587426879
2002-05-28,1029.71,1046.72,1020.83,1033.45,0.79839992,4.6747418031
2002-05-29,1029.76,1035.4,1000.84,1008.74,0.33403162,3.2810846943
2002-05-30,1006.94,1020.49,988.94,1006.31,0.26274683,2.4544061076
2002-05-31,1005.19,1015.85,991.35,1000.4,0.21208782,1.914194253
2002-06-03,991.56,998.46,967.09,977.04,0.24148547,2.1599498565
2002-06-04,976.69,993.73,962.84,980.95,0.26054665,2.374142204
2002-06-05,976.32,983.81,951.56,958.38,0.23603756,2.1697287191
2002-06-06,955.24,1013.63,947.83,999.81,0.47983829,4.2632395362999995
2002-06-07,999.09,1021.4,985.04,1007.03,0.4949934,4.5918274486
2002-06-10,1003.76,1011.57,987.91,997.84,0.18625511,1.6642021937
2002-06-11,994.62,1015.87,990.89,1007.61,0.20827904,1.9482629630000001
2002-06-12,1005.78,1016.96,991.75,1005.06,0.26185085,2.6328830608000002
2002-06-13,1000.42,1015.57,987.61,993.56,0.35155044,3.7187855331
2002-06-14,986.73,998.12,973.61,980.51,0.2055916,1.9882829213
2002-06-17,972.41,987.76,964.69,981.9,0.11783073,1.1405913796
2002-06-18,986.07,1014.04,982.21,1006.64,0.39907337,3.6089234975999998
2002-06-19,1004.23,1010.51,987.73,994.17,0.19193802,1.7087547976
2002-06-20,994.77,1017.35,990.98,1002.49,0.32633283,2.9562384711000003
2002-06-21,1004.36,1046.73,1000.53,1036.16,1.08474454,10.4628719915
2002-06-24,1125.12,1135.81,1080.71,1128.93,2.91850431,31.0598546615
2002-06-25,1129.36,1159.3,1090.83,1108.0,2.10892274,20.5972096524
2002-06-26,1100.78,1125.36,1083.06,1111.99,1.13795591,11.0158284223
2002-06-27,1110.48,1134.06,1097.54,1112.93,1.14682431,10.575143536599999
2002-06-28,1112.03,1133.67,1084.77,1106.58,1.33871577,13.3844704768
2002-07-01,1107.4,1123.85,1083.39,1095.84,0.76413164,7.4506640885
2002-07-02,1088.94,1110.1,1078.21,1102.96,0.70535478,6.1623707973
2002-07-03,1102.88,1117.9,1092.5,1107.79,0.49263298,4.6417302292
2002-07-04,1107.72,1120.24,1090.18,1098.48,0.5857913,5.640292966900001
2002-07-05,1095.3,1108.67,1083.66,1100.69,0.36394204,3.5366322467
2002-07-08,1101.82,1121.05,1094.26,1111.67,0.48402357,5.0182419465
2002-07-09,1112.37,1124.55,1099.29,1106.27,0.51167817,4.8290185164
2002-07-10,1104.21,1110.24,1079.86,1086.22,0.43720395,4.1439824363
2002-07-11,1083.21,1099.01,1074.61,1086.96,0.26223915,2.5148043762
2002-07-12,1083.92,1097.46,1076.12,1085.43,0.22826146,2.13501597
2002-07-15,1082.72,1091.98,1068.34,1076.8,0.30207735,2.8624357349
2002-07-16,1075.94,1089.95,1069.75,1077.58,0.18643783,1.7606105078999998
2002-07-17,1076.53,1087.63,1065.41,1083.13,0.20029825,1.9512749927000002
2002-07-18,1083.56,1096.08,1075.1,1086.44,0.27396216,2.8047577351
2002-07-19,1087.21,1099.04,1077.9,1092.17,0.28037061,2.9644565041
2002-07-22,1090.56,1096.78,1069.37,1074.35,0.28059887,2.7528452060000004
2002-07-23,1070.38,1084.34,1062.18,1071.25,0.21203073,2.1312094116
2002-07-24,1070.47,1081.1,1060.76,1069.83,0.24414601,2.5685964137
2002-07-25,1071.8,1080.86,1056.87,1063.3,0.21392305,2.1825789765
2002-07-26,1064.91,1073.82,1052.0,1058.99,0.20345954,2.1308048689
2002-07-29,1055.56,1068.01,1042.51,1063.27,0.24467053,2.4261619848
2002-07-30,1063.01,1071.26,1048.85,1059.75,0.24216117,2.3218306346
2002-07-31,1058.46,1068.27,1044.09,1052.68,0.22342548,2.2801857221
2002-08-01,1049.51,1063.93,1040.83,1054.06,0.21656153,2.2245019763
2002-08-02,1054.68,1064.87,1046.61,1056.88,0.1503602,1.4828134813
2002-08-05,1054.38,1064.77,1046.14,1055.68,0.18256983,1.8001097178
2002-08-06,1053.32,1073.95,1047.98,1064.84,0.2556683,2.4564795633000003
2002-08-07,1063.62,1074.54,1056.47,1066.44,0.25070111,2.6140395333
2002-08-08,1065.5,1075.56,1055.62,1061.98,0.19957522,2.0319588187999997
2002-08-09,1058.31,1066.53,1046.05,1054.25,0.16411467,1.6589404072999998
2002-08-12,1049.88,1058.98,1039.24,1047.27,0.13958601,1.4460995696
2002-08-13,1045.2,1056.94,1040.33,1048.98,0.1372845,1.5113029318
2002-08-14,1047.71,1063.24,1042.73,1057.44,0.17544984,1.9639007286
2002-08-15,1057.41,1062.13,1041.85,1046.71,0.13175176,1.4770235186000003
2002-08-16,1043.75,1064.45,1035.34,1055.8,0.23199159,2.5041087306
2002-08-19,1055.14,1064.49,1043.73,1052.33,0.15804037,1.5642907505
2002-08-20,1052.55,1069.85,1047.59,1064.27,0.28986345,3.0414886376
2002-08-21,1063.65,1076.63,1055.15,1066.99,0.28719281,3.3086283558
2002-08-22,1066.07,1088.77,1060.39,1077.46,0.3839173,4.7142646805
2002-08-23,1077.42,1087.35,1066.41,1074.82,0.30342197,3.5556122795999996
2002-08-26,1072.79,1081.98,1060.16,1068.01,0.27087949,3.0607172495999997
2002-08-27,1066.13,1084.37,1059.28,1075.08,0.30783499,3.5350750807
2002-08-28,1074.73,1084.97,1064.99,1072.28,0.24012461,2.715735328
2002-08-29,1070.56,1081.95,1061.26,1067.49,0.18220091,1.9674646112
2002-08-30,1066.26,1076.64,1060.46,1066.28,0.14952182,1.6688946896
2002-09-02,1064.64,1077.92,1060.13,1071.25,0.20407733,2.3417973361
2002-09-03,1072.89,1085.76,1065.75,1075.76,0.27259969,3.3319192352
2002-09-04,1076.0,1083.74,1063.0,1068.94,0.2625897,3.0925041637
2002-09-05,1067.32,1073.18,1048.68,1054.69,0.26113436,2.7926295542000004
2002-09-06,1051.67,1062.21,1039.68,1046.52,0.22440774,2.3161309763999998
2002-09-09,1043.04,1053.83,1030.12,1040.9,0.2335373,2.292743739
2002-09-10,1038.75,1051.83,1030.73,1042.3,0.17791587,2.0017814673
2002-09-11,1041.84,1050.93,1027.23,1041.79,0.20693969,1.9951558978
2002-09-12,1040.96,1056.2,1033.56,1047.81,0.27668455,2.9243875056
2002-09-13,1046.5,1055.54,1038.86,1047.98,0.189376,2.064403489
2002-09-16,1045.04,1049.65,1023.18,1030.55,0.22351275,2.3189236962
2002-09-17,1030.18,1042.08,1016.31,1030.43,0.2444307,2.5912642154
2002-09-18,1027.66,1036.55,1015.64,1022.06,0.22428069,2.500451395
2002-09-19,1017.28,1042.86,1006.82,1033.64,0.2943435,3.079344504
2002-09-20,1029.91,1037.67,1015.35,1022.6,0.21255123,2.3962374458
2002-09-23,1020.28,1028.98,1008.63,1018.23,0.16284263,1.8920684003000001
2002-09-24,1015.65,1029.02,1005.81,1013.47,0.27859361,2.8670187628
2002-09-25,1011.87,1023.2,1001.33,1011.7,0.29899379,3.26214973
2002-09-26,1008.89,1020.92,996.75,1004.17,0.28986178,3.1889932492
2002-09-27,1002.06,1011.39,989.75,996.51,0.21659129,2.3183175424
2002-10-08,991.8,998.26,976.36,986.73,0.14008019,1.5113166179
2002-10-09,985.08,992.48,964.34,971.98,0.15768474,1.6284789841
2002-10-10,967.94,981.75,961.29,968.24,0.11633191,1.0979014009999999
2002-10-11,968.32,978.75,953.75,960.83,0.16999845,1.6367232497
2002-10-14,957.76,975.97,946.11,966.65,0.19683537,1.8436206377000002
2002-10-15,965.42,976.46,956.28,966.01,0.20543654,2.2121358744
2002-10-16,965.17,983.96,961.75,971.84,0.16714931,1.6798320771000002
2002-10-17,969.85,976.37,952.33,958.65,0.13108396,1.275893143
2002-10-18,954.25,969.95,944.01,960.54,0.23229076,2.3115073525
2002-10-21,960.28,970.58,949.47,964.03,0.2071396,1.8813729525
2002-10-22,965.46,990.69,960.17,982.06,0.37109734,3.6171095609
2002-10-23,982.66,993.28,972.31,986.13,0.31726623,3.4215156863
2002-10-24,982.95,990.94,971.03,977.57,0.24626429,2.7683714366000003
2002-10-25,976.31,986.27,958.61,964.7,0.25435208,2.9505241041000003
2002-10-28,960.85,970.46,943.73,950.79,0.17659866,1.8122861502
2002-10-29,946.42,961.46,930.42,953.21,0.24383824,2.4807534701
2002-10-30,950.69,959.58,938.59,949.78,0.1847305,1.7421986554
2002-10-31,949.88,963.0,943.93,950.9,0.15166042,1.5611662525
2002-11-01,949.43,958.99,939.59,950.95,0.15732996,1.5260269703
2002-11-04,954.57,970.26,947.45,964.88,0.21782224,2.2371020082
2002-11-05,965.73,991.67,959.09,984.01,0.71562198,7.9575032266
2002-11-06,982.41,991.11,971.09,979.36,0.4254295,5.0758794612
2002-11-07,978.41,986.19,967.53,975.88,0.28977248,3.1863006026
2002-11-08,985.72,992.18,945.36,951.32,0.37034298,3.8956800233999997
2002-11-11,950.21,962.91,935.8,942.85,0.24862327,2.4648570355
2002-11-12,943.1,954.1,913.98,923.51,0.36928848,3.5827382831
2002-11-13,920.71,933.8,901.92,926.43,0.33487869,3.4595716464999997
2002-11-14,924.5,932.35,902.28,907.57,0.29538346,3.0229573703
2002-11-15,904.03,927.14,895.11,912.04,0.31650768,3.2056536132
2002-11-18,911.26,921.74,893.85,903.51,0.23100159,2.4592473350999997
2002-11-19,902.49,917.98,891.29,910.63,0.22382983,2.1898151266999997
2002-11-20,907.81,912.64,878.14,884.93,0.27593147,2.5821000004
2002-11-21,881.3,889.11,855.26,861.99,0.30840327,2.7825119337
2002-11-22,863.25,881.55,846.25,864.03,0.27247251,2.3332923193
2002-11-25,860.21,874.17,848.44,865.84,0.16837193,1.4320928682
2002-11-26,864.26,877.56,842.54,848.36,0.21021412,1.9062213276
2002-11-27,841.98,865.5,830.92,856.54,0.27098297,2.2190108344999997
2002-11-28,852.26,883.91,844.53,880.82,0.34835705,2.9479758425
2002-11-29,879.15,906.02,867.77,890.52,0.60634278,5.2728423417000005
2002-12-02,885.75,892.25,857.53,865.52,0.27231236,2.4715626691
2002-12-03,860.82,880.96,854.14,874.23,0.23354683,1.9936723598
2002-12-04,875.05,895.67,866.66,880.75,0.38549702,3.4246021566000002
2002-12-05,874.84,884.11,861.79,874.88,0.21632249,1.8970378321
2002-12-06,872.43,886.01,863.77,872.85,0.19393742,1.6869312399
2002-12-09,870.54,881.09,859.83,868.33,0.15598653,1.3928248768
2002-12-10,864.53,877.49,853.1,859.73,0.17707907,1.6448377555000002
2002-12-11,855.57,866.76,843.99,858.58,0.20797877,1.8690809377000002
2002-12-12,856.16,873.91,850.35,862.49,0.18459729,1.6738378076
2002-12-13,856.39,880.79,845.53,874.24,0.32108184,2.8318544692
2002-12-16,881.87,898.59,870.48,887.27,0.88999216,5.3535490006
2002-12-17,885.26,902.88,877.29,897.17,0.70045927,4.6643285837
2002-12-18,897.76,911.53,884.42,892.88,0.75361627,5.3275531311
2002-12-19,889.06,900.31,880.32,893.73,0.40525769,3.1881558715
2002-12-20,893.72,909.4,885.65,902.24,0.50208506,3.6903333912000003
2002-12-23,903.75,917.76,893.34,903.66,0.53463985,4.0708666964999995
2002-12-24,901.61,909.75,891.55,904.98,0.4077564,3.4181286282
2002-12-25,905.18,912.59,892.36,896.67,0.49533958,4.019458648600001
2002-12-26,893.73,898.8,861.06,865.66,0.54112143,3.9289504108999997
2002-12-27,863.8,873.79,848.13,861.04,0.46324138,3.4428353411000003
2002-12-30,858.27,866.09,839.54,847.38,0.3567452,2.7947375888
2002-12-31,848.13,863.61,832.18,843.26,0.32431932,2.6741161551
2003-01-02,835.63,846.79,817.43,825.01,0.29553913,1.9629520822
2003-01-03,824.16,836.87,815.02,828.5,0.27928483,1.6884048505000002
2003-01-06,828.56,845.16,818.46,839.3,0.27053994,1.7954113936000002
2003-01-07,840.47,853.32,827.58,836.24,0.36527325,2.6540354056
2003-01-08,836.11,862.97,829.36,858.5,0.46311783,3.3781515066
2003-01-09,858.75,882.79,847.82,876.55,0.89989648,6.282924228
2003-01-10,875.69,892.31,860.13,868.36,0.78742147,5.7570597782
2003-01-13,865.58,880.86,856.54,872.21,0.47533716,3.5753963769
2003-01-14,873.5,922.78,868.15,912.59,1.30133585,9.9930088752
2003-01-15,915.27,929.07,890.11,903.17,1.05959042,8.5580598008
2003-01-16,902.01,923.96,894.28,918.75,0.80549993,6.3760171915
2003-01-17,919.75,927.87,903.41,911.17,0.7196243,5.4234873856
2003-01-20,907.5,921.8,894.44,914.3,0.66742338,4.9835141311
2003-01-21,915.82,926.94,894.79,900.37,0.78159528,5.678899310299999
2003-01-22,894.69,914.76,886.89,906.91,0.7184959,5.3893107971
2003-01-23,906.19,920.35,893.65,900.7,0.85935459,5.7302561271000005
2003-01-24,899.54,916.75,889.78,910.17,0.56516234,4.1206413071
2003-01-27,913.44,932.0,906.05,924.81,0.65999394,5.2847814681
2003-01-28,924.63,935.27,913.92,925.92,0.5166806,4.2015028204
2003-01-29,926.55,938.79,918.17,926.82,0.59879151,5.2035399223
2003-02-10,923.9,930.33,907.34,914.77,0.31665188,2.7377933779
2003-02-11,912.31,926.14,908.74,922.87,0.27696903,2.4463784804
2003-02-12,920.95,937.83,914.88,933.75,0.42609298,3.7555062955
2003-02-13,935.03,949.71,925.72,933.21,0.63473093,5.2937921229
2003-02-14,931.03,942.71,924.84,935.71,0.43591581,3.8184449065
2003-02-17,934.33,945.26,920.75,927.78,0.40119434,3.3409009635
2003-02-18,925.53,932.88,917.3,926.34,0.28898872,2.3207564476
2003-02-19,923.6,936.0,915.84,932.87,0.4274519,3.7290435161
2003-02-20,932.86,945.56,925.77,933.75,0.43787731,3.8008356565
2003-02-21,932.2,937.97,907.62,912.66,0.62931595,4.959843407799999
2003-02-24,910.02,924.08,903.72,915.2,0.38174706,3.1484331689999996
2003-02-25,912.01,936.23,909.59,932.65,0.50643878,4.7112363082
2003-02-26,934.37,941.54,922.28,932.22,0.35876076,3.4903321902999997
2003-02-27,930.8,938.75,920.87,927.58,0.35161905,3.4270104638
2003-02-28,926.28,932.88,915.47,926.11,0.26891878,2.3896000521
2003-03-03,925.23,935.41,918.3,930.44,0.34777252,3.168687613
2003-03-04,931.56,938.91,922.73,930.91,0.3381537,3.2822646836000002
2003-03-05,930.75,936.46,916.97,925.89,0.31564224,2.8793320171
2003-03-06,924.45,930.03,905.93,911.23,0.3524342,3.0501896266000004
2003-03-07,909.66,919.56,899.91,907.41,0.3218727,2.8570887388
2003-03-10,905.67,911.97,882.9,888.44,0.36382512,3.1596683295
2003-03-11,887.77,897.81,881.08,891.6,0.25869344,2.4009641446
2003-03-12,890.5,897.77,878.28,892.06,0.24174302,2.1620195642
2003-03-13,892.12,898.48,881.91,886.75,0.23828211,2.2736841884
2003-03-14,885.48,894.65,877.66,885.45,0.23816127,2.1002809288
2003-03-17,883.68,890.88,870.52,883.16,0.2564442,2.3518220158000003
2003-03-18,882.62,893.08,872.9,877.42,0.27132531,2.5238214916
2003-03-19,876.15,886.78,866.9,877.36,0.29285238,2.7460208814
2003-03-20,877.88,883.12,864.34,871.7,0.23653468,2.1376534081
2003-03-21,871.0,883.17,866.28,879.02,0.21250442,2.0194209503
2003-03-24,878.57,886.13,871.62,881.62,0.20228122,1.8451344512999999
2003-03-25,879.9,884.97,865.98,872.48,0.21602057,2.2271427987
2003-03-26,869.88,877.34,859.8,867.1,0.20669808,1.9735875874000002
2003-03-27,865.72,896.59,857.83,889.23,0.50858861,4.6686023544
2003-03-28,888.23,899.23,876.94,885.78,0.45816512,4.42394722
2003-03-31,883.81,896.69,876.41,890.59,0.3254845,2.8850882536
2003-04-01,890.86,905.77,885.36,899.45,0.52121343,4.7350326918
2003-04-02,899.25,906.06,888.81,896.9,0.40102423,3.8236836682999997
2003-04-03,895.69,905.03,886.66,894.88,0.36172273,3.1257092308999996
2003-04-04,893.8,905.14,887.96,898.28,0.49511904,3.4942045687
2003-04-07,898.35,907.07,883.46,889.91,0.40589552,3.5107486451
2003-04-08,889.1,897.31,876.63,884.32,0.37892098,2.9546090568
2003-04-09,883.22,901.0,867.1,892.44,0.79058546,6.1601103608
2003-04-10,894.29,908.77,878.0,897.96,0.80824189,6.692143209299999
2003-04-11,898.87,922.64,887.67,911.79,1.18053259,8.368303199
2003-04-14,914.56,945.44,908.28,936.7,1.42846305,11.0257685096
2003-04-15,939.59,959.67,924.46,946.98,1.22630889,10.4042150504
2003-04-16,946.39,957.75,915.26,924.61,1.25594596,10.53285262
2003-04-17,923.39,939.13,910.78,927.7,0.82575146,7.0103650646
2003-04-18,927.33,941.09,913.71,927.1,0.6809039,5.608308083200001
2003-04-21,926.08,931.5,900.58,912.16,0.50476239,4.156372865
2003-04-22,909.82,926.04,896.23,915.22,0.37755927,3.9866871218
2003-04-23,918.84,927.74,899.43,907.96,0.56708228,5.4687493113
2003-04-24,903.91,914.0,874.15,882.88,0.64454352,5.7261813139
2003-04-25,879.16,892.27,860.93,869.09,0.44149208,3.6952816329
2003-04-28,866.68,892.86,841.36,882.39,0.62245348,5.1217367029
2003-04-29,881.98,900.02,857.37,873.35,0.48177572,4.4020964824
2003-04-30,868.65,888.82,855.07,869.02,0.59482744,4.898165866499999
2003-05-12,865.82,874.39,839.31,850.15,0.37999798,2.7526588333
2003-05-13,845.72,857.37,810.77,826.41,0.63905705,4.6248441139
2003-05-14,820.45,852.31,813.44,843.22,0.53975876,4.1105755813
2003-05-15,835.55,863.28,824.52,857.1,0.57718089,4.4914283128
2003-05-16,850.98,860.28,838.75,849.81,0.44999415,3.4816851310000003
2003-05-19,843.92,861.34,836.56,852.49,0.40899402,3.1145818418
2003-05-20,846.96,868.22,833.93,851.01,0.86547049,8.4964487432
2003-05-21,844.36,858.26,837.13,847.16,0.37830762,3.1974995609
2003-05-22,840.34,854.62,832.42,845.1,0.69131902,6.2862330285
2003-05-23,842.64,856.68,833.49,847.21,0.91008547,8.7175018786
2003-05-26,846.75,855.91,835.69,844.24,0.61087079,5.565072080499999
2003-05-27,842.42,853.55,830.29,842.71,0.68143561,5.6399942126
2003-05-28,840.74,857.6,827.18,840.96,1.17334554,9.7995744111
2003-05-29,837.59,848.86,823.88,840.19,0.78479975,6.6166947153999995
2003-05-30,840.39,854.14,831.24,845.08,0.56555402,4.557484022
2003-06-02,845.85,857.8,835.61,850.7,0.40041754,3.1414843638
2003-06-03,851.11,859.66,835.85,842.77,0.7039374,4.817936465
2003-06-04,840.77,848.46,823.64,835.19,0.7153686,4.8794692663
2003-06-05,834.7,845.4,822.67,832.15,0.48815901,3.6445454307
2003-06-06,830.37,836.36,816.26,821.51,0.40109873,2.9991492993
2003-06-09,818.17,825.63,806.06,813.54,0.30906524,2.2897560963
2003-06-10,812.63,825.73,807.9,819.23,0.26053334,1.9415306734
2003-06-11,820.54,834.25,815.94,829.79,0.39889646,2.9159113873
2003-06-12,830.9,838.32,820.21,830.5,0.33852413,2.5141088271000003
2003-06-13,830.5,842.54,823.92,836.2,0.41612655,3.2592506772000003
2003-06-16,836.79,843.14,825.94,833.77,0.34601336,2.7841949286000003
2003-06-17,833.35,838.96,822.92,828.88,0.27637439,2.0748857947999997
2003-06-18,828.79,838.0,821.69,827.89,0.30985473,2.3936919947999997
2003-06-19,827.72,835.39,812.95,821.23,0.50819494,3.8208499956999997
2003-06-20,820.23,828.87,812.01,817.99,0.38420849,3.0773537514999996
2003-06-23,816.99,822.43,800.49,806.51,0.38859145,2.9904891309
2003-06-24,805.03,815.68,798.02,808.8,0.34392602,2.5863429189
2003-06-25,809.08,816.12,798.39,803.4,0.33125633,2.4809702956
2003-06-26,801.58,813.58,791.17,806.48,0.34451187,2.5618823531
2003-06-27,805.96,813.22,790.05,796.54,0.33813046,2.5156271773
2003-06-30,792.53,799.25,781.17,785.76,0.21540767,1.5407184015000002
2003-07-01,786.3,798.2,778.26,782.98,0.28247456,2.1141300102000002
2003-07-02,782.44,793.11,771.3,784.85,0.30753854,2.2037909142
2003-07-03,785.13,794.62,777.68,787.28,0.2289657,1.578226457
2003-07-04,787.57,794.66,779.61,784.66,0.22150189,1.5850405981
2003-07-07,782.82,787.2,771.73,779.71,0.22067423,1.6131503288
2003-07-08,780.2,791.95,775.63,787.29,0.20558891,1.4884728000999998
2003-07-09,787.51,793.38,778.29,783.96,0.22859423,1.7597214713
2003-07-10,783.76,798.47,778.64,794.02,0.3212554,2.4702959447999997
2003-07-11,793.91,799.67,784.13,791.31,0.2857585,2.0681381941
2003-07-14,792.07,798.19,782.57,788.3,0.40428188,2.4926258144
2003-07-15,788.11,794.2,778.91,785.8,0.34265752,2.244318567
2003-07-16,785.86,793.84,778.18,787.26,0.33592969,2.0822874182
2003-07-17,787.08,796.69,778.99,788.75,0.43968689,3.3416398966000003
2003-07-18,786.83,792.85,767.25,770.44,0.39261709,2.730119148
2003-07-21,768.51,773.39,745.98,754.56,0.36085079,2.4014164642
2003-07-22,758.59,771.21,750.74,762.51,0.27781309,1.9107973014
2003-07-23,762.99,771.56,756.81,766.88,0.20904952,1.408730574
2003-07-24,767.31,772.46,756.29,760.91,0.24817906,1.7617170054
2003-07-25,759.21,766.51,744.31,749.94,0.256742,1.7729221874
2003-07-28,747.46,754.87,736.73,745.65,0.20004451,1.513938796
2003-07-29,746.13,756.29,741.26,749.81,0.23582297,1.9261070865
2003-07-30,749.95,755.65,741.08,748.63,0.17213793,1.3483243138999998
2003-07-31,748.8,754.9,740.98,747.26,0.16997224,1.2161618557
2003-08-01,747.07,756.17,738.17,749.67,0.21915156,1.7050642625
2003-08-04,749.71,762.68,741.36,760.14,0.25850168,1.9260902292
2003-08-05,759.71,767.31,752.73,760.76,0.22198665,1.5672505145
2003-08-06,759.15,770.32,750.74,761.81,0.27312357,2.0199528053
2003-08-07,760.38,768.45,754.63,761.62,0.20922549,1.4762095357
2003-08-08,761.22,767.53,749.0,754.57,0.34293812,2.3374156997
2003-08-11,751.69,763.05,745.49,758.45,0.25040479,1.7751626881
2003-08-12,758.0,768.38,752.0,761.79,0.26546269,1.6751616319999998
2003-08-13,762.39,766.27,749.91,754.15,0.24807813,1.7105833804
2003-08-14,752.99,765.19,744.36,751.1,0.41784827,2.9545380881
2003-08-15,750.84,758.86,741.74,749.44,0.31219252,2.2115034166
2003-08-18,749.15,756.71,740.4,746.67,0.20493436,1.4184576982
2003-08-19,747.66,756.65,741.63,749.23,0.2145927,1.5311980173
2003-08-20,749.09,751.92,734.97,742.79,0.19976249,1.4315027054
2003-08-21,742.31,747.43,734.84,741.26,0.15492734,1.1050908729
2003-08-22,740.85,750.93,735.54,743.93,0.22213615,1.4986048579
2003-08-25,741.01,744.46,726.16,730.99,0.19067353,1.2798964597
2003-08-26,731.16,739.84,722.34,732.64,0.19679158,1.3859015595
2003-08-27,732.42,741.19,724.21,731.71,0.2471472,1.6270951396000002
2003-08-28,732.01,737.28,721.52,725.52,0.20153796,1.4616911828999999
2003-08-29,724.21,731.53,711.06,724.45,0.25061366,1.7168260709999998
2003-09-01,722.5,740.73,717.1,737.96,0.30597288,2.0870101341
2003-09-02,737.2,743.79,726.36,734.13,0.31149838,2.1471484822
2003-09-03,733.57,744.63,725.91,738.7,0.33343556,2.4188190855
2003-09-04,739.91,750.01,732.42,740.29,0.39541277,2.6717467734
2003-09-05,739.25,745.52,724.32,729.46,0.35376263,2.3642025729
2003-09-08,728.26,734.0,719.62,726.89,0.21300892,1.4340771097999998
2003-09-09,726.71,734.6,719.17,724.78,0.21460979,1.5721851361
2003-09-10,724.35,731.45,718.42,725.94,0.17173892,1.2488392226
2003-09-11,726.62,733.67,719.93,724.69,0.16413361,1.2282032725
2003-09-12,722.84,727.95,709.48,713.91,0.19787569,1.2996800281
2003-09-15,712.46,719.89,699.76,704.45,0.20464116,1.2364409244
2003-09-16,704.77,716.21,697.76,710.44,0.25027083,1.465048867
2003-09-17,709.64,713.47,695.85,702.36,0.17678106,1.0558994601
2003-09-18,701.48,709.64,699.11,700.5,0.1768634,1.1043925798999998
2003-09-19,700.64,702.25,693.55,698.01,0.2127142,1.3533558803999999
2003-09-22,699.67,705.37,690.24,696.46,0.18564027,1.3066522622
2003-09-23,696.09,706.75,690.04,703.55,0.17192207,1.0925453672
2003-09-24,705.86,710.37,704.53,709.04,0.30534556,2.1030686415
2003-09-25,707.42,709.04,694.61,695.85,0.17580584,1.1846333982
2003-09-26,694.21,716.8,691.23,693.78,0.22341477,1.3813281499
2003-09-29,692.35,694.86,682.86,683.68,0.192805,1.1838400923999999
2003-09-30,681.96,692.35,675.39,684.32,0.21161373,1.2861819675
2003-10-08,686.07,689.43,681.55,688.58,0.1456359,0.8913881542000001
2003-10-09,689.12,691.84,686.03,686.65,0.13641746,0.8264755779
2003-10-10,687.08,704.19,685.02,704.19,0.34520571,2.1138494944
2003-10-13,704.53,705.35,687.08,700.27,0.22821329,1.3609298234
2003-10-14,700.36,704.52,693.89,696.8,0.21613877,1.339847912
2003-10-15,696.97,704.03,692.19,693.44,0.21008982,1.2372331128
2003-10-16,691.95,696.98,681.0,681.95,0.20563559,1.2181199392
2003-10-17,682.43,691.95,679.08,682.45,0.1477114,0.8539146479
2003-10-20,682.03,683.04,674.5,677.32,0.16032043,0.9182179514
2003-10-21,677.41,682.03,673.98,680.74,0.22011156,1.2595876912000001
2003-10-22,682.14,694.86,679.22,694.05,0.37677155,2.2400957074
2003-10-23,695.04,700.05,689.87,690.69,0.48287686,2.7968291475
2003-10-24,691.02,692.57,680.83,682.77,0.34280332,1.9906864622999998
2003-10-27,682.33,686.61,675.18,680.1,0.53140247,3.0237027722000005
2003-10-28,678.52,688.19,672.68,676.96,0.54451008,3.0489796655
2003-10-29,677.07,678.76,651.67,660.47,0.52084413,2.8882000212
2003-10-30,658.59,667.43,646.69,649.58,0.38543519,2.0607299128
2003-10-31,647.82,664.78,647.8,661.6,0.53574565,2.8452479563
2003-11-03,661.01,664.37,653.11,664.12,0.36071802,2.0861056832
2003-11-04,664.21,678.34,661.84,674.95,0.76243947,4.2245455301999995
2003-11-05,672.81,673.63,658.13,661.59,0.4484222,2.4442964644
2003-11-06,659.43,663.09,637.79,640.13,0.62764023,3.3279532868
2003-11-07,635.36,639.35,618.75,627.81,0.52754002,2.7359336387999997
2003-11-10,625.62,630.09,618.6,627.21,0.31009349,1.5888261162000001
2003-11-11,627.81,631.86,623.16,631.82,0.36508,1.7878989999000001
2003-11-12,629.54,631.6,621.19,621.86,0.32041361,1.6339694731999999
2003-11-13,618.47,626.54,616.08,624.57,0.37444854,1.8776355588
2003-11-14,624.24,631.85,621.25,630.27,0.2728661,1.3805296741
2003-11-17,629.59,631.81,627.06,630.64,0.27767407,1.4420023122
2003-11-18,628.76,630.69,623.63,625.4,0.34313746,1.8015867734
2003-11-19,624.14,636.87,623.51,636.14,0.4266934,2.2583378957
2003-11-20,634.91,658.13,632.28,658.0,0.83021154,4.405086674800001
2003-11-21,660.82,667.0,646.12,647.03,0.97009496,5.1156198739
2003-11-24,646.21,664.94,645.06,664.8,0.66446361,3.4566700717
2003-11-25,666.71,684.13,663.72,674.99,1.29758016,7.0819155258
2003-11-26,673.47,682.16,671.01,682.08,0.9206687,4.9789087412
2003-11-27,681.26,684.08,663.26,664.02,0.69046404,3.5617402018
2003-11-28,662.75,668.09,657.09,664.23,0.47289964,2.4967918765
2003-12-01,667.77,680.99,665.82,680.99,0.64127942,3.6717881447000003
2003-12-02,683.47,684.13,676.55,680.3,0.73014126,4.0750057723
2003-12-03,678.74,685.11,674.45,680.9,0.77670401,4.5022351891
2003-12-04,680.66,686.49,677.87,686.25,0.65950411,3.8238231966000003
2003-12-05,686.86,691.01,683.96,690.89,0.59306342,3.52957808
2003-12-08,692.82,693.24,681.2,682.55,0.45325097,2.5597538654
2003-12-09,681.01,686.59,675.58,683.07,0.37040743,2.1297852657
2003-12-10,682.53,690.33,680.48,690.02,0.65215212,3.7963375478
2003-12-11,691.53,692.02,686.08,691.44,0.69808203,4.1246655883
2003-12-12,691.1,691.76,685.67,689.45,0.50896068,2.9641120935000003
2003-12-15,689.73,690.63,687.2,689.73,0.47103492,2.8500232882999996
2003-12-16,687.84,689.46,674.6,681.18,0.547682,3.0809301674
2003-12-17,680.25,683.54,672.8,672.89,0.52197144,2.9728316955
2003-12-18,670.69,673.44,658.96,661.58,0.57149913,3.0317830537
2003-12-19,659.39,662.78,627.81,632.25,0.79619536,4.0186156533999995
2003-12-22,625.74,642.67,615.43,642.5,0.93486194,4.8965813152
2003-12-23,642.48,647.84,638.84,644.44,0.72773884,4.0007574577
2003-12-24,642.11,648.5,641.07,647.53,0.73933976,4.124263192
2003-12-25,647.77,648.98,642.59,646.63,0.63123755,3.4330012193
2003-12-26,646.76,649.86,642.93,649.86,0.45157779,2.5016529593
2003-12-29,648.88,649.07,643.14,643.61,0.47383989,2.5558146291
2003-12-30,642.25,646.65,639.78,643.21,0.62904566,3.6174095285
2003-12-31,643.34,644.56,637.06,637.45,0.60444364,3.3732346022
2004-01-02,635.96,641.37,635.96,641.17,0.50220561,3.0171191402999997
2004-01-05,640.09,643.47,639.03,643.47,0.73289653,4.176346085
2004-01-06,643.54,643.88,634.39,643.88,0.91534375,5.0465774068
2004-01-07,644.34,648.66,642.1,648.66,0.79052986,4.5409807283
2004-01-08,649.59,662.79,649.1,662.65,0.98711431,5.9734637406
2004-01-09,663.33,666.49,654.19,655.28,0.84451776,4.8704973377
2004-01-12,654.53,660.06,650.74,659.48,0.53998167,3.1891273784
2004-01-13,660.54,668.85,659.52,668.49,0.85188932,4.8144800737
2004-01-14,669.8,674.9,664.47,674.82,0.98635122,5.9869409071
2004-01-15,675.7,680.64,671.65,675.73,0.98838266,6.3478108324
2004-01-16,676.43,680.5,672.2,679.56,0.9507088,5.953206532699999
2004-01-29,680.29,697.51,677.98,697.45,0.90339514,5.587563096799999
2004-01-30,699.86,703.93,693.55,693.6,1.36234978,8.1174990334
2004-02-02,702.51,712.31,689.28,710.52,1.63735053,10.2330680252
2004-02-03,710.6,719.15,703.38,718.99,1.33655488,8.4783103525
2004-02-04,720.61,733.78,718.68,733.44,1.88585655,12.003329058399999
2004-02-05,734.47,748.88,732.04,748.64,2.20170238,13.9884213109
2004-02-06,749.15,749.28,732.17,732.53,2.06493055,12.91445959
2004-02-09,735.79,755.43,735.79,755.43,1.74023455,11.5461116994
2004-02-10,760.17,762.61,751.14,755.89,1.6533912,10.8335089642
2004-02-11,756.36,759.11,748.72,759.07,1.56435812,10.244402077
2004-02-12,760.31,770.45,760.13,766.17,1.67284334,10.872952828699999
2004-02-13,768.29,769.73,749.15,749.42,1.44889638,9.1955512852
2004-02-16,749.73,764.94,749.73,764.63,1.12831767,7.7680576497
2004-02-17,766.6,777.72,764.84,776.19,1.49196065,10.2668883592
2004-02-18,777.16,779.29,772.17,778.84,1.57621028,10.8581746524
2004-02-19,780.26,784.87,778.45,782.8,1.4607991,9.9023726358
2004-02-20,783.38,791.37,778.66,791.18,1.54386314,10.013352446499999
2004-02-23,793.16,796.59,772.74,773.37,1.76422181,11.7528465526
2004-02-24,769.44,770.62,744.78,758.25,1.57863149,10.2324350825
2004-02-25,757.8,769.5,741.55,744.45,1.35188737,8.8678626936
2004-02-26,742.85,748.54,731.05,738.17,1.19259605,7.7132504611
2004-02-27,740.43,752.49,737.43,752.34,1.1574241,7.7540539428
2004-03-01,753.02,768.25,748.65,768.22,1.56196078,10.2876039865
2004-03-02,769.71,800.83,764.14,784.81,2.55898561,18.0836841407
2004-03-03,784.18,789.57,767.44,770.69,1.70166892,12.1403434454
2004-03-04,767.72,785.68,766.71,785.51,1.67779,12.5256984682
2004-03-05,787.13,803.15,782.38,783.41,2.00587727,15.3574069884
2004-03-08,785.13,788.17,757.7,758.48,1.12895287,8.1403474508
2004-03-09,756.37,761.38,745.61,746.78,0.87751143,6.2350595450999995
2004-03-10,746.43,763.14,745.54,762.86,0.73176957,5.304419574
2004-03-11,764.15,769.22,758.63,767.74,0.83760105,5.9975428958000006
2004-03-12,767.61,767.85,756.51,762.48,0.72238736,5.251507838999999
2004-03-15,761.63,775.42,761.61,773.72,1.00052999,7.438230514600001
2004-03-16,776.21,780.04,771.03,780.02,0.96742497,7.0250816828
2004-03-17,780.63,782.52,773.4,780.85,1.01222078,7.411743899199999
2004-03-18,782.01,789.95,771.43,773.02,1.37410209,10.1266532973
2004-03-19,771.27,784.57,769.57,784.23,0.98366073,7.1553947468
2004-03-22,784.73,791.2,778.65,791.2,0.97050525,6.9233234898000005
2004-03-23,789.35,791.2,780.58,786.6,1.02440865,7.0931752751
2004-03-24,787.15,789.35,778.34,782.68,1.05727098,6.573301460900001
2004-03-25,781.04,786.43,773.78,779.1,0.86717103,5.9477901383
2004-03-26,779.54,781.36,774.52,780.41,0.78501263,5.717023482
2004-03-29,781.24,782.78,773.45,774.02,0.73684806,5.380582212799999
2004-03-30,774.08,781.24,771.27,779.66,0.64262322,4.8411383723000005
2004-03-31,781.38,787.98,774.05,787.71,0.76094983,5.801728885
2004-04-01,789.32,793.31,785.57,792.4,0.87619004,6.4382676339
2004-04-02,795.38,799.6,793.79,799.48,1.27728214,9.1160818353
2004-04-05,801.37,802.96,795.45,802.91,1.23790165,9.5582858582
2004-04-06,803.21,814.06,799.29,813.99,1.36956954,10.091133493200001
2004-04-07,814.37,814.74,807.21,808.34,1.44818983,9.8676519968
2004-04-08,807.78,808.81,801.69,804.24,1.26725196,9.246296321
2004-04-09,803.61,806.07,780.79,783.69,1.32760722,9.949401887
2004-04-12,780.0,791.75,777.05,788.46,1.12655439,8.3616271086
2004-04-13,788.48,791.07,780.65,782.26,1.01202733,7.7664410757
2004-04-14,781.06,782.19,757.86,768.49,1.28346821,9.429460738200001
2004-04-15,771.06,773.51,753.91,756.15,1.14158239,8.5634995374
2004-04-16,755.2,759.77,731.36,751.34,1.37938343,9.3658456254
2004-04-19,749.64,751.22,740.55,743.19,0.74022747,4.9326359624
2004-04-20,740.63,744.06,731.45,737.05,0.64860914,4.7122238809
2004-04-21,738.15,740.62,728.4,731.46,0.56293414,4.3075420677
2004-04-22,731.14,736.78,728.54,736.45,0.56981954,4.0855825661
2004-04-23,734.44,735.25,721.18,721.38,0.67154648,4.2910976648000005
2004-04-26,720.89,724.16,708.87,714.29,0.61304326,4.1148950142
2004-04-27,711.55,716.14,698.66,700.38,0.63441503,4.2611492369
2004-04-28,697.82,707.79,691.23,703.16,0.62796035,4.1556797337999996
2004-04-29,702.43,705.67,691.62,691.94,0.45540566,3.0643466210000003
2004-04-30,692.62,699.88,686.49,697.31,0.44131317,2.8974503925
2004-05-10,699.93,701.27,683.27,684.81,0.39151052,2.2148294272
2004-05-11,683.08,690.68,679.21,687.17,0.29548351,1.9157070799
2004-05-12,687.02,705.31,684.71,705.21,0.47949537,3.1229850909
2004-05-13,705.2,705.61,696.28,702.32,0.3820825,2.5143286547
2004-05-14,702.09,703.32,685.81,688.57,0.37037891,2.3415672485
2004-05-17,685.95,689.87,681.57,685.78,0.26499534,1.6819530206
2004-05-18,685.84,700.44,684.48,700.36,0.33136875,2.3920471146
2004-05-19,703.13,706.02,696.89,699.39,0.48662458,3.1268937219999997
2004-05-20,699.78,704.14,690.8,694.59,0.38876383,2.4891144369
2004-05-21,694.21,697.31,689.01,697.25,0.29040086,1.7730009853
2004-05-24,697.85,698.98,686.51,687.6,0.34781853,2.2806696772999997
2004-05-25,686.12,689.3,664.77,665.74,0.42659107,2.6585401552000003
2004-05-26,663.95,670.83,660.36,666.17,0.27232481,1.6630272751
2004-05-27,666.12,681.39,661.63,680.74,0.3859169,2.4658125269999998
2004-05-28,682.1,682.1,674.71,676.05,0.30491252,1.9404383825
2004-05-31,676.1,680.26,675.05,680.02,0.25008243,1.6464174446000002
2004-06-01,682.05,692.66,679.73,692.49,0.53848313,3.6202220722000003
2004-06-02,693.48,699.47,689.11,695.25,0.74347182,5.4140943018
2004-06-03,693.89,696.34,681.83,683.47,0.64826676,4.322703671499999
2004-06-04,681.33,686.06,679.17,682.7,0.43179095,2.8273922118
2004-06-07,680.82,681.61,666.52,669.92,0.38034972,2.2419837967
2004-06-08,667.8,673.09,659.73,660.46,0.35564039,2.2257274593000003
2004-06-09,659.55,666.32,638.23,641.45,0.46497575,2.9170415687999998
2004-06-10,639.89,644.4,634.73,641.24,0.39303716,2.3969010952
2004-06-11,643.33,654.52,641.55,643.14,0.44603891,2.7320810409
2004-06-14,641.02,644.01,615.45,619.99,0.40089033,2.2337022653
2004-06-15,618.31,633.85,616.45,633.23,0.40265539,2.1542794076
2004-06-16,632.11,641.86,625.1,634.71,0.3519389,2.1199662011
2004-06-17,633.1,634.23,619.81,620.7,0.31262036,1.9707741380000001
2004-06-18,620.39,626.99,612.8,616.76,0.2760119,1.8147131923
2004-06-21,613.61,623.68,611.13,623.49,0.30352174,1.8832152869999998
2004-06-22,623.76,631.9,619.52,629.57,0.39456178,2.4380051628
2004-06-23,627.67,629.05,618.59,624.66,0.2575517,1.6708504825
2004-06-24,623.32,627.25,621.16,621.27,0.30047298,1.8463233072999998
2004-06-25,620.13,621.79,602.77,603.88,0.37310411,2.207408149
2004-06-28,603.47,608.6,588.92,589.64,0.32151493,1.7728822231
2004-06-29,588.06,593.71,579.97,592.53,0.31077025,1.6269322612000001
2004-06-30,592.5,593.27,583.36,584.32,0.24345679,1.3576605869
2004-07-01,584.62,604.47,583.81,602.57,0.42965866,2.354262297
2004-07-02,603.64,604.04,596.24,602.17,0.30253429,1.6380372887
2004-07-05,599.95,603.16,595.67,603.1,0.22883981,1.2081787897
2004-07-06,603.82,611.17,602.47,608.39,0.39098873,2.0707996853
2004-07-07,607.16,608.01,599.61,602.49,0.2512148,1.3273824828
2004-07-08,601.67,607.4,597.65,603.16,0.2517253,1.3885294447
2004-07-09,602.66,605.99,597.09,597.87,0.1980184,1.0367112571
2004-07-12,595.33,598.82,577.18,578.73,0.33876418,1.8265776613
2004-07-13,578.38,586.43,574.25,579.23,0.20792088,1.041631568
2004-07-14,580.16,581.25,560.4,571.36,0.40256814,1.9050745499000001
2004-07-15,573.92,578.23,568.73,574.76,0.40196806,1.8683519899
2004-07-16,576.82,594.56,574.01,593.82,0.61777447,3.2372555963
2004-07-19,594.56,596.96,589.82,593.58,0.42541164,2.2897173988
2004-07-20,593.41,594.16,585.14,590.17,0.44222365,2.262594706
2004-07-21,589.25,592.62,585.25,588.82,0.35320654,1.8667924658000001
2004-07-22,588.56,588.56,571.97,573.44,0.39499354,1.9628881985
2004-07-23,571.44,576.1,567.14,574.78,0.28160663,1.3762206094999998
2004-07-26,571.29,573.25,561.17,564.91,0.32563362,1.5330653946000001
2004-07-27,563.97,567.0,555.78,561.07,0.33079974,1.5377193686000001
2004-07-28,562.42,567.05,556.99,566.57,0.34172911,1.6313431711000002
2004-07-29,566.55,573.7,564.15,573.7,0.32490429,1.5668117637
2004-07-30,573.21,573.82,563.68,564.45,0.35131018,1.5787384094999999
2004-08-02,562.36,567.28,557.4,560.38,0.2483704,1.066732083
2004-08-03,559.49,562.38,558.17,561.14,0.25724195,1.1245568243000001
2004-08-04,560.89,579.24,560.36,574.22,0.5083959,2.5355265387
2004-08-05,573.43,574.92,566.36,567.28,0.29738623,1.3199915185
2004-08-06,568.81,573.84,563.95,569.59,0.42195099,2.1477200553999998
2004-08-09,569.83,570.46,562.89,567.72,0.28455711,1.4110411431
2004-08-10,565.71,570.1,564.37,569.93,0.26671841,1.5002019309
2004-08-11,568.14,569.37,558.97,561.17,0.31754353,1.7277956731
2004-08-12,557.38,562.64,548.55,552.93,0.33780918,1.7224320909
2004-08-13,551.95,558.15,551.18,554.08,0.21201803,1.1323842098999999
2004-08-16,553.01,554.22,542.5,544.48,0.28052184,1.3963891429
2004-08-17,544.14,548.36,539.07,544.79,0.25916934,1.3432959375
2004-08-18,544.51,550.07,543.38,545.16,0.2670272,1.432236482
2004-08-19,543.55,545.29,532.96,535.28,0.34609111,1.6084830594
2004-08-20,533.65,541.9,527.54,537.8,0.34004286,1.6428955613999998
2004-08-23,535.07,536.75,529.24,533.52,0.23169508,1.1733006501999999
2004-08-24,533.51,547.84,532.54,546.16,0.45595175,2.1232926855
2004-08-25,545.74,546.61,540.01,543.29,0.30651505,1.4223702794
2004-08-26,542.19,545.03,536.51,537.47,0.22737006,1.0733732746
2004-08-27,536.42,539.18,530.12,532.73,0.245325,1.2343993065999999
2004-08-30,531.47,534.58,527.52,532.69,0.19854038,0.9636295366
2004-08-31,544.62,550.62,540.65,544.37,0.51717076,2.4822892856
2004-09-01,542.83,544.24,535.39,535.71,0.3890479,1.7413827121
2004-09-02,534.12,544.23,530.9,543.83,0.38725506,1.7066966281
2004-09-03,543.36,553.02,538.76,550.41,0.7170644,3.2131354119
2004-09-06,550.22,550.42,545.69,550.02,0.36230422,1.672080534
2004-09-07,549.36,551.1,543.97,549.78,0.36069519,1.7515257196
2004-09-08,549.64,550.1,544.01,545.95,0.33247651,1.5772797086
2004-09-09,544.46,547.36,535.5,537.33,0.42882866,1.9780379774
2004-09-10,534.35,541.39,532.22,541.26,0.45849245,2.2296081297
2004-09-13,539.83,541.77,533.12,534.05,0.67438797,3.1192315712
2004-09-14,539.3,555.76,538.0,555.76,0.9930949,4.8242291057
2004-09-15,556.64,592.28,554.03,580.99,2.03802385,10.1655052888
2004-09-16,582.56,587.58,578.16,586.96,1.38575157,7.0121881725
2004-09-17,586.64,603.44,583.3,603.4,1.76857157,8.9348835904
2004-09-20,605.91,622.92,600.43,622.71,2.12531964,10.835609161099999
2004-09-21,625.06,625.12,608.89,614.35,1.75461427,9.3228806234
2004-09-22,611.68,623.78,604.58,605.67,1.54342953,8.2772648583
2004-09-23,603.57,621.0,597.65,621.0,1.03450388,5.699283155700001
2004-09-24,624.25,627.75,599.32,599.78,1.55055368,8.664383321699999
2004-09-27,603.96,611.16,586.47,589.74,0.75904344,4.0046693209
2004-09-28,591.18,597.48,587.79,595.8,0.65553366,3.4588070337
2004-09-29,596.71,597.19,587.08,588.16,0.49432366,2.7470976939
2004-09-30,586.2,593.2,572.53,573.62,0.48608344,2.4790361899
2004-10-08,571.5,586.83,564.47,586.82,0.48106527,2.5192272386
2004-10-11,586.01,600.46,583.78,589.07,1.06743483,5.753754829
2004-10-12,587.05,587.78,577.11,578.1,0.61514777,3.2330134027999997
2004-10-13,575.81,581.3,569.02,576.1,0.58863173,2.9554669598000003
2004-10-14,573.98,575.44,544.51,545.16,0.71278803,3.4970112055
2004-10-15,542.71,548.69,532.57,541.2,0.61961699,2.6896577042
2004-10-18,542.35,545.9,535.68,543.53,0.42805189,1.8725698872
2004-10-19,545.33,554.2,543.14,544.78,0.58578919,2.7721552079
2004-10-20,544.07,544.84,531.86,539.6,0.53366866,2.5323773701
2004-10-21,539.83,542.72,521.73,522.83,0.65447509,2.9978978088
2004-10-22,521.2,524.98,505.73,523.25,0.88501894,4.0180175369999995
2004-10-25,524.4,528.83,516.03,518.73,0.60197976,2.9544919355
2004-10-26,516.49,526.98,511.86,526.84,0.76216543,3.3442847071
2004-10-27,526.55,539.36,521.78,539.36,0.85961744,3.7952055961
2004-10-28,540.24,546.7,531.17,534.13,0.9138165,4.2104866013999995
2004-10-29,519.76,530.6,514.52,521.76,0.7103777,3.3112517454000003
2004-11-01,519.08,522.27,514.69,516.61,0.48284472,2.1525072662
2004-11-02,515.71,517.86,511.83,517.17,0.50864756,2.3596290388
2004-11-03,519.5,531.25,516.81,531.07,0.80258645,3.4254264825
2004-11-04,532.52,533.11,516.17,517.27,0.62184004,2.9806185377
2004-11-05,518.75,521.77,513.86,517.28,0.46302015,2.1759124527
2004-11-08,516.09,519.24,513.08,518.55,0.42183055,1.779913729
2004-11-09,518.97,520.4,515.03,519.77,0.37510205,1.7018075853
2004-11-10,521.75,539.35,517.41,539.28,1.00733891,4.9331757215
2004-11-11,540.15,547.57,536.51,536.66,1.19940218,5.5597696381
2004-11-12,535.42,539.68,531.94,536.47,0.53787834,2.6343174181999998
2004-11-15,538.39,544.17,537.44,544.15,0.56096586,2.6595910096
2004-11-16,545.6,546.32,539.11,546.08,0.68965167,3.2471176281
2004-11-17,545.42,546.54,533.09,536.15,0.5053142,2.5180526229
2004-11-18,535.11,545.14,535.04,545.07,0.59177009,2.9618907832
2004-11-19,545.16,549.76,541.89,549.76,0.68952738,3.1917630774
2004-11-22,551.2,556.07,549.02,555.27,0.87806917,3.8823189966000005
2004-11-23,555.47,555.47,549.46,553.27,0.7953019,3.405086892
2004-11-24,552.65,553.45,541.56,541.57,0.66499584,2.9428531633999997
2004-11-25,540.62,543.96,534.81,538.71,0.50953271,2.2100304692
2004-11-26,538.88,548.58,538.42,543.59,0.56701116,2.5990600878
2004-11-29,543.27,543.53,532.33,533.21,0.48039803,2.2332605412
2004-11-30,533.24,537.47,530.44,537.4,0.4676464,2.3477999193
2004-12-01,537.4,539.53,535.28,538.32,0.64021279,2.5187356609
2004-12-02,538.74,553.04,538.29,553.04,1.30497256,5.9027957353
2004-12-03,555.0,556.04,551.04,553.37,1.00051673,4.9083945175
2004-12-06,554.83,556.53,550.74,554.61,0.64937207,2.9505491098000003
2004-12-07,555.39,558.7,547.04,547.6,0.7689634,3.4141635827999997
2004-12-08,551.93,555.38,547.62,550.58,0.57939826,2.4401688736000002
2004-12-09,551.74,552.59,546.59,550.17,0.96769841,3.3942936599
2004-12-10,548.33,550.81,530.34,530.34,0.66847061,2.70222035
2004-12-13,527.41,529.65,520.55,523.09,0.67997034,2.2733435349
2004-12-14,522.64,524.28,518.12,520.29,0.37375932,1.4030065188999998
2004-12-15,521.42,523.25,509.27,516.76,0.53698107,1.9976725939
2004-12-16,515.24,523.26,511.93,517.15,0.52911815,2.3633844115000002
2004-12-17,515.62,522.26,514.29,518.18,0.71822339,2.9730104873000003
2004-12-20,514.53,519.06,511.11,515.0,0.56014305,2.4417911281999998
2004-12-21,515.45,518.78,512.7,515.3,0.45413823,1.7287521584
2004-12-22,516.14,529.95,515.43,529.9,0.74815758,3.1613241123
2004-12-23,530.36,530.47,517.79,518.78,0.55502833,2.4679959965
2004-12-24,517.03,522.29,515.5,516.9,0.34464276,1.6408344008000002
2004-12-27,516.66,518.45,512.74,514.35,0.34656096,1.3998099348
2004-12-28,513.98,515.61,507.33,508.37,0.46115277,1.895415905
2004-12-29,507.83,510.62,500.93,501.63,0.48004749,1.9235775386000002
2004-12-30,501.56,504.87,496.16,497.32,0.41224287,1.5575024502
2004-12-31,497.08,499.32,490.53,491.1,0.39367874,1.4631460672
2005-01-04,487.96,490.99,482.82,485.75,0.28696223,1.0064093557
2005-01-05,483.82,496.38,483.42,493.75,0.41914748,1.6079239719
2005-01-06,493.36,493.86,487.21,489.34,0.34704752,1.4235164884
2005-01-07,488.61,495.84,487.57,492.47,0.35515066,1.279029786
2005-01-10,490.79,497.4,489.71,497.4,0.35159134,1.1826126706
2005-01-11,496.74,498.37,493.7,498.08,0.35129525,1.2639309398
2005-01-12,497.86,499.55,494.57,498.91,0.46567944,1.797634451
2005-01-13,497.87,499.14,495.56,497.97,0.38235541,1.6816213299
2005-01-14,497.37,501.54,492.65,493.07,0.41980343,1.9610288188999998
2005-01-17,487.39,489.16,476.82,478.38,0.4034845,1.7561341315
2005-01-18,478.79,486.51,477.39,486.32,0.39954687,1.7111084685
2005-01-19,484.78,486.92,480.91,485.5,0.44902414,1.8075033017
2005-01-20,483.45,484.98,479.32,481.64,0.56543655,2.1966763821
2005-01-21,479.89,490.11,473.63,489.62,0.67059509,2.7447970291000003
2005-01-24,500.27,502.97,494.46,498.13,0.69419582,2.912650389
2005-01-25,496.21,498.33,489.74,495.07,0.49422966,2.1117720344
2005-01-26,493.14,496.25,487.07,488.12,0.45062384,1.7909077375
2005-01-27,486.88,490.63,479.2,479.27,0.42631817,1.7021129316999999
2005-01-28,477.59,481.91,467.17,468.21,0.4300862,1.588996976
2005-01-31,462.71,469.63,447.63,448.15,0.53714039,1.9830419057
2005-02-01,444.03,449.23,439.74,440.89,0.51930455,1.7907394497
2005-02-02,440.25,463.59,439.98,463.33,0.86097149,3.2068575675999997
2005-02-03,461.19,464.0,449.11,452.58,0.66935122,2.4733195896
2005-02-04,451.0,459.0,449.32,457.86,0.56586105,2.1564880753
2005-02-16,462.17,470.07,460.0,466.64,0.65059058,2.5536993734
2005-02-17,466.25,469.71,462.62,469.71,0.5241034,2.0484741965
2005-02-18,468.87,470.31,465.52,465.53,0.65311393,2.4513269882
2005-02-21,466.35,474.0,465.59,474.0,0.56009054,2.2519462779
2005-02-22,474.84,486.9,473.56,486.34,1.0396859,4.3984706523
2005-02-23,486.45,492.58,482.46,490.53,0.99897865,4.3703716988
2005-02-24,489.7,495.0,486.44,494.57,0.89662388,3.9293403419
2005-02-25,494.81,502.09,494.57,494.94,1.23298971,5.7320703424
2005-02-28,494.64,498.51,493.17,496.23,0.98312929,4.5188244599
2005-03-01,495.16,505.37,490.85,505.1,1.29124799,5.3906849571
2005-03-02,504.84,505.19,494.37,494.45,1.25620767,5.4712649104999995
2005-03-03,492.77,497.72,489.32,497.15,0.68357582,2.8744768863
2005-03-04,497.09,497.62,492.03,493.8,0.58209778,2.5217173697
2005-03-07,498.18,502.58,496.26,497.92,0.8982684,3.8203075527999997
2005-03-08,498.43,504.07,495.36,503.95,0.84750518,3.87120724
2005-03-09,504.68,505.19,500.1,503.82,0.81492782,3.5766163680000003
2005-03-10,503.03,503.96,488.94,490.78,0.79522433,3.7001320678
2005-03-11,488.85,492.63,486.38,488.02,0.60979349,2.6877720209
2005-03-14,487.29,487.67,476.33,483.72,0.84026412,3.7316280302
2005-03-15,483.13,484.42,479.37,480.52,0.75181834,3.2740594801
2005-03-16,479.34,481.67,474.56,478.76,0.68146991,2.8625933166000004
2005-03-17,477.95,479.1,470.89,471.18,0.55240292,2.3893240929
2005-03-18,471.03,472.32,458.97,459.89,0.56567935,2.3526453388
2005-03-21,458.03,461.58,456.05,460.39,0.42937786,1.7885987374
2005-03-22,461.27,462.44,447.02,447.56,0.59141664,2.4749435841
2005-03-23,445.63,453.58,443.13,447.76,0.54557635,2.2945220353
2005-03-24,446.72,457.46,445.23,457.46,0.70221898,2.4986610416999997
2005-03-25,457.69,459.92,454.78,459.42,0.78956093,3.2403971775
2005-03-28,458.85,459.93,452.33,456.9,0.87885236,3.568071725
2005-03-29,456.42,462.05,453.94,454.19,0.71242302,3.1685176619
2005-03-30,451.43,452.41,438.25,438.99,0.64350222,2.6300517506
2005-03-31,436.42,441.1,431.94,440.46,0.60063708,2.4137474851
2005-04-01,440.66,457.83,435.47,454.39,0.91817009,3.8722104005
2005-04-04,449.82,450.45,442.55,443.4,0.54152069,2.2459566749
2005-04-05,441.64,445.43,439.42,441.22,0.47349432,1.9387129463
2005-04-06,440.65,446.0,433.8,444.79,0.79167431,3.3215375416
2005-04-07,444.98,458.26,441.42,453.09,1.27968734,4.9994217626
2005-04-08,452.16,460.91,450.78,460.19,0.95932414,3.7856211599000003
2005-04-11,459.02,461.84,455.43,459.74,1.01709004,4.0362555339999995
2005-04-12,458.3,459.87,448.72,448.77,0.76221756,2.9744260032
2005-04-13,451.75,461.07,451.6,461.07,0.98908177,3.9302142649
2005-04-14,462.34,462.34,450.36,450.66,0.91289785,3.5139679227
2005-04-15,446.72,452.62,440.85,441.86,0.7506987,2.8911406205000003
2005-04-18,438.91,441.59,432.82,435.65,0.57007961,2.1743002571
2005-04-19,435.15,438.05,430.47,436.08,0.6245767,2.5081242615
2005-04-20,433.76,434.69,426.54,428.09,0.70979404,2.6853897095
2005-04-21,427.01,429.25,413.2,414.82,0.80754507,2.9266993213999997
2005-04-22,412.33,417.38,403.65,407.54,0.73884037,2.7514161592
2005-04-25,405.17,406.3,394.3,400.07,0.65207707,2.9825310273000003
2005-04-26,397.55,408.17,396.52,407.07,0.59698175,2.6398308786
2005-04-27,407.06,408.61,400.03,400.41,0.64178338,2.2985599894999997
2005-04-28,397.57,413.09,393.44,411.2,0.74721643,3.0278822331999997
2005-04-29,409.21,412.23,405.4,407.24,0.63695484,2.8462028484
2005-05-09,406.99,408.28,390.83,391.26,0.50008157,2.0513544936000003
2005-05-10,388.59,392.44,379.53,392.44,0.56993937,2.2239431692
2005-05-11,391.27,395.6,388.76,391.14,0.5465499,2.0625529596
2005-05-12,389.79,393.99,386.49,390.74,0.49017874,1.9308148193999999
2005-05-13,390.25,395.56,384.36,390.66,0.52087501,1.9642270415
2005-05-16,392.99,392.99,387.5,389.75,0.38113062,1.5308659811
2005-05-17,386.92,395.37,386.92,393.19,0.51741429,1.9955957837
2005-05-18,393.0,397.38,390.2,397.13,0.43145636,1.5974999514
2005-05-19,397.57,402.1,393.76,400.43,0.50147652,1.9806740286000002
2005-05-20,399.54,401.17,395.02,395.32,0.36605835,1.4693615402000002
2005-05-23,392.33,394.25,380.79,380.97,0.40222505,1.5214582661000002
2005-05-24,379.45,391.87,378.83,389.96,0.43729678,1.5172347964
2005-05-25,390.03,397.02,386.56,392.04,0.69627266,1.9648864625
2005-05-26,391.11,394.05,386.04,387.23,0.56322717,1.7537433378999998
2005-05-27,386.65,392.7,384.15,385.07,0.48464767,1.6240573604
2005-05-30,383.33,390.38,382.48,388.82,0.48616852,1.4562873422
2005-05-31,389.43,391.28,386.71,388.58,0.41959916,1.3408088187
2005-06-01,387.19,388.36,377.82,380.55,0.46775231,1.5538433368
2005-06-02,379.55,384.98,374.11,376.71,0.46380406,1.6614740012
2005-06-03,376.54,379.96,372.05,376.49,0.40779749,1.3178356222
2005-06-06,375.04,381.48,370.42,381.48,0.48939113,1.5438719078999998
2005-06-07,382.25,387.81,379.57,380.99,0.62424492,2.1364515536
2005-06-08,380.73,412.7,380.66,410.28,1.51668322,5.369096326799999
2005-06-09,409.37,418.56,403.02,412.89,1.53595026,5.723124651
2005-06-10,411.7,413.41,402.92,403.59,1.18742493,4.3995450991
2005-06-13,404.53,407.13,398.62,405.86,0.633112,2.3299162052
2005-06-14,406.52,409.45,398.78,399.31,0.80772068,2.8501301744
2005-06-15,397.64,400.89,387.66,388.27,0.56705111,2.0017815740000002
2005-06-16,387.47,391.76,383.22,390.86,0.49676095,1.7558613797999998
2005-06-17,391.63,392.7,386.54,388.89,0.63330508,2.0532367316999998
2005-06-20,387.78,399.95,382.76,399.87,0.71240642,2.7229566256
2005-06-21,400.15,401.19,396.44,397.86,0.587314,2.6671539844
2005-06-22,396.12,399.5,394.77,398.7,0.41807003,1.7751973936
2005-06-23,398.07,401.43,394.37,395.33,0.42980999,1.9631825028999998
2005-06-24,393.18,397.39,391.08,396.18,0.45589264,1.9153159916999998
2005-06-27,398.59,407.78,397.62,407.06,0.83195949,3.6437236772
2005-06-28,404.83,405.41,398.81,401.55,0.51135173,2.0615518431999997
2005-06-29,400.64,402.71,398.1,398.51,0.5278813,2.1836576378
2005-06-30,397.96,398.71,387.0,387.0,0.45453884,1.6094094184
2005-07-01,384.91,390.06,371.15,372.27,0.62888571,2.2380283562
2005-07-04,369.82,374.14,359.51,367.77,0.48880402,1.6257270424
2005-07-05,366.87,369.4,362.13,365.02,0.49101535,1.6755506829
2005-07-06,366.56,368.14,361.84,364.57,0.48669903,1.5051568351
2005-07-07,364.24,368.9,363.32,367.04,0.40278293,1.2509480003
2005-07-08,365.93,366.94,355.38,355.62,0.5171433,1.6689120471
2005-07-11,357.97,364.38,350.05,350.93,0.49127682,1.6468047933
2005-07-12,349.38,361.68,346.61,361.29,0.66282998,2.2304876521
2005-07-13,359.58,360.52,355.33,356.76,0.52611163,1.7783952058
2005-07-14,355.66,359.3,353.78,355.55,0.4787848,1.6543850755
2005-07-15,357.33,361.03,347.98,349.26,0.61056951,1.9861189246000002
2005-07-18,348.94,353.39,335.87,337.64,0.94178665,3.1316422701
2005-07-19,337.17,342.74,336.93,341.83,0.66365585,2.1907406226
2005-07-20,341.14,345.03,339.17,343.04,0.48600459,1.6758155284
2005-07-21,341.76,343.48,337.45,341.36,0.50939742,1.7072327763
2005-07-22,342.2,352.23,340.65,349.18,0.84237611,2.7913206862
2005-07-25,347.77,349.19,345.91,348.28,0.47659856,1.6412659186
2005-07-26,348.06,356.58,347.67,355.88,0.89494111,3.066200414
2005-07-27,355.74,363.35,353.93,363.33,0.91760479,3.1826427867000002
2005-07-28,363.31,366.16,360.49,362.9,1.04275429,3.5275912216000003
2005-07-29,362.27,362.85,358.08,361.35,0.85450743,2.5445720197
2005-08-01,360.41,363.77,359.67,362.91,0.64149559,1.955992081
2005-08-02,363.12,368.78,360.4,368.62,0.78105629,2.3302257741999997
2005-08-03,369.06,377.9,367.87,372.44,1.30903353,4.1267213774
2005-08-04,371.46,372.24,367.48,369.06,0.79760835,2.6061371877
2005-08-05,369.24,378.34,368.81,377.68,1.21320667,4.3270532183
2005-08-08,379.19,384.18,377.09,380.74,1.30795525,4.6661419675
2005-08-09,380.37,391.23,378.48,391.23,1.34343168,4.404616855
2005-08-10,391.78,395.09,386.3,395.05,1.45118687,4.940651745299999
2005-08-11,395.39,400.03,393.89,400.03,1.62007653,5.7212904163
2005-08-12,400.2,402.09,388.96,390.48,1.66581376,5.8672970924
2005-08-15,390.29,404.14,389.52,404.0,1.38217147,4.8501221433
2005-08-16,405.14,409.61,403.2,407.82,1.91304194,7.1833975275
2005-08-17,406.49,414.37,398.07,414.37,1.86395442,7.039565069199999
2005-08-18,412.95,418.58,396.8,396.8,2.18738473,8.0752410775
2005-08-19,395.62,400.68,389.92,398.38,1.29702864,4.8491224351
2005-08-22,398.32,405.03,396.74,403.24,1.04383657,3.771222108
2005-08-23,402.1,402.63,392.7,396.45,0.95506648,3.0778602843000002
2005-08-24,396.5,401.62,396.49,401.62,0.82105387,2.9017384472
2005-08-25,401.43,405.59,399.19,405.37,1.01084345,3.3692694874
2005-08-26,404.46,408.11,403.03,407.42,1.09377881,3.3954721157
2005-08-29,407.54,408.79,402.12,405.37,1.29278793,3.8007217356
2005-08-30,403.98,406.6,400.58,401.3,0.87328756,3.2110302228
2005-08-31,401.13,410.26,399.24,410.02,1.38458139,5.9290355330999995
2005-09-01,410.25,420.76,409.19,420.76,2.00403338,8.548192197799999
2005-09-02,420.46,425.99,419.43,425.82,1.93303055,7.2253148398
2005-09-05,426.24,432.17,425.53,432.17,1.68488101,6.038386028500001
2005-09-06,432.39,435.12,419.33,419.9,1.95684121,7.1926669588
2005-09-07,418.61,432.81,418.02,432.71,1.42757001,5.185713284599999
2005-09-08,433.05,436.41,428.91,434.27,1.64078515,6.4286351043
2005-09-09,433.81,436.03,428.14,428.76,1.28268029,5.4159281424
2005-09-12,429.7,432.45,428.04,432.29,1.01554214,4.0988662604
2005-09-13,433.03,442.82,432.11,442.82,1.31817348,5.3324899942
2005-09-14,443.63,446.14,439.64,446.14,1.87756223,6.583752560800001
2005-09-15,445.52,446.8,442.17,446.64,1.50559291,5.1708763975
2005-09-16,445.98,449.89,444.59,449.13,1.38542784,4.7962551433
2005-09-19,449.18,455.63,448.11,455.57,1.37067177,4.5914986214999995
2005-09-20,456.59,456.59,448.57,453.53,1.7444675,6.0986430596000005
2005-09-21,454.13,455.47,445.38,445.85,1.83730397,6.1287425679
2005-09-22,444.13,446.28,424.88,430.43,1.57290368,5.465625427000001
2005-09-23,428.12,431.44,423.45,423.48,1.01715286,3.6183768714999998
2005-09-26,422.19,425.57,420.67,425.29,0.68854065,2.2979856249
2005-09-27,425.09,425.76,413.68,414.16,1.06280352,3.3641516387
2005-09-28,412.74,416.32,410.21,411.07,0.72572301,2.6239802484
2005-09-29,409.02,419.29,408.34,419.11,1.43773637,5.8150690927
2005-09-30,418.97,424.22,416.12,422.55,1.17914779,5.0896222841
2005-10-10,424.39,434.0,424.39,430.4,1.80426896,8.419565712
2005-10-11,430.18,440.98,427.74,440.5,1.84382436,8.157637852
2005-10-12,439.93,444.68,437.22,441.34,1.54036221,7.5865619502
2005-10-13,440.28,441.73,435.72,436.62,1.24632459,5.6789711101
2005-10-14,434.65,436.52,432.23,433.17,1.0184494,4.0648619401
2005-10-17,431.44,436.85,429.33,436.65,1.10304236,4.3577234677
2005-10-18,435.79,440.76,435.16,438.32,1.18479524,4.77169193
2005-10-19,437.28,441.55,434.65,435.67,1.06465377,4.1748687965
2005-10-20,433.56,434.99,429.04,434.97,1.03164386,4.0306455139
2005-10-21,435.23,439.27,432.51,437.08,1.12970784,4.6261077517
2005-10-24,436.35,437.62,434.36,436.14,0.95284512,3.6662998205
2005-10-25,434.51,435.18,428.46,428.46,1.00383503,3.6677653977999998
2005-10-26,426.21,428.51,417.77,418.09,1.02077232,3.5487731861
2005-10-27,415.49,420.24,408.46,411.4,1.01702501,3.3126030625
2005-10-28,409.95,413.1,399.12,403.64,0.99902746,3.0656656361000003
2005-10-31,402.73,407.52,402.3,407.05,0.80904338,2.6112488879
2005-11-01,405.83,406.84,399.42,405.42,0.89822627,2.8366319092000003
2005-11-02,405.68,414.02,405.65,412.93,1.06327662,3.523942795
2005-11-03,412.49,414.66,407.49,409.08,0.90251277,2.9656926148
2005-11-04,407.42,410.24,405.56,409.54,0.85488571,2.613036649
2005-11-07,408.98,412.46,406.36,412.46,1.19816927,5.9358557084
2005-11-08,411.93,415.49,409.13,415.49,1.15183516,4.8673577143
2005-11-09,414.55,417.64,412.93,414.31,1.21290287,4.9272337828
2005-11-10,412.56,414.12,401.16,401.34,1.0573548,4.2244564019999995
2005-11-11,399.2,405.29,397.34,401.78,0.79394527,3.1729188663
2005-11-14,401.67,402.53,398.52,402.53,0.49793222,1.9738981532
2005-11-15,402.88,405.25,394.04,395.38,0.8416932,3.4791477224
2005-11-16,394.75,397.16,388.65,396.98,0.7690345,2.988264788
2005-11-17,396.57,400.68,395.66,397.58,0.85107967,3.1234982539
2005-11-18,398.25,407.09,397.29,405.22,1.10482217,4.1680704438
2005-11-21,405.47,406.65,403.07,406.57,0.75454437,2.6724447615
2005-11-22,407.09,407.57,398.71,398.73,0.91843709,3.0506266991000004
2005-11-23,397.69,401.76,396.6,401.05,0.65340342,2.2733757706
2005-11-24,402.16,403.77,400.4,402.43,0.73598468,2.9204288522
2005-11-25,402.2,403.14,399.82,402.62,0.54779396,1.7084617247999998
2005-11-28,402.12,402.6,396.41,397.71,0.80328471,3.699211905
2005-11-29,397.34,397.77,390.45,390.64,0.64147668,2.5813515358
2005-11-30,389.43,392.0,387.63,391.88,0.58050696,2.4710247528
2005-12-01,392.08,396.09,391.19,393.24,0.77388322,3.4665728357999996
2005-12-02,392.75,394.02,388.84,390.74,0.81729072,2.9488480182
2005-12-05,389.81,391.54,383.76,384.07,0.81802224,2.9627563497000002
2005-12-06,382.66,385.56,379.98,385.06,0.77216709,2.8557452398
2005-12-07,383.86,387.58,382.86,387.03,0.88139045,2.787942435
2005-12-08,387.06,389.19,383.77,385.42,0.88922351,2.8357125962
2005-12-09,384.4,391.5,383.67,391.15,1.1690662,3.6130738201
2005-12-12,390.41,397.7,387.92,397.26,1.79359987,5.597592857
2005-12-13,395.2,397.29,391.44,397.04,1.29804362,4.221783837
2005-12-14,395.06,402.2,392.96,401.46,1.33850359,4.4743091139999995
2005-12-15,400.48,403.56,398.12,399.38,1.7355047,5.8757939016
2005-12-16,398.24,401.8,397.46,401.72,1.03064663,3.3646953323
2005-12-19,400.68,405.87,400.12,405.79,1.2268846,4.1186563806
2005-12-20,403.7,406.35,402.21,405.87,1.12578775,3.982831809
2005-12-21,404.58,406.48,400.82,401.55,0.88504744,3.1699471625
2005-12-22,399.82,403.4,399.82,403.33,0.64669145,2.3432730783
2005-12-23,402.6,407.93,401.24,407.93,0.93408204,3.6856618747000005
2005-12-26,407.86,414.46,406.78,412.86,1.53805186,5.763632769400001
2005-12-27,412.04,417.35,410.57,416.23,1.3585538,4.9467913352999995
2005-12-28,415.5,417.62,415.09,416.68,1.26124108,4.7521850228
2005-12-29,416.57,421.35,416.47,420.92,1.27508824,5.0737928033
2005-12-30,421.18,422.39,416.31,417.15,1.00505211,4.157770098299999
2006-01-04,416.83,420.95,415.34,420.78,1.40528355,5.331083855
2006-01-05,421.49,423.45,417.84,423.2,1.85992972,6.7971156926
2006-01-06,423.08,426.66,420.82,424.63,2.05107635,7.3952887873
2006-01-09,424.48,431.35,422.71,431.35,2.02019381,7.0863221723
2006-01-10,431.57,433.26,427.9,433.22,1.73810659,6.1322162570000005
2006-01-11,431.8,432.77,426.82,428.03,1.63322048,5.9459928589999995
2006-01-12,428.77,436.75,427.96,436.75,1.66335261,5.8784730812
2006-01-13,438.94,442.69,437.14,440.97,1.98381793,7.3611080863
2006-01-16,440.9,441.48,434.05,434.5,1.66263744,5.968287369
2006-01-17,431.83,434.39,430.62,433.09,1.10764064,3.862448381
2006-01-18,431.45,438.94,431.43,438.23,1.20225665,4.2224144543
2006-01-19,438.25,441.87,436.63,441.87,1.65112686,6.108843501900001
2006-01-20,440.7,441.69,435.52,438.68,1.77964981,6.5647790315
2006-01-23,437.38,444.41,434.85,444.41,2.22111637,8.5975371591
2006-01-24,442.93,445.53,440.75,441.47,1.59571426,6.2062981637
2006-01-25,441.49,444.75,436.83,440.81,1.51965858,5.809989149400001
2006-02-06,444.54,456.8,438.27,452.28,1.78105847,7.376689569500001
2006-02-07,453.05,463.57,451.18,463.13,2.98746802,12.102317434200002
2006-02-08,462.33,464.29,457.03,463.85,1.98543421,8.2052807563
2006-02-09,463.11,463.54,453.03,453.86,1.62305091,6.722377950399999
2006-02-10,453.24,460.94,453.22,460.59,1.64391392,7.059655562200001
2006-02-13,461.18,461.19,453.6,460.01,1.49269609,5.7083301059
2006-02-14,459.82,466.36,459.31,465.13,1.84862503,6.5611555072000005
2006-02-15,465.44,466.06,460.42,462.53,1.74558808,6.3418056301
2006-02-16,462.51,463.95,447.79,448.0,2.14276751,8.1800349906
2006-02-17,446.31,449.34,442.08,442.8,1.83100106,6.8754086886
2006-02-20,441.82,447.11,441.78,444.43,1.47269552,5.5035897563
2006-02-21,443.81,450.39,438.69,450.24,1.23496364,4.350433064700001
2006-02-22,451.98,462.13,451.4,457.02,2.23535368,8.133119985
2006-02-23,456.92,458.78,451.93,458.78,1.60202352,5.9096544966
2006-02-24,458.75,459.17,455.2,457.93,1.36921133,4.9384013571
2006-02-27,458.73,462.03,453.09,461.46,1.83171859,6.4467595307000005
2006-02-28,460.43,464.88,453.84,463.36,2.08319637,7.6212295266
2006-03-01,462.64,463.43,458.98,463.43,1.42365577,5.2850064644999994
2006-03-02,463.55,463.99,452.15,454.68,2.25084342,8.440818285
2006-03-03,452.82,455.29,448.35,453.79,1.47680403,5.5682823317
2006-03-06,454.4,454.92,450.02,451.69,1.20358661,4.347571637300001
2006-03-07,450.07,450.76,435.52,436.41,1.2661776,4.7794295836
2006-03-08,434.26,437.52,430.27,436.04,0.92803184,3.3665706022000004
2006-03-09,434.9,436.69,428.77,429.33,0.85361956,3.0976462656
2006-03-10,428.51,432.27,425.53,428.51,0.87824867,3.1771925377
2006-03-13,427.54,432.68,427.33,432.19,0.745577,2.7045833103
2006-03-14,431.24,438.43,430.45,435.3,1.13577331,4.2312290446
2006-03-15,433.42,439.96,432.69,439.54,1.07118484,4.1702004639
2006-03-16,438.94,439.44,435.2,436.77,0.85630691,3.3604769332999997
2006-03-17,436.29,437.37,433.21,435.3,0.92646333,3.688139908
2006-03-20,435.61,439.95,432.98,439.86,0.86171646,3.3127008601
2006-03-21,440.47,448.09,439.08,444.63,1.56218142,6.186806672
2006-03-22,444.06,447.69,441.74,447.69,1.03735825,4.0492330127
2006-03-23,447.35,454.23,446.3,453.35,1.76460369,7.2203909523
2006-03-24,452.92,453.9,446.46,447.42,1.24873665,4.8693659743
2006-03-27,448.4,451.8,444.58,451.8,1.10222695,4.46876419
2006-03-28,452.39,453.8,450.49,453.8,1.23058821,4.8661494651999995
2006-03-29,453.74,457.66,452.42,453.01,1.73280068,7.051168207100001
2006-03-30,452.38,452.83,447.34,448.86,1.48187825,5.9909494158
2006-03-31,448.51,449.64,444.2,448.26,1.06044978,4.4407978538
2006-04-03,448.14,458.59,448.04,458.59,1.7024606,6.9593801488
2006-04-04,460.01,465.67,457.23,465.62,2.16920623,9.3412296723
2006-04-05,466.05,471.01,463.94,469.66,2.2791177,9.5459581017
2006-04-06,469.56,474.77,465.12,469.75,3.09100422,11.4606038409
2006-04-07,468.77,472.08,466.27,471.94,2.50065026,9.2421833952
2006-04-10,470.95,484.2,464.72,478.44,1.6147807,5.873300872100001
2006-04-11,479.75,481.5,474.37,479.89,2.36832759,8.927803434
2006-04-12,479.49,486.38,476.97,484.54,2.49502825,9.1034560281
2006-04-13,484.84,490.18,475.38,475.54,3.92677816,15.774286789400001
2006-04-14,474.04,483.05,469.36,482.87,2.04588978,7.8463515922000004
2006-04-17,481.73,490.85,479.67,486.71,2.71093132,10.4160826295
2006-04-18,486.67,489.33,483.58,486.35,3.05512827,10.3029098824
2006-04-19,483.78,488.46,477.4,484.55,2.65277222,9.566044380900001
2006-04-20,484.51,488.14,479.76,483.65,2.94764749,12.053491086900001
2006-04-21,481.82,498.06,481.82,496.05,3.02919064,13.216130199
2006-04-24,498.8,501.3,488.08,492.49,3.52267135,16.378865175999998
2006-04-25,487.89,500.86,478.74,497.47,2.78570026,12.4438783326
2006-04-26,494.88,504.67,492.18,497.33,2.62973408,12.1071216908
2006-04-27,497.37,500.27,490.47,498.42,2.30264082,9.828866751
2006-04-28,494.03,513.56,487.31,510.85,2.44868263,11.1919999816
2006-05-08,507.72,523.45,507.72,522.75,2.45791594,11.4433211604
2006-05-09,523.79,542.17,521.61,541.81,3.8271689,18.3664780578
2006-05-10,544.42,564.81,541.11,557.83,4.17022866,19.5976792451
2006-05-11,556.33,571.46,555.56,555.66,4.28944299,15.994425293900001
2006-05-12,551.39,578.26,550.5,578.15,3.61634137,15.571499286199998
2006-05-15,578.98,602.5,578.56,602.3,3.53843937,16.5453948404
2006-05-16,608.32,616.85,582.07,582.86,4.28730505,24.018724567899998
2006-05-17,577.18,599.36,576.65,591.19,3.24874509,16.4078774565
2006-05-18,586.6,600.62,581.05,596.48,2.66531229,12.6943554454
2006-05-19,596.23,627.97,596.23,627.17,4.13027219,19.9712191847
2006-05-22,628.27,647.66,628.27,642.58,4.39863859,20.8316305654
2006-05-23,634.38,638.73,609.24,609.24,3.7697771,17.584819746500003
2006-05-24,607.99,624.39,582.41,597.51,3.35021835,15.550964169
2006-05-25,593.81,606.47,590.61,602.74,2.01231154,9.131868444
2006-05-26,600.87,618.0,600.49,617.93,2.50784125,11.994630311500002
2006-05-29,614.8,632.18,614.51,631.96,2.45890887,11.9153025426
2006-05-30,630.02,644.65,629.22,643.87,3.30881917,15.7987785501
2006-05-31,638.95,648.76,631.22,635.15,2.70505119,13.3289900797
2006-06-01,630.95,652.17,630.6,652.17,2.98921399,13.51730018
2006-06-02,650.02,658.69,642.13,650.65,3.67569169,16.5883047026
2006-06-05,646.79,662.82,640.45,662.63,3.29362219,16.1016920602
2006-06-06,657.86,663.88,654.98,655.8,2.9025251,15.4062627728
2006-06-07,653.8,657.18,608.32,608.32,2.78178659,13.6258144315
2006-06-08,599.66,607.58,584.18,604.92,2.28601261,10.9728737857
2006-06-09,599.9,607.73,590.62,590.62,2.0113403,9.1281443013
2006-06-12,586.52,599.0,584.76,594.42,1.45003183,6.6604981561
2006-06-13,593.04,601.87,587.1,594.39,1.29592802,6.138749631900001
2006-06-14,591.45,592.58,579.99,588.5,2.71292845,8.8381552661
2006-06-15,590.55,602.06,588.24,599.38,3.32242802,11.510795656800001
2006-06-16,599.93,621.02,599.52,619.02,3.65439156,14.810750911800001
2006-06-19,614.01,626.99,606.45,621.8,2.51887007,11.1852387167
2006-06-20,620.48,636.03,616.95,636.03,2.9949923,13.4592761195
2006-06-21,634.63,639.98,627.52,631.41,3.14087493,13.274684528699998
2006-06-22,629.68,637.05,626.07,633.07,2.8111872,12.1624920104
2006-06-23,630.49,646.39,628.18,645.23,2.80079414,12.4264741422
2006-06-26,646.29,664.88,646.29,664.82,3.70677232,16.6308327354
2006-06-27,665.61,683.21,664.03,678.23,3.8885779,18.8517116442
2006-06-28,676.42,677.51,670.53,671.64,2.54664111,12.544283493599998
2006-06-29,670.42,685.87,670.42,683.09,3.65543225,16.331584861099998
2006-06-30,680.69,685.36,669.58,674.79,3.42319708,13.8898435377
2006-07-03,672.85,678.16,671.91,678.11,2.40721971,10.3216626652
2006-07-04,675.1,685.76,667.19,676.7,4.16822394,19.0243724942
2006-07-05,671.7,673.41,655.66,665.11,3.65533113,14.640451204200001
2006-07-06,664.72,684.62,664.04,684.62,3.23218218,14.928478224700001
2006-07-07,687.14,690.21,678.72,683.06,3.20572839,14.139621988900002
2006-07-10,683.67,689.06,679.32,687.55,2.95080029,14.5739014284
2006-07-11,685.87,689.97,683.94,689.97,2.59376391,12.0150524493
2006-07-12,684.8,689.8,678.32,683.06,4.57069053,17.4015047698
2006-07-13,677.41,680.96,637.13,637.13,4.32479586,18.7989597332
2006-07-14,627.27,647.4,626.13,644.21,2.93506494,12.175982873399999
2006-07-17,638.35,658.69,637.96,658.69,2.67573179,12.5775806372
2006-07-18,656.23,661.24,652.72,661.24,2.09513645,9.0546255412
2006-07-19,659.56,660.45,640.13,647.16,2.34477278,9.539162982899999
2006-07-20,644.8,653.89,642.37,652.87,1.65262382,7.0771645136000005
2006-07-21,652.45,659.01,652.19,658.97,1.90695244,8.627636557899999
2006-07-24,651.48,663.35,644.92,663.09,2.15724438,9.4800399072
2006-07-25,663.01,675.94,655.24,673.0,2.49522409,10.660950616100001
2006-07-26,672.59,675.61,667.26,671.26,2.45079884,9.8285417536
2006-07-27,670.45,677.53,658.66,662.96,2.48964984,10.2335062366
2006-07-28,662.59,665.25,646.87,657.94,2.0849703,9.6718390149
2006-07-31,656.36,657.6,628.57,629.05,2.1023995,8.870824578099999
2006-08-01,630.11,635.93,617.26,620.24,1.75158283,7.8969334882
2006-08-02,622.33,624.27,605.16,618.36,1.868237,7.3091098224
2006-08-03,619.57,620.94,607.55,617.39,1.33379866,5.6668744846
2006-08-04,619.38,621.77,598.72,599.17,1.79345378,7.675640186
2006-08-07,598.27,599.58,583.97,585.41,1.80700306,7.0980694298
2006-08-08,587.98,602.09,584.49,602.09,1.63272545,6.3560879094
2006-08-09,603.67,607.24,596.37,601.82,1.43043998,6.0796651305
2006-08-10,604.82,612.22,602.25,612.07,1.42320665,6.0471448529
2006-08-11,615.89,620.6,609.28,619.2,1.59652385,6.9702674135
2006-08-14,622.23,622.36,600.9,603.92,1.66027617,6.88840675
2006-08-15,603.62,612.32,597.22,612.32,1.08534335,4.5408709813999995
2006-08-16,614.2,620.45,610.01,620.41,1.27927949,5.5420393749
2006-08-17,620.52,620.52,607.55,612.43,1.16458169,4.7107705443
2006-08-18,613.01,615.99,608.02,609.19,1.16654811,4.2207214071
2006-08-21,592.5,612.94,585.48,612.94,1.69489261,5.5259201062
2006-08-22,613.77,620.26,608.33,619.64,1.54887455,5.8330158987
2006-08-23,623.75,623.75,611.51,613.93,1.40030773,5.786704417999999
2006-08-24,615.02,618.18,607.78,618.18,1.14081867,4.3493638604000004
2006-08-25,621.48,625.36,618.32,621.49,1.66122717,6.409982110900001
2006-08-28,624.09,634.6,621.56,634.39,2.37370957,9.1043167037
2006-08-29,637.89,643.75,633.0,633.28,2.68660993,11.047981348599999
2006-08-30,632.6,641.91,627.68,640.94,2.17247407,9.7146503977
2006-08-31,642.57,643.73,636.4,643.21,2.45985408,9.9456534543
2006-09-01,643.98,643.98,627.15,628.56,1.95383488,8.242409631000001
2006-09-04,626.54,639.55,625.35,639.55,1.6041026,7.088099979400001
2006-09-05,639.59,644.02,636.22,644.02,2.09817415,9.082264901
2006-09-06,643.36,653.34,638.22,653.25,2.66107091,11.6128824298
2006-09-07,652.27,653.05,638.93,641.81,2.01428001,8.655862472899999
2006-09-08,640.87,648.9,640.81,644.37,2.51832062,8.275159484
2006-09-11,646.11,650.12,639.11,650.12,1.87776335,7.4311103788
2006-09-12,654.68,660.35,653.0,658.19,2.0045235,9.3954946724
2006-09-13,657.29,658.32,646.38,646.49,1.79895569,8.0070232532
2006-09-14,643.71,648.02,634.04,641.3,1.50974876,6.8740305
2006-09-15,641.65,648.44,641.2,646.4,1.56383811,6.3371985173
2006-09-18,647.7,657.79,647.32,657.79,2.0269384,8.0592540452
2006-09-19,658.62,664.98,654.54,662.93,2.43552858,9.817912853200001
2006-09-20,661.37,667.66,657.81,665.72,2.53680073,10.6000764658
2006-09-21,665.91,675.06,665.12,674.52,3.17595219,14.9149595714
2006-09-22,673.51,680.46,670.71,670.9,3.24675195,15.158862219300001
2006-09-25,669.37,676.97,664.46,671.27,1.904841,8.7867670051
2006-09-26,669.36,676.9,666.37,676.29,2.49916246,11.832547376900001
2006-09-27,674.02,684.16,674.02,684.16,2.04778247,9.5936760101
2006-09-28,683.97,688.81,683.9,684.53,2.18639804,10.4962532707
2006-09-29,683.17,691.28,682.73,690.96,2.31824118,10.805534991300002
2006-10-09,694.42,705.76,693.39,705.76,2.5787576,11.7978536455
2006-10-10,704.83,713.34,702.01,710.23,2.79144704,13.4060016489
2006-10-11,707.69,711.35,700.66,711.15,2.53942566,10.892501629100002
2006-10-12,710.35,712.01,702.16,702.16,2.16040576,10.642074855299999
2006-10-13,702.94,706.26,700.12,705.56,2.39400949,11.61364339
2006-10-16,700.97,705.34,696.78,702.87,2.37778222,13.2477835683
2006-10-17,699.77,704.88,697.93,699.52,1.98407863,9.5017850422
2006-10-18,698.13,706.93,698.06,706.88,1.62040957,7.7116891411
2006-10-19,705.37,714.4,704.79,714.4,2.42596403,13.4108710669
2006-10-20,711.84,714.11,705.04,706.16,2.4372461,12.9729870917
2006-10-23,703.35,708.1,685.54,688.25,3.08833696,15.2793655799
2006-10-24,685.14,703.28,685.14,702.81,2.45144998,12.0675281261
2006-10-25,700.03,705.15,691.7,699.03,2.14597708,10.6371815854
2006-10-26,696.09,698.78,688.67,689.45,2.22790688,10.8381174114
2006-10-27,686.73,688.36,669.25,670.79,2.07702823,9.3788310287
2006-10-30,667.9,671.19,659.8,669.8,1.6553445,7.8016960951
2006-10-31,669.68,673.59,668.47,673.15,1.55756783,7.5563351099
2006-11-01,672.15,682.41,658.4,675.85,1.39048802,6.8884997672
2006-11-02,674.06,682.13,657.05,670.12,1.35678616,6.842902098500001
2006-11-03,667.58,677.9,667.56,677.4,1.44173929,7.4703601936
2006-11-06,672.31,683.81,669.77,679.36,1.68292607,8.1464626726
2006-11-07,677.7,679.27,660.93,666.27,1.90675266,8.835540573200001
2006-11-08,663.86,665.82,660.33,663.41,1.30963845,6.4334346393
2006-11-09,661.23,671.64,661.03,670.18,1.30756975,6.0138626802
2006-11-10,669.54,670.89,649.23,653.32,1.97226529,9.2137284082
2006-11-13,655.9,656.4,628.05,632.57,1.65995908,7.2386489284
2006-11-14,634.81,643.38,626.73,643.38,1.51119782,6.0932707202
2006-11-15,644.75,657.2,643.3,656.89,1.39012307,6.4388291366
2006-11-16,659.46,662.65,651.63,656.77,2.01178767,10.0843329448
2006-11-17,655.96,670.49,652.6,670.28,2.60367414,11.908354143699999
2006-11-20,671.33,671.89,660.19,666.61,2.39769238,11.4444937722
2006-11-21,659.57,662.02,650.4,658.38,2.32529738,10.6459135748
2006-11-22,653.38,670.13,651.22,664.17,2.68179962,12.7361816172
2006-11-23,658.31,670.9,656.61,670.88,2.55707905,12.9242647776
2006-11-24,670.03,674.29,663.63,672.85,2.86805958,12.8756108022
2006-11-27,673.53,687.37,654.37,687.37,2.83549609,12.9031730533
2006-11-28,686.96,695.88,685.27,690.16,2.66441069,12.5380709635
2006-11-29,683.16,697.42,674.82,696.03,2.55128462,13.4053519037
2006-11-30,696.72,707.59,695.73,703.87,3.22565361,16.3622644542
2006-12-01,703.6,705.15,695.87,698.14,3.10376183,15.3552812467
2006-12-04,698.23,713.68,696.18,713.68,3.70524239,17.367313031800002
2006-12-05,715.58,733.41,710.17,726.6,5.14248025,24.5898692315
2006-12-06,725.79,729.43,692.8,713.33,5.36625183,23.2141333215
2006-12-07,711.09,718.59,705.95,706.16,4.80776241,19.3565928829
2006-12-08,702.19,703.66,688.42,688.42,3.95002573,14.779237062
2006-12-11,690.02,719.05,689.7,719.05,3.85519925,16.7537573686
2006-12-12,724.96,728.85,708.88,721.48,3.89301941,18.7708548664
2006-12-13,721.13,723.64,711.22,722.4,2.80131469,15.029113354000001
2006-12-14,723.71,733.2,718.99,732.82,2.8964783,15.6416264901
2006-12-15,733.19,737.01,729.35,736.95,2.7502134,14.919392421400001
2006-12-18,738.21,747.99,737.52,747.99,3.49875039,18.2408425516
2006-12-19,748.51,757.64,731.62,757.64,4.15921693,21.5198446819
2006-12-20,753.35,775.4,745.67,772.88,5.13447826,24.779453554899998
2006-12-21,773.95,777.54,757.76,759.85,4.91090884,22.2808890787
2006-12-22,752.71,760.51,746.95,754.23,3.06560792,13.520746154200001
2006-12-25,754.01,762.94,752.21,759.85,2.84724072,14.005076505999998
2006-12-26,759.46,761.91,746.53,758.12,2.74408147,14.1662989099
2006-12-27,756.81,763.69,753.63,763.53,2.21713571,11.189569089
2006-12-28,762.62,763.74,742.74,749.58,3.17660074,17.6607895064
2006-12-29,748.64,764.81,748.52,761.45,3.50261811,19.370155003900003
2007-01-04,768.42,776.68,761.81,764.93,4.87427894,25.9891868409
2007-01-05,761.89,779.31,757.47,779.31,3.97498773,19.7284293765
2007-01-08,777.81,812.54,777.79,812.54,4.92028999,23.2024032959
2007-01-09,817.1,831.67,813.45,831.67,5.33902453,24.3232957135
2007-01-10,837.0,845.28,817.09,845.28,5.13147276,25.4118092995
2007-01-11,844.27,863.92,837.15,845.13,5.76683402,28.867794323200002
2007-01-12,841.23,852.95,816.86,819.19,5.07556999,26.199272117600003
2007-01-15,819.05,861.07,819.02,861.07,5.12335045,26.388735979499998
2007-01-16,867.87,889.65,859.67,889.09,5.73341116,30.8615162889
2007-01-17,891.79,910.45,865.49,885.4,6.83150827,36.0229049836
2007-01-18,884.28,913.66,883.82,913.66,5.4330149,30.5618719625
2007-01-19,917.78,953.93,917.63,953.93,6.347732,36.3094639235
2007-01-22,965.22,999.22,961.5,999.18,7.88937593,42.7428168238
2007-01-23,1004.26,1014.34,974.1,1007.35,7.40751546,41.5892996226
2007-01-24,1004.51,1016.87,988.75,1005.17,5.2842262,31.271810753
2007-01-25,996.28,997.16,954.85,954.85,5.51442723,32.4954381219
2007-01-26,938.35,972.57,905.03,972.26,5.33658817,30.0161181884
2007-01-29,976.87,996.15,967.53,993.84,4.99504761,30.555831306199998
2007-01-30,1006.05,1031.92,1000.11,1010.12,6.63361393,39.1327975931
2007-01-31,996.05,1007.92,941.47,946.84,5.91454116,32.9346398999
2007-02-01,931.06,959.82,913.93,950.88,6.23112522,30.926522771
2007-02-02,952.55,955.65,925.03,928.71,4.12996984,22.302600429800002
2007-02-05,930.42,948.62,925.03,942.96,3.32888964,18.3191187269
2007-02-06,950.54,969.62,939.55,969.62,3.38845487,19.0808352279
2007-02-07,972.44,986.23,969.23,986.23,4.66981016,26.392229588000003
2007-02-08,984.7,1011.67,980.01,1004.89,4.53851071,26.2494962404
2007-02-09,1005.06,1014.46,997.15,1009.68,3.89811867,21.7722984082
2007-02-12,1009.99,1033.59,1009.12,1033.59,3.80430744,22.9046335856
2007-02-13,1037.85,1051.53,1029.21,1051.53,4.13028617,24.347139095
2007-02-14,1054.23,1069.69,1050.5,1068.12,5.60035057,31.1353231085
2007-02-15,1070.11,1087.22,1068.23,1085.61,6.23675705,35.8148861308
2007-02-16,1087.68,1097.34,1070.43,1077.83,5.84026509,33.853379144099996
2007-02-26,1080.5,1120.33,1076.05,1120.33,5.37327272,32.2636793048
2007-02-27,1132.15,1145.32,1030.06,1031.75,9.76741193,56.587609074899994
2007-02-28,1024.61,1093.17,1024.39,1091.78,6.58248336,38.7109337578
2007-03-01,1099.95,1129.51,1067.86,1118.52,8.99088727,56.8526533812
2007-03-02,1124.91,1141.57,1113.97,1129.78,6.91950548,45.1887633476
2007-03-05,1135.07,1147.99,1085.58,1116.88,6.66704024,39.8894862588
2007-03-06,1112.24,1114.94,1094.04,1108.18,4.37393752,26.276124580999998
2007-03-07,1110.04,1127.48,1106.73,1127.46,4.52199117,26.9096228033
2007-03-08,1125.78,1136.46,1114.43,1136.11,4.65395215,28.2142927908
2007-03-09,1136.56,1142.36,1112.53,1134.53,5.08246076,34.054555527
2007-03-12,1129.1,1160.4,1122.82,1158.58,6.16946577,39.8560688964
2007-03-13,1158.83,1175.86,1154.47,1170.08,6.41086771,41.2716748354
2007-03-14,1159.32,1174.1,1128.03,1158.85,6.15404458,40.0267343032
2007-03-15,1157.06,1185.55,1153.97,1185.53,5.70958395,37.2000745052
2007-03-16,1193.85,1195.04,1144.53,1162.03,7.66179778,48.3248906482
2007-03-19,1121.08,1174.83,1114.67,1169.59,6.06226004,38.790277364299996
2007-03-20,1167.48,1187.01,1165.28,1186.42,4.53914286,31.633574199699996
2007-03-21,1189.28,1209.67,1188.86,1209.61,5.02244577,36.7965745577
2007-03-22,1213.44,1236.02,1199.26,1218.53,5.81740906,42.4539458987
2007-03-23,1217.71,1236.37,1202.84,1235.04,7.0175628,50.965284003
2007-03-26,1233.51,1269.86,1229.01,1269.86,7.04022491,52.138053265799996
2007-03-27,1267.44,1289.66,1261.48,1283.59,7.45263474,56.2495939382
2007-03-28,1277.52,1287.11,1213.53,1261.77,7.21507642,53.7108332516
2007-03-29,1254.44,1258.1,1224.69,1225.86,6.20130763,45.631311081599996
2007-03-30,1209.95,1239.62,1208.33,1235.01,4.59648,32.0392603023
2007-04-02,1231.5,1262.69,1231.33,1262.69,5.21873736,36.878633391
2007-04-03,1267.39,1287.17,1263.05,1287.17,5.85769181,43.932386923900005
2007-04-04,1286.9,1299.0,1279.53,1290.21,6.05933058,46.562121930299995
2007-04-05,1287.84,1308.77,1282.17,1306.04,5.72597464,44.3843429465
2007-04-06,1296.21,1325.24,1290.59,1324.41,6.13958637,50.0725404431
2007-04-09,1329.34,1362.54,1329.34,1362.54,7.78302596,64.62239392069999
2007-04-10,1368.33,1369.58,1324.82,1365.58,7.24383168,62.507141097200005
2007-04-11,1366.42,1391.04,1349.09,1391.02,7.7632405,68.71363777170001
2007-04-12,1392.37,1410.45,1384.38,1407.65,7.25562164,64.3667263735
2007-04-13,1406.14,1419.3,1387.52,1396.1,7.36789749,61.7708401461
2007-04-16,1395.81,1432.85,1395.81,1432.85,6.55316086,56.489778708100005
2007-04-17,1442.02,1477.23,1421.63,1475.0,8.79843762,76.0647561566
2007-04-18,1488.53,1530.27,1477.72,1525.64,8.82390364,82.8157454736
2007-04-19,1518.41,1520.99,1402.62,1433.61,9.73466476,82.9684980369
2007-04-20,1448.49,1504.89,1440.36,1498.71,6.60366851,56.740994649799994
2007-04-23,1519.59,1559.26,1517.54,1555.67,9.69223517,88.98544426129999
2007-04-24,1555.96,1580.78,1541.79,1563.91,10.25925984,98.76833117
2007-04-25,1549.14,1557.13,1510.03,1545.35,7.05637292,68.657601863
2007-04-26,1549.09,1575.84,1539.94,1572.3,6.08260112,63.8428587819
2007-04-27,1571.57,1586.03,1556.73,1567.99,6.27173224,64.3363535644
2007-04-30,1560.55,1600.73,1558.2,1598.64,6.58331787,68.8760033954
2007-05-08,1623.09,1658.41,1616.59,1653.18,7.79341183,80.4960707674
2007-05-09,1648.43,1680.78,1594.37,1671.71,9.98249333,103.53736616409999
2007-05-10,1671.82,1692.34,1654.4,1683.49,8.34760724,84.7478216204
2007-05-11,1665.75,1696.9,1644.24,1683.45,6.72894501,67.0006151886
2007-05-14,1652.08,1695.38,1643.37,1681.5,6.27632074,64.3970109773
2007-05-15,1679.76,1698.48,1619.89,1624.0,7.47413744,74.1511906077
2007-05-16,1616.58,1681.59,1603.9,1681.06,6.89169253,69.9087821264
2007-05-17,1687.38,1721.23,1686.44,1715.57,6.94698568,74.3383708904
2007-05-18,1712.07,1736.87,1703.98,1728.27,5.87258022,65.4545661492
2007-05-21,1682.22,1782.43,1678.63,1779.88,6.75234933,79.1537142861
2007-05-22,1807.8,1842.51,1804.94,1837.16,8.41603348,101.6301701051
2007-05-23,1870.1,1910.31,1861.19,1908.58,8.65827793,106.4925495782
2007-05-24,1928.23,1929.08,1873.02,1921.04,8.53996992,105.35435628030001
2007-05-25,1908.64,1958.22,1895.9,1949.91,8.4510113,103.3920258679
2007-05-28,1965.77,2011.36,1965.7,1995.95,9.3279589,115.7875864035
2007-05-29,1995.45,2019.77,1975.56,2016.99,7.21235984,94.0510055469
2007-05-30,1893.72,1976.4,1875.9,1881.62,7.34400333,84.3549172031
2007-05-31,1803.09,1835.81,1739.06,1788.63,5.94682056,64.7866488689
2007-06-01,1735.93,1768.55,1666.62,1669.08,5.76679394,63.2568698763
2007-06-04,1600.86,1621.19,1547.84,1549.3,3.39117514,35.5687913
2007-06-05,1459.98,1540.94,1438.57,1540.86,6.27424337,58.432705657700005
2007-06-06,1531.82,1588.93,1500.42,1552.82,8.78950021,80.4505653867
2007-06-07,1531.54,1611.87,1531.54,1611.74,7.6077398,72.6958314567
2007-06-08,1608.51,1662.8,1604.08,1644.76,7.86802416,78.7035745698
2007-06-11,1655.43,1680.48,1646.13,1657.65,7.62170458,74.9531681644
2007-06-12,1660.61,1682.54,1585.48,1673.43,8.3974041,82.2122768882
2007-06-13,1680.19,1733.82,1676.83,1715.94,7.9333725,81.19236298109999
2007-06-14,1715.36,1732.51,1679.36,1698.51,7.78768227,80.30916963909999
2007-06-15,1673.93,1701.53,1663.22,1690.35,5.93028355,60.0281579766
2007-06-18,1714.64,1740.04,1708.95,1729.29,6.03518882,65.24171126819999
2007-06-19,1725.29,1748.7,1716.4,1746.46,6.00855021,61.759297697
2007-06-20,1749.52,1772.68,1703.75,1709.31,6.88932497,74.6062634212
2007-06-21,1692.45,1727.71,1662.08,1702.35,5.74378669,62.289911081599996
2007-06-22,1700.13,1709.01,1581.1,1597.99,5.85079849,59.804577226300005
2007-06-25,1592.88,1616.47,1478.03,1482.15,4.41159123,42.3291407124
2007-06-26,1427.33,1487.98,1412.58,1487.98,4.36804243,37.7673315372
2007-06-27,1485.77,1524.57,1459.78,1517.99,5.22550072,47.6328751363
2007-06-28,1505.54,1531.08,1437.16,1437.26,4.45611677,39.2234252761
2007-06-29,1370.73,1411.94,1353.63,1371.04,4.13435724,34.0324171399
2007-07-02,1358.08,1413.51,1352.4,1413.51,3.45683977,28.395315964899996
2007-07-03,1409.62,1427.68,1380.67,1419.59,3.27013995,26.9769051751
2007-07-04,1409.26,1419.76,1384.84,1394.68,2.95655954,23.7243950163
2007-07-05,1364.1,1377.28,1322.7,1324.22,3.04503764,24.6288232465
2007-07-06,1303.17,1393.03,1300.49,1391.28,3.9138796,30.982462814
2007-07-09,1396.77,1449.15,1393.16,1436.7,4.62348307,40.6017393723
2007-07-10,1429.08,1436.56,1394.15,1399.26,4.52213696,36.9271687798
2007-07-11,1377.99,1411.49,1377.84,1408.66,2.71044889,23.8609763623
2007-07-12,1400.13,1408.12,1387.4,1400.55,2.4530332,19.9058481498
2007-07-13,1394.12,1402.36,1374.6,1395.52,2.23108778,18.7030163028
2007-07-16,1388.49,1395.41,1345.09,1345.09,2.37012136,20.2900192955
2007-07-17,1332.8,1384.29,1332.8,1376.13,2.48772334,22.3115215788
2007-07-18,1365.12,1396.1,1362.66,1376.07,2.64237413,23.2882634868
2007-07-19,1366.92,1387.59,1361.41,1385.19,1.98968101,16.349801012100002
2007-07-20,1382.87,1437.14,1381.06,1436.13,3.51998253,29.9823247383
2007-07-23,1431.51,1503.86,1431.34,1503.77,4.98675276,44.180065946899994
2007-07-24,1508.59,1542.0,1499.64,1500.11,4.5611276,42.252719131199996
2007-07-25,1493.09,1547.33,1493.09,1546.81,3.91190667,36.4606304611
2007-07-26,1548.39,1598.33,1548.27,1598.33,4.93150689,47.3457674058
2007-07-27,1578.87,1638.03,1574.93,1638.03,5.03973773,50.6555539893
2007-07-30,1636.95,1677.27,1636.95,1661.76,5.41426059,57.5160705128
2007-07-31,1648.85,1685.65,1635.88,1681.02,4.74252398,50.791950686899995
2007-08-01,1681.98,1697.06,1597.17,1599.82,5.75206054,59.682439594899996
2007-08-02,1594.69,1660.15,1594.69,1656.52,4.56070398,49.2461880924
2007-08-03,1666.53,1697.95,1658.66,1693.2,5.25997653,58.0363568876
2007-08-06,1694.42,1706.65,1676.04,1702.19,5.05039877,53.6075262039
2007-08-07,1698.24,1721.6,1667.6,1707.4,4.8285417,52.9417720341
2007-08-08,1688.55,1708.13,1643.05,1677.06,4.72031048,50.501133875600004
2007-08-09,1684.65,1701.87,1671.11,1693.36,4.2890653,50.4529339491
2007-08-10,1683.5,1690.4,1602.36,1637.15,4.64197384,48.789155323
2007-08-13,1622.45,1636.86,1604.54,1617.93,3.79830039,37.9383734085
2007-08-14,1617.77,1672.62,1616.51,1670.57,3.3227777,33.053051159
2007-08-15,1667.43,1676.81,1612.66,1655.13,3.18402222,31.0488053225
2007-08-16,1643.81,1691.67,1634.6,1682.41,3.84971437,37.9665369103
2007-08-17,1671.68,1701.4,1665.57,1668.64,3.89261672,38.3672023128
2007-08-20,1690.68,1731.61,1687.83,1731.61,3.75095897,38.9063777835
2007-08-21,1743.05,1762.26,1735.72,1754.64,4.71010901,49.4599633648
2007-08-22,1725.13,1790.89,1725.13,1786.78,5.36837143,56.3383599444
2007-08-23,1788.13,1801.74,1777.78,1792.78,4.79763413,49.3122629987
2007-08-24,1800.74,1814.74,1791.77,1809.29,5.13568972,54.48955440899999
2007-08-27,1815.31,1825.39,1773.12,1783.78,5.13000252,55.062812996800005
2007-08-28,1769.73,1776.39,1738.66,1776.39,4.28666812,46.3458755134
2007-08-29,1760.52,1776.01,1729.93,1755.74,3.97949693,42.7358691586
2007-08-30,1759.3,1835.22,1759.3,1833.03,5.75557714,61.6804495623
2007-08-31,1848.6,1849.58,1830.04,1835.61,5.2164118,56.9797268987
2007-09-03,1848.32,1879.52,1848.3,1873.06,5.67134733,64.1601961202
2007-09-04,1869.66,1891.6,1850.46,1878.68,5.89646003,66.18976760439999
2007-09-05,1877.93,1895.19,1840.07,1876.84,4.43002767,49.632742837799995
2007-09-06,1880.2,1897.05,1880.2,1897.05,4.93679254,56.2797486909
2007-09-07,1868.13,1887.24,1840.37,1845.56,5.05502775,58.3069961376
2007-09-10,1820.64,1876.59,1792.47,1876.4,4.14761607,47.0403681958
2007-09-11,1868.67,1881.46,1751.79,1754.13,5.00210367,56.444114354499995
2007-09-12,1737.2,1782.88,1702.19,1759.7,4.10320258,44.4003454292
2007-09-13,1760.94,1778.65,1744.55,1778.65,2.9649407,32.6688964795
2007-09-14,1768.95,1798.11,1754.7,1796.21,3.5920878,38.4074467788
2007-09-17,1784.33,1842.58,1784.33,1839.86,4.44289899,47.7962901266
2007-09-18,1840.04,1905.24,1830.47,1905.24,5.83262759,65.4677263533
2007-09-19,1906.84,1913.33,1867.23,1876.59,5.52625076,60.8316493143
2007-09-20,1877.92,1896.35,1868.47,1885.86,4.03783107,43.8382485307
2007-09-21,1885.66,1895.47,1821.62,1852.65,3.92903976,44.4313433283
2007-09-24,1852.12,1869.45,1827.34,1853.08,3.60880953,40.2415066684
2007-09-25,1849.79,1856.29,1808.29,1820.83,2.76784288,29.312675474299997
2007-09-26,1816.3,1832.1,1791.33,1798.92,2.24661422,24.9763702177
2007-09-27,1797.86,1814.37,1791.12,1807.61,2.00800948,22.218962005700003
2007-09-28,1816.52,1855.15,1816.52,1848.79,3.18634377,37.1039610976
2007-10-08,1866.0,1873.97,1838.06,1838.62,2.85147699,33.4396493399
2007-10-09,1830.52,1881.91,1821.69,1879.8,3.07396212,35.5522233628
2007-10-10,1876.04,1887.51,1848.0,1858.78,3.32619444,38.3465586661
2007-10-11,1852.16,1861.6,1816.82,1821.05,3.36399801,35.950631831
2007-10-12,1827.45,1871.02,1689.72,1862.66,5.47392687,60.185259767299996
2007-10-15,1866.36,1868.09,1813.55,1851.72,4.2121403,50.713842954099995
2007-10-16,1870.81,1870.91,1825.69,1863.02,3.08858868,36.0230757845
2007-10-17,1873.35,1876.24,1837.84,1865.01,2.91998979,35.2489989441
2007-10-18,1874.96,1877.94,1824.61,1832.47,3.45676163,47.049947664099996
2007-10-19,1839.55,1848.8,1808.97,1820.97,2.41033912,31.478864201799997
2007-10-22,1802.59,1823.12,1758.57,1758.57,2.42414313,29.430662103400003
2007-10-23,1759.27,1773.67,1706.65,1755.15,2.34349667,26.5725529996
2007-10-24,1758.13,1758.82,1705.63,1706.88,2.35311724,27.0882631723
2007-10-25,1693.5,1705.22,1570.38,1576.76,2.76262101,30.316408742399997
2007-10-26,1567.74,1575.62,1528.41,1557.15,1.90842707,19.3284295059
2007-10-29,1565.16,1573.83,1536.18,1572.81,1.96288296,17.7394034179
2007-10-30,1581.37,1605.84,1559.38,1605.84,1.75400448,16.2994820985
2007-10-31,1618.1,1687.2,1615.63,1681.76,2.66592271,28.5379558104
2007-11-01,1681.0,1682.54,1627.53,1627.62,2.43514971,24.975045376999997
2007-11-02,1599.95,1601.65,1572.41,1587.75,2.07238595,21.1189309319
2007-11-05,1578.08,1623.81,1565.41,1621.38,1.85232045,19.5302545887
2007-11-06,1617.67,1651.08,1613.41,1635.46,1.66796176,16.5475094594
2007-11-07,1642.49,1649.26,1597.52,1630.15,1.6629435,16.1752295494
2007-11-08,1628.97,1632.83,1580.56,1580.56,2.32004199,22.2997913507
2007-11-09,1570.68,1581.89,1540.45,1558.2,1.77378168,17.3086061717
2007-11-12,1533.6,1552.37,1513.7,1538.32,1.82010664,18.3305198369
2007-11-13,1552.15,1575.28,1534.56,1563.0,1.81695142,18.1784293243
2007-11-14,1579.51,1613.63,1571.71,1613.63,2.09115766,20.8370525458
2007-11-15,1610.63,1619.32,1588.64,1592.89,1.97693634,20.186068022
2007-11-16,1575.79,1601.11,1570.19,1600.04,1.53791228,15.236853137899999
2007-11-19,1605.75,1641.12,1605.0,1636.54,2.11989229,20.7013912445
2007-11-20,1637.18,1665.95,1630.66,1662.75,1.95244769,19.8883321297
2007-11-21,1660.31,1671.04,1644.93,1644.99,2.00111695,20.604889530599998
2007-11-22,1620.67,1628.88,1571.86,1574.64,1.41039635,14.9536317232
2007-11-23,1563.41,1613.2,1562.67,1613.2,1.10749037,12.202916154
2007-11-26,1628.44,1645.97,1563.41,1611.62,1.680676,17.3257561074
2007-11-27,1596.18,1619.87,1594.4,1600.97,1.07325389,11.4350530134
2007-11-28,1601.37,1615.7,1579.42,1589.69,0.91492657,10.3887228018
2007-11-29,1595.62,1627.31,1580.39,1621.0,1.42295224,15.7287327026
2007-11-30,1634.9,1634.9,1598.82,1599.3,1.70705681,16.5282764758
2007-12-03,1586.44,1609.44,1584.6,1598.93,1.06409705,10.394813851
2007-12-04,1600.24,1612.7,1594.97,1608.21,1.18624021,11.449252548099999
2007-12-05,1605.49,1647.12,1604.07,1646.62,2.02028875,20.6050267408
2007-12-06,1648.91,1654.97,1638.66,1654.39,2.01269955,19.9733268673
2007-12-07,1654.52,1702.24,1654.15,1697.67,2.75684396,28.125999465
2007-12-10,1676.0,1771.19,1673.21,1770.93,2.7393445,32.030989325
2007-12-11,1774.03,1791.1,1760.93,1788.7,3.41018164,38.232433747399995
2007-12-12,1778.4,1833.21,1777.92,1822.24,3.19206665,35.476350777600004
2007-12-13,1822.54,1866.21,1783.36,1783.36,3.91946527,44.7892869007
2007-12-14,1760.06,1844.13,1755.71,1844.13,2.74796506,33.1724166333
2007-12-17,1857.85,1901.68,1835.05,1861.49,3.39527473,43.2452429369
2007-12-18,1854.48,1865.9,1824.29,1830.61,1.97696013,23.1829458411
2007-12-19,1842.68,1864.67,1838.79,1856.7,2.10730555,26.1928923012
2007-12-20,1864.14,1903.22,1861.66,1886.49,2.8921917,35.573237082199995
2007-12-21,1874.84,1901.7,1871.26,1900.3,2.38713978,29.3565437587
2007-12-24,1911.49,1950.41,1911.49,1934.41,4.24068232,50.322560878400004
2007-12-25,1933.15,1959.84,1928.39,1956.17,3.44527663,45.784844503100004
2007-12-26,1954.6,1989.01,1952.51,1988.8,3.56711627,44.2388919749
2007-12-27,1995.66,2014.67,1994.13,2003.72,3.65221011,45.299024450699996
2007-12-28,1997.92,2010.5,1988.93,1995.53,2.82758035,38.5668814692
2008-01-02,1995.41,2085.22,1995.41,2081.34,3.81188287,53.8345208879
2008-01-03,2088.14,2143.89,2077.64,2130.07,5.02006895,66.7417447646
2008-01-04,2130.51,2162.41,2106.72,2162.06,4.7089249,59.9126905516
2008-01-07,2154.99,2260.35,2147.54,2238.57,5.73031894,78.0539407551
2008-01-08,2247.35,2247.35,2153.11,2173.78,5.04261342,67.4954018035
2008-01-09,2160.95,2286.71,2155.68,2285.92,5.28188486,71.1039963711
2008-01-10,2296.7,2358.06,2286.03,2298.94,6.55741135,93.7716382243
2008-01-11,2292.62,2298.43,2238.2,2289.67,4.07595147,58.135290088199994
2008-01-14,2290.66,2351.63,2282.07,2349.95,4.52789742,68.4771043082
2008-01-15,2345.41,2425.29,2330.11,2416.99,5.24880051,79.5098164556
2008-01-16,2400.13,2502.02,2380.66,2469.7,7.76872517,109.63901283930001
2008-01-17,2441.55,2473.75,2285.71,2364.18,6.66284293,99.56713225870001
2008-01-18,2350.87,2369.37,2298.51,2336.43,3.72586147,55.0347558287
2008-01-21,2335.18,2350.14,2236.17,2244.66,3.73223435,53.73618226399999
2008-01-22,2185.72,2260.11,2073.38,2109.01,5.04869035,72.9776849742
2008-01-23,2130.23,2267.46,2119.91,2267.41,5.2292703,75.90602704369999
2008-01-24,2297.13,2427.57,2268.39,2413.96,6.3172382,97.5144248726
2008-01-25,2409.91,2432.43,2332.47,2343.78,5.39879608,88.0261395431
2008-01-28,2307.54,2314.53,2164.15,2176.2,3.29015491,49.072266794300006
2008-01-29,2158.69,2216.95,2120.91,2194.89,2.59067327,36.1085050726
2008-01-30,2212.01,2285.12,2162.0,2267.32,3.35466222,52.356332774799995
2008-01-31,2242.41,2248.28,2133.78,2136.45,2.68835834,40.7364446653
2008-02-01,2145.16,2147.04,1975.98,2049.8,2.88666506,37.7887525572
2008-02-04,2086.25,2194.61,2086.25,2191.44,2.61578836,41.654658186700004
2008-02-05,2193.16,2213.11,2150.86,2180.49,2.58454232,40.4701248595
2008-02-13,2167.95,2234.25,2135.38,2193.13,1.94806938,27.6864673434
2008-02-14,2211.97,2242.55,2203.04,2222.9,1.69265276,25.885173739699997
2008-02-15,2202.82,2282.99,2179.97,2282.99,3.13123161,47.218902677799996
2008-02-18,2316.68,2421.1,2316.18,2403.11,4.79133229,74.4396350379
2008-02-19,2413.33,2436.2,2393.69,2408.09,4.84870604,74.1672987403
2008-02-20,2415.8,2520.91,2402.84,2483.73,6.31220497,92.2055620414
2008-02-21,2469.94,2518.73,2447.03,2477.79,5.20744501,80.9149357316
2008-02-22,2471.08,2488.37,2364.32,2423.59,4.36304633,65.7817962905
2008-02-25,2417.76,2427.22,2364.63,2370.32,3.64507456,51.278681218100004
2008-02-26,2409.17,2433.93,2258.92,2319.98,3.67083291,54.9211961325
2008-02-27,2315.72,2393.7,2298.36,2393.7,3.19864868,52.21064486189999
2008-02-28,2389.97,2465.0,2383.72,2423.78,4.19733486,65.4404947737
2008-02-29,2416.44,2444.62,2400.24,2426.25,2.86059067,45.9839586622
2008-03-03,2423.2,2563.32,2413.34,2563.07,5.29451935,84.0720468881
2008-03-04,2574.75,2648.97,2573.56,2592.95,7.79724261,114.1038966576
2008-03-05,2565.73,2611.82,2514.59,2611.82,5.96905875,88.5746915669
2008-03-06,2619.43,2635.88,2563.46,2566.44,6.94793555,98.1864188625
2008-03-07,2534.43,2567.71,2496.46,2520.96,4.46790665,65.1548158489
2008-03-10,2485.62,2494.65,2403.95,2418.13,3.4100056,49.089535748500005
2008-03-11,2393.92,2465.45,2382.78,2465.45,3.27223913,46.799660403000004
2008-03-12,2502.72,2510.18,2392.16,2392.16,2.67158352,41.008844286999995
2008-03-13,2348.31,2368.67,2221.1,2268.59,3.31207244,46.6484487046
2008-03-14,2257.15,2299.75,2232.05,2272.74,2.07755487,29.7876231771
2008-03-17,2245.51,2250.04,2088.37,2090.2,2.62556569,37.2189590175
2008-03-18,2028.82,2066.68,1920.61,1962.26,3.43760249,45.6258230215
2008-03-19,2001.72,2097.44,1963.13,2087.03,3.78326686,51.5685648612
2008-03-20,2043.56,2207.4,2011.06,2188.02,4.65107699,67.1621482053
2008-03-21,2181.24,2216.29,2146.61,2163.87,3.9046451,59.0295012117
2008-03-24,2184.14,2206.66,2122.98,2123.89,2.66831173,39.7862155444
2008-03-25,2073.72,2153.01,2039.69,2152.97,2.69639577,38.0904694595
2008-03-26,2161.95,2195.74,2109.35,2123.36,2.22155901,31.1684217003
2008-03-27,2124.65,2173.84,2063.74,2064.15,3.48632966,47.3500602671
2008-03-28,2033.58,2087.27,1934.82,2077.15,3.1365488,41.8081014893
2008-03-31,2022.3,2079.18,1977.21,1977.53,2.73577292,37.0083557665
2008-04-01,1947.03,1977.27,1800.46,1803.88,2.96145826,36.0898496281
2008-04-02,1804.24,1823.96,1676.93,1688.93,3.12260252,33.4725484988
2008-04-03,1669.52,1767.01,1640.23,1746.19,2.69201672,28.2876809296
2008-04-07,1724.09,1861.7,1704.86,1861.54,3.26890522,38.1026067695
2008-04-08,1867.92,1930.47,1852.0,1917.68,3.71361883,45.470335310299994
2008-04-09,1898.6,1939.09,1798.71,1798.71,3.72603998,45.919290027399995
2008-04-10,1769.69,1889.61,1756.42,1889.61,3.61775222,43.8634278965
2008-04-11,1917.7,1940.8,1891.28,1913.6,3.65304519,47.323986607399995
2008-04-14,1875.47,1934.27,1836.46,1852.94,4.13902409,52.91553426270001
2008-04-15,1842.29,1916.28,1815.25,1916.2,3.33131423,44.734717136499995
2008-04-16,1912.77,1950.7,1875.63,1900.51,2.9521284,40.5375945143
2008-04-17,1915.69,1944.5,1827.11,1860.77,2.71998241,34.5270591716
2008-04-18,1843.38,1901.64,1781.04,1832.86,2.90992549,38.476438209
2008-04-21,1922.63,1940.56,1800.43,1823.63,3.19274079,44.9947834696
2008-04-22,1788.31,1815.21,1708.52,1777.38,2.42422976,30.970651626
2008-04-23,1765.67,1850.04,1753.0,1842.76,2.71203199,36.262470308000005
2008-04-24,1984.99,2001.94,1927.41,1999.48,6.22580808,87.0090561959
2008-04-25,1983.62,2093.64,1963.37,2011.01,6.16360862,86.59453404899999
2008-04-28,1969.03,2104.07,1958.95,2091.21,6.75424568,96.63215479290001
2008-04-29,2082.67,2101.51,2050.95,2069.26,4.90257283,72.6577622563
2008-04-30,2084.02,2145.9,2073.11,2140.0,6.07267628,89.1869288341
2008-05-05,2153.54,2211.92,2113.21,2200.24,6.22739606,89.2533892683
2008-05-06,2185.77,2239.53,2161.91,2190.63,5.41631377,80.9889370083
2008-05-07,2168.86,2188.63,2086.88,2087.07,5.08470357,74.3184813163
2008-05-08,2054.66,2155.63,2047.76,2155.53,4.05443669,54.597542519300006
2008-05-09,2164.74,2228.94,2142.9,2193.68,5.54796063,82.7675326011
2008-05-12,2162.53,2305.61,2144.07,2279.57,6.02213852,95.37108591209999
2008-05-13,2204.96,2381.72,2197.3,2366.63,7.32588957,105.3204261166
2008-05-14,2358.53,2393.35,2288.13,2315.39,7.07014937,116.09675280290001
2008-05-15,2302.83,2332.91,2273.65,2274.26,4.82165273,77.73133131600001
2008-05-16,2261.53,2333.45,2243.26,2281.44,4.37535828,71.1494136473
2008-05-19,2272.33,2289.05,2223.83,2231.72,3.54432441,57.2472271462
2008-05-20,2230.36,2249.12,2077.82,2088.18,4.24131054,64.4560641649
2008-05-21,2061.23,2148.98,1995.0,2132.8,4.42808216,62.5680325005
2008-05-22,2103.11,2187.48,2089.2,2128.28,4.25865531,62.6120307229
2008-05-23,2112.83,2126.82,2048.88,2080.67,3.1722199,44.1317657508
2008-05-26,2069.37,2088.36,2023.62,2045.72,2.74130078,40.7906260876
2008-05-27,2030.08,2061.78,2002.09,2025.43,2.55003201,34.0373476822
2008-05-28,2031.86,2110.76,2016.65,2095.78,4.40164074,58.9538621318
2008-05-29,2086.98,2098.4,2037.58,2037.58,3.41539101,46.481125677799994
2008-05-30,2035.32,2050.79,1992.43,2025.2,2.65722934,34.3772241575
2008-06-02,2015.76,2060.79,1970.97,2021.77,2.76000112,33.1498096283
2008-06-03,2020.49,2056.78,1961.97,2011.28,2.91995603,38.646469914
2008-06-04,1995.47,2019.03,1906.43,1941.78,2.8155327,33.7034458904
2008-06-05,1931.52,1944.42,1898.29,1898.29,2.70659902,33.7327565218
2008-06-06,1901.28,1918.94,1883.13,1896.72,2.02097145,24.565600803400002
2008-06-10,1815.32,1858.54,1716.58,1722.86,2.54082487,30.614153650100004
2008-06-11,1679.2,1788.78,1658.1,1762.25,3.55693689,43.011568196000006
2008-06-12,1740.95,1812.82,1734.36,1764.93,3.91692113,52.0100234751
2008-06-13,1761.87,1771.14,1636.51,1637.96,2.67038464,31.3607913193
2008-06-16,1629.94,1655.18,1551.21,1585.07,2.63821399,29.9316028944
2008-06-17,1585.13,1607.16,1497.39,1510.45,2.70012273,30.4521656032
2008-06-18,1492.16,1620.56,1455.19,1607.99,3.7574972,41.766650373800005
2008-06-19,1586.83,1600.89,1465.14,1466.84,3.14806388,34.2186991758
2008-06-20,1474.59,1545.01,1402.74,1477.49,3.45839198,35.359307445
2008-06-23,1461.6,1490.65,1427.24,1438.63,2.14586815,22.390285768400002
2008-06-24,1424.42,1489.81,1424.29,1482.02,2.46765516,25.641057876399998
2008-06-25,1482.8,1601.01,1481.13,1596.68,4.15276514,44.2411553472
2008-06-26,1612.0,1667.45,1606.67,1642.48,4.91832704,61.4404987117
2008-06-27,1588.44,1602.34,1510.53,1537.75,4.30116266,47.5440430493
2008-06-30,1516.23,1603.76,1505.83,1573.68,3.34974702,39.291423155100006
2008-07-01,1582.81,1589.76,1535.92,1551.89,2.80681088,29.941057896300002
2008-07-02,1554.31,1631.54,1539.45,1609.08,3.46466813,41.5474806958
2008-07-03,1598.18,1730.54,1583.77,1717.96,5.69330667,67.3142288812
2008-07-04,1723.82,1751.95,1695.98,1736.55,6.13984157,73.8396950385
2008-07-07,1745.76,1804.68,1730.88,1799.47,6.24507803,78.2527311858
2008-07-08,1791.66,1873.36,1762.71,1845.83,7.01665793,86.5722114588
2008-07-09,1834.08,1867.64,1827.63,1865.11,6.31276042,70.5050063657
2008-07-10,1853.43,1906.93,1788.11,1788.11,6.97458331,90.383932865
2008-07-11,1758.14,1780.98,1708.03,1747.31,4.87605831,60.0579260068
2008-07-14,1737.15,1807.93,1728.68,1807.93,4.28766813,52.9287522586
2008-07-15,1807.01,1834.96,1759.08,1805.56,5.47216077,66.21666277199999
2008-07-16,1774.84,1826.14,1721.75,1751.7,4.80599795,56.2268605458
2008-07-17,1760.93,1777.78,1679.19,1679.19,3.39477934,39.9221152657
2008-07-18,1672.19,1730.28,1624.21,1716.02,3.4038377,37.6036354581
2008-07-21,1696.52,1785.67,1693.7,1778.93,3.79686343,43.270537122700006
2008-07-22,1779.68,1806.61,1765.5,1766.21,3.73610979,42.7896682823
2008-07-23,1766.82,1815.64,1735.78,1783.7,4.7506419,55.5243811422
2008-07-24,1793.39,1815.71,1785.34,1815.71,4.63788267,51.922296026800005
2008-07-25,1801.84,1875.75,1792.57,1838.7,6.04208688,70.27111967100001
2008-07-28,1852.65,1874.83,1829.19,1861.53,5.87434141,62.082959393900005
2008-07-29,1844.61,1857.73,1797.95,1797.99,4.26128368,43.8358527513
2008-07-30,1814.97,1825.75,1765.84,1784.13,3.6062631,36.1089633024
2008-07-31,1782.43,1790.8,1716.76,1717.32,3.07838598,31.0555306061
2008-08-01,1707.71,1748.82,1672.5,1735.01,2.96298483,28.7221464372
2008-08-04,1723.85,1776.82,1708.05,1726.35,3.05291526,29.627126489899997
2008-08-05,1724.64,1732.99,1646.12,1651.64,3.26538404,32.6663262303
2008-08-06,1667.52,1670.62,1593.92,1641.61,3.03613803,30.5081644252
2008-08-07,1635.9,1646.44,1588.96,1609.7,2.4004035,23.9228224406
2008-08-08,1615.95,1627.4,1507.67,1510.29,3.16662058,29.4188423981
2008-08-11,1493.62,1494.98,1373.31,1375.92,2.59025458,22.3514393881
2008-08-12,1340.94,1358.84,1301.13,1322.39,2.84777375,23.79019672
2008-08-13,1312.07,1368.02,1287.95,1357.94,4.099138,36.612131780300004
2008-08-14,1341.84,1385.16,1335.43,1375.27,3.04592985,28.282212238099998
2008-08-15,1367.12,1388.2,1353.77,1372.84,3.31829819,30.452645938299998
2008-08-18,1369.8,1370.51,1256.38,1257.25,2.62679531,22.5172911432
2008-08-19,1216.73,1303.02,1208.73,1292.37,3.01400198,27.889509577600002
2008-08-20,1280.17,1399.67,1262.1,1398.26,4.39312677,38.3464639134
2008-08-21,1374.82,1419.78,1339.42,1339.67,4.26421391,39.5182204566
2008-08-22,1328.06,1338.32,1271.09,1304.75,2.69908525,24.2660014757
2008-08-25,1299.41,1332.13,1285.22,1301.4,1.93950326,18.4730284029
2008-08-26,1283.24,1288.16,1199.58,1213.95,2.89112488,23.0616238306
2008-08-27,1204.54,1237.39,1166.3,1200.29,2.3585401,19.1480315638
2008-08-28,1199.18,1229.36,1181.89,1221.53,2.86757453,22.615377988600002
2008-08-29,1223.4,1265.54,1222.11,1250.71,3.45502866,28.5410373247
2008-09-01,1237.49,1249.73,1177.05,1197.27,2.45558281,19.343231644
2008-09-02,1184.7,1215.21,1168.54,1208.24,2.68425586,20.5934217717
2008-09-03,1198.45,1210.33,1163.09,1180.43,2.8580076,20.739504093
2008-09-04,1177.13,1208.51,1173.41,1193.38,2.29253185,18.1417089404
2008-09-05,1147.48,1158.49,1120.28,1121.65,2.35723751,18.0015599779
2008-09-08,1119.33,1136.01,1038.7,1042.11,2.22132474,16.4225814256
2008-09-09,1042.48,1062.35,1014.72,1051.69,2.39510864,17.8613045265
2008-09-10,1035.39,1073.82,1024.39,1045.87,2.29255154,16.4864889665
2008-09-11,1039.44,1052.29,1011.45,1015.4,1.81099121,12.566965355699999
2008-09-12,1013.19,1034.36,1009.41,1013.4,1.70453919,11.621436275599999
2008-09-16,1009.16,1018.56,988.92,997.1,2.23455812,15.2949252929
2008-09-17,995.78,1022.35,992.74,999.86,2.80416781,18.7520265977
2008-09-18,980.88,1007.49,921.92,992.31,3.70984079,23.7250681525
2008-09-19,1081.84,1087.65,1062.71,1087.65,2.91336867,21.0040185524
2008-09-22,1165.69,1188.31,1092.88,1142.83,6.63117732,50.1596898787
2008-09-23,1099.3,1101.38,1064.51,1064.8,3.85838373,27.4951883787
2008-09-24,1045.33,1088.92,1038.23,1088.92,2.86638276,19.7522524907
2008-09-25,1091.56,1143.78,1086.74,1134.05,5.39364751,39.988792675700005
2008-09-26,1137.32,1141.3,1109.16,1126.83,3.67367456,27.9540752931
2008-10-06,1117.91,1196.93,1103.13,1184.36,6.17640576,50.6812561018
2008-10-07,1149.66,1186.67,1135.11,1163.13,4.5832372,38.6956472838
2008-10-08,1137.4,1176.8,1135.04,1153.24,3.49077606,27.4103216079
2008-10-09,1169.51,1182.33,1126.43,1126.95,3.16507568,24.1664030454
2008-10-10,1075.94,1085.14,1041.54,1046.77,3.59568061,26.233775905
2008-10-13,1035.32,1069.19,1018.44,1069.19,3.33237056,24.3378563704
2008-10-14,1105.42,1110.34,1051.71,1051.71,3.9632571,29.922200211
2008-10-15,1038.23,1048.15,1008.29,1012.92,2.66539788,17.7279641419
2008-10-16,968.94,981.43,948.9,961.19,2.89631668,18.163556649300002
2008-10-17,969.05,981.84,955.16,967.17,2.26520102,13.9430191604
2008-10-20,975.29,1025.83,975.29,1025.4,3.55783367,24.2879463288
2008-10-21,1039.98,1067.9,1027.24,1033.47,4.64068532,33.5327513321
2008-10-22,1013.86,1031.99,991.53,992.55,2.88560045,20.5070149562
2008-10-23,966.08,1000.65,958.18,999.25,2.33929942,16.7224839504
2008-10-24,999.0,1008.12,963.76,976.13,2.2266376,15.120518298099999
2008-10-27,957.73,959.32,891.92,893.48,2.73096269,17.4278224618
2008-10-28,864.9,913.9,856.86,909.31,2.95669143,18.1227642316
2008-10-29,919.81,922.47,864.62,864.62,2.68982658,15.8011282318
2008-10-30,865.49,884.03,857.05,866.34,2.73041213,15.6306869569
2008-10-31,866.11,880.76,839.66,844.41,2.20314518,12.313012739200001
2008-11-03,839.5,855.81,834.7,839.2,2.02432121,11.620339468800001
2008-11-04,832.89,862.22,825.67,861.3,3.37084903,20.705452608399998
2008-11-05,863.92,887.65,858.39,879.0,3.94136053,24.3524743762
2008-11-06,857.42,861.17,845.73,848.83,2.47147576,14.5496285129
2008-11-07,834.17,861.3,829.37,859.32,1.9828047,10.237172525
2008-11-10,878.38,930.52,876.45,927.23,4.36717712,25.5340879683
2008-11-11,924.07,958.19,909.49,921.07,5.00790662,30.80028035
2008-11-12,910.8,943.1,909.16,942.03,3.08127489,18.8842995088
2008-11-13,936.67,1007.09,935.41,995.48,6.10058981,39.5260675248
2008-11-14,1013.85,1066.27,1011.7,1061.69,7.42272888,51.7638081983
2008-11-17,1064.57,1107.65,1054.29,1107.65,7.8806889,54.7617691969
2008-11-18,1099.91,1108.12,1013.65,1019.6,8.3822453,55.746735573500004
2008-11-19,1008.2,1101.89,1004.1,1099.86,7.62044771,51.2510385744
2008-11-20,1075.24,1122.2,1070.57,1094.17,6.69506811,46.812794512299995
2008-11-21,1058.06,1099.36,1028.59,1070.39,5.35290373,34.7545022479
2008-11-24,1073.11,1099.86,1047.65,1049.83,4.19199319,28.609640823299998
2008-11-25,1060.17,1072.77,1000.86,1035.53,4.57646562,30.6462315129
2008-11-26,1031.1,1041.31,1013.14,1030.82,3.03198728,19.5637907092
2008-11-27,1101.47,1102.68,1036.52,1037.88,5.04344207,33.849639456700004
2008-11-28,1027.08,1036.87,1003.8,1016.42,3.27746138,20.1413335932
2008-12-01,1012.15,1059.4,1003.89,1057.25,3.87351481,25.3202993256
2008-12-02,1039.16,1104.33,1034.56,1088.13,5.90949803,39.5332629102
2008-12-03,1099.52,1138.75,1094.39,1135.34,7.44873241,51.838641556999995
2008-12-04,1143.91,1167.77,1127.0,1128.39,8.59567889,59.6315251569
2008-12-05,1117.8,1197.96,1115.13,1197.96,8.51589617,60.1351988421
2008-12-08,1213.4,1246.69,1192.8,1243.54,9.86618124,75.4147085037
2008-12-09,1235.95,1236.47,1190.05,1193.67,6.79867311,50.3426752406
2008-12-10,1181.39,1236.38,1181.24,1232.22,6.23583717,45.3535259782
2008-12-11,1243.15,1243.23,1208.18,1209.03,6.8239625,48.8976068183
2008-12-12,1198.74,1207.05,1135.85,1155.36,5.88144328,39.401830014699996
2008-12-15,1174.0,1183.13,1142.66,1178.92,4.03308064,28.6571040836
2008-12-16,1172.2,1196.5,1140.81,1195.51,4.30678457,29.497629553899998
2008-12-17,1200.23,1228.43,1194.54,1207.03,5.48822445,41.0343773531
2008-12-18,1202.72,1219.51,1189.34,1218.11,4.32559257,30.8518568821
2008-12-19,1217.21,1258.74,1217.05,1228.35,5.74153503,44.4258292322
2008-12-22,1225.15,1233.46,1202.59,1225.52,4.37683323,33.3013720788
2008-12-23,1228.67,1229.45,1153.76,1153.76,5.27564106,37.631127264
2008-12-24,1135.18,1139.31,1104.02,1120.33,3.97780563,27.0488402523
2008-12-25,1129.86,1145.69,1109.55,1130.47,3.87301987,26.951646938499998
2008-12-26,1132.7,1139.68,1112.98,1115.87,3.14778103,20.7782806333
2008-12-29,1116.68,1121.9,1092.38,1115.13,2.51447796,16.8547994252
2008-12-30,1115.48,1132.03,1096.1,1097.61,3.00263162,20.4572012258
2008-12-31,1099.36,1103.46,1065.99,1067.39,2.7120359,18.5476395281
2009-01-05,1082.89,1119.18,1072.89,1119.18,3.3327825,25.629191572199996
2009-01-06,1116.93,1159.42,1110.56,1155.26,4.3040949,31.5510360641
2009-01-07,1156.76,1179.07,1152.56,1156.5,4.44649146,32.959042904
2009-01-08,1133.95,1144.88,1118.42,1127.04,3.38576192,23.7513198895
2009-01-09,1125.42,1167.54,1125.42,1163.18,3.52666904,26.2326731822
2009-01-12,1161.84,1183.93,1151.26,1173.04,3.79931059,28.2844563081
2009-01-13,1159.37,1165.08,1126.81,1128.1,3.16620743,22.848976530500003
2009-01-14,1124.79,1165.87,1124.79,1165.87,3.25204985,22.402229693899997
2009-01-15,1156.98,1189.23,1152.85,1179.94,4.19504869,30.6119414635
2009-01-16,1189.53,1208.44,1187.09,1193.24,5.39704986,39.6414760305
2009-01-19,1198.99,1204.81,1175.26,1188.64,3.73558299,27.936436445500004
2009-01-20,1188.03,1197.75,1175.49,1197.75,2.68628155,19.484412744700002
2009-01-21,1182.07,1212.06,1179.29,1195.46,3.37223455,25.0910892242
2009-01-22,1199.86,1204.47,1183.84,1200.87,3.72341817,25.9440146763
2009-01-23,1199.37,1218.69,1199.06,1203.42,4.01603256,30.5028326692
2009-02-02,1246.48,1265.22,1244.93,1259.53,6.50830407,49.471733275
2009-02-03,1268.41,1281.65,1253.38,1279.73,7.8478366,54.9493434946
2009-02-04,1281.71,1309.38,1273.24,1309.38,8.10796688,60.2287318824
2009-02-05,1305.23,1331.08,1295.25,1324.8,9.15240212,71.7965802433
2009-02-06,1328.41,1369.4,1328.41,1365.38,9.03602273,71.2759759063
2009-02-09,1382.39,1405.35,1356.77,1391.81,9.31633631,74.7022858593
2009-02-10,1385.94,1438.37,1371.04,1432.32,8.61785938,74.130820472
2009-02-11,1408.54,1442.04,1388.39,1406.78,8.69770411,73.0270363524
2009-02-12,1408.7,1416.19,1348.57,1409.31,6.84004044,56.4033475787
2009-02-13,1409.86,1464.08,1409.31,1462.3,9.05268903,75.0086076555
2009-02-16,1475.01,1503.08,1464.55,1503.08,8.58081927,77.3789682185
2009-02-17,1497.0,1503.07,1443.22,1443.22,8.28952252,68.1847943411
2009-02-18,1404.87,1460.01,1401.09,1402.35,6.7810578,57.1687976197
2009-02-19,1402.39,1438.01,1393.77,1430.57,5.899842,51.26830484600001
2009-02-20,1420.7,1468.1,1407.62,1468.1,6.15901401,53.9815746244
2009-02-23,1458.11,1540.51,1457.66,1535.53,7.64228476,73.072725402
2009-02-24,1510.73,1545.67,1475.47,1486.65,8.2969522,76.7215593754
2009-02-25,1497.06,1545.34,1486.65,1531.83,8.07389454,77.72216108949999
2009-02-26,1534.16,1549.09,1399.75,1419.63,8.27962808,78.2675128222
2009-02-27,1406.85,1413.11,1304.38,1313.86,5.91338335,52.558842248199994
2009-03-02,1285.49,1356.37,1285.49,1352.9,4.07936172,36.0581977226
2009-03-03,1310.31,1372.71,1309.62,1360.0,4.2891591,39.340711233200004
2009-03-04,1362.34,1430.83,1361.73,1430.58,5.87338084,55.7938877538
2009-03-05,1440.59,1449.38,1393.35,1420.19,6.34752847,59.7179603514
2009-03-06,1394.01,1419.3,1375.78,1396.59,5.9821555,54.99832406270001
2009-03-09,1390.19,1409.05,1333.61,1333.89,5.67310225,50.204863053000004
2009-03-10,1315.45,1357.94,1315.45,1357.85,3.49403396,30.1629851361
2009-03-11,1372.78,1381.64,1340.0,1356.33,4.18433914,35.9864580398
2009-03-12,1349.94,1356.92,1300.08,1341.19,4.33805079,33.203194196999995
2009-03-13,1344.22,1345.12,1312.63,1316.59,3.9223219,31.702968183299998
2009-03-16,1308.67,1321.92,1287.87,1321.92,3.34712311,25.977189764400002
2009-03-17,1323.52,1375.25,1319.18,1370.73,5.77417149,46.185639574899994
2009-03-18,1373.46,1397.52,1368.67,1378.11,6.02621113,49.0693949178
2009-03-19,1378.78,1425.77,1374.05,1425.77,6.89226213,58.164643170299996
2009-03-20,1428.8,1431.97,1390.8,1416.81,6.73430121,58.1673424554
2009-03-23,1418.12,1481.35,1418.12,1478.01,8.14749009,75.8098975986
2009-03-24,1490.4,1491.19,1457.76,1469.27,7.27099452,64.8218172605
2009-03-25,1460.48,1470.91,1416.74,1416.74,5.92179063,52.1491051379
2009-03-26,1413.55,1450.31,1391.83,1450.31,5.2309579,45.5495200626
2009-03-27,1456.23,1465.93,1444.18,1453.39,6.05379745,54.06620276020001
2009-03-30,1451.21,1469.59,1446.92,1458.22,5.81823315,46.596425528599994
2009-03-31,1430.91,1464.68,1414.13,1464.68,5.20910152,43.0251433429
2009-04-01,1467.2,1505.76,1467.2,1492.58,7.62721989,64.19237414850001
2009-04-02,1496.23,1505.67,1484.64,1485.78,6.68791907,57.4804135555
2009-04-03,1491.62,1540.08,1454.6,1510.85,9.30167949,88.3753354044
2009-04-07,1506.72,1535.95,1503.62,1525.73,5.79747208,58.5990630903
2009-04-08,1521.58,1524.93,1462.63,1462.72,5.65677956,54.1011758548
2009-04-09,1475.15,1498.93,1460.4,1491.38,5.32786534,52.065410117700004
2009-04-10,1496.95,1536.41,1479.71,1529.68,7.52202341,72.6569423458
2009-04-13,1540.96,1545.81,1522.9,1536.12,7.11293756,67.1041042881
2009-04-14,1536.44,1552.54,1527.84,1548.11,6.58151866,62.6124957145
2009-04-15,1541.06,1552.92,1511.96,1552.64,7.42909093,67.60552769979999
2009-04-16,1554.49,1571.15,1533.84,1561.88,7.30034168,67.3889330661
2009-04-17,1555.24,1567.01,1530.44,1541.83,6.67752323,62.49121437350001
2009-04-20,1535.75,1566.52,1535.74,1566.52,6.21717444,56.10656169560001
2009-04-21,1550.82,1583.88,1550.21,1572.98,6.99850215,62.3179212707
2009-04-22,1573.78,1581.14,1503.85,1510.02,8.19621158,74.5027784981
2009-04-23,1515.62,1551.42,1508.59,1525.83,7.64072031,68.176969359
2009-04-24,1528.21,1531.34,1475.61,1476.58,6.40464248,58.4667430457
2009-04-27,1467.45,1467.45,1389.62,1391.71,4.98186739,41.9738889251
2009-04-28,1378.98,1395.51,1371.36,1390.24,3.42735023,27.4861760091
2009-04-29,1389.06,1419.83,1383.01,1417.03,3.70457412,29.6435908229
2009-04-30,1421.69,1422.29,1403.7,1415.2,4.28236941,38.100426449400004
2009-05-04,1420.31,1467.96,1419.96,1467.85,4.90120681,42.0889277394
2009-05-05,1474.01,1489.66,1461.26,1485.68,5.26670253,46.8611695762
2009-05-06,1480.62,1500.65,1471.41,1500.65,5.19340056,45.7342128337
2009-05-07,1503.21,1512.48,1470.95,1492.18,5.81665659,52.2315748905
2009-05-08,1489.19,1489.19,1462.74,1483.1,4.3647097,39.1268346281
2009-05-11,1486.74,1488.24,1428.88,1429.07,5.53436623,46.2168747563
2009-05-12,1420.23,1452.45,1418.72,1452.45,3.32060709,27.661589987600003
2009-05-13,1453.67,1486.98,1447.53,1481.23,5.78186629,49.8107914391
2009-05-14,1471.29,1483.47,1465.73,1477.49,4.60935203,40.7243204114
2009-05-15,1478.55,1486.09,1471.18,1484.67,4.9165262,38.5076632181
2009-05-18,1490.41,1494.16,1472.93,1494.16,4.24114203,31.5300991798
2009-05-19,1504.66,1507.94,1491.07,1504.62,6.31043731,50.728679301599996
2009-05-20,1502.3,1502.45,1482.28,1482.28,5.01461034,41.794659285
2009-05-21,1476.28,1483.7,1445.29,1450.45,5.05531336,40.9512049808
2009-05-22,1446.87,1458.31,1437.04,1447.25,3.51985847,29.0696060877
2009-05-25,1416.95,1441.17,1405.56,1440.91,3.75475546,29.6808607956
2009-05-26,1441.32,1464.38,1440.09,1451.5,3.83140127,33.0607878117
2009-05-27,1459.09,1463.98,1441.83,1450.73,3.40865387,29.7063619398
2009-06-01,1461.3,1478.6,1457.83,1478.6,4.07004159,35.145749181599996
2009-06-02,1483.17,1514.59,1481.39,1497.77,5.6672903,51.500416018
2009-06-03,1497.41,1500.46,1486.31,1500.46,4.55520198,39.2213219388
2009-06-04,1497.44,1497.44,1463.95,1481.87,4.56990669,38.0723903919
2009-06-05,1487.36,1521.26,1486.33,1504.81,5.64607338,50.7782897984
2009-06-08,1506.82,1510.56,1486.48,1496.29,4.70718147,41.4368526947
2009-06-09,1493.52,1497.35,1460.39,1490.65,3.89312235,31.4979874606
2009-06-10,1492.69,1514.69,1492.69,1514.69,5.45493777,40.9562039186
2009-06-11,1512.79,1525.92,1501.8,1507.67,5.39575953,43.7655692591
2009-06-12,1507.4,1507.4,1454.33,1463.2,4.34975458,34.1144916125
2009-06-15,1461.77,1486.71,1460.26,1486.71,3.2227756,25.2924864085
2009-06-16,1473.8,1483.24,1469.08,1477.03,3.18777489,27.2520281117
2009-06-17,1477.74,1500.18,1472.95,1499.32,4.14653835,34.0339268866
2009-06-18,1503.6,1513.53,1496.8,1507.56,4.77248412,41.5383002461
2009-06-19,1504.87,1535.26,1502.08,1526.4,5.97656386,53.4249397773
2009-06-22,1533.06,1534.83,1511.58,1519.64,4.90033604,41.2643125315
2009-06-23,1505.71,1529.42,1501.09,1519.25,4.97440565,43.8065920262
2009-06-24,1520.51,1533.27,1513.5,1532.36,4.95496861,43.0075961817
2009-06-25,1535.78,1536.13,1514.0,1521.65,4.75599773,40.3882636719
2009-06-26,1523.87,1541.68,1523.87,1540.61,5.81987424,45.5657139987
2009-06-29,1548.05,1561.25,1545.14,1548.85,6.29264636,49.7940260843
2009-06-30,1550.43,1550.77,1527.29,1533.09,5.23284595,44.6028328521
2009-07-01,1534.81,1546.59,1533.74,1546.59,5.43009057,45.3387316149
2009-07-02,1550.58,1575.81,1546.43,1569.25,5.95365427,55.9245705358
2009-07-03,1562.53,1620.01,1559.88,1607.34,9.1582929,93.7926926967
2009-07-06,1606.96,1609.88,1578.71,1595.63,5.8870735,54.3602244992
2009-07-07,1589.92,1605.71,1583.92,1592.77,6.16495486,56.821266236499994
2009-07-08,1583.13,1620.55,1581.7,1617.5,6.40033141,57.741813643
2009-07-09,1613.91,1633.7,1613.33,1633.7,6.52684595,58.672090893000004
2009-07-10,1631.8,1644.9,1627.47,1638.05,6.06680799,55.9422279849
2009-07-13,1637.7,1664.25,1637.36,1652.55,7.30197365,63.6745717326
2009-07-14,1658.74,1700.17,1656.22,1689.27,9.17505997,84.0114639359
2009-07-15,1688.81,1696.04,1680.49,1696.04,7.84612745,72.9554147347
2009-07-16,1694.12,1700.13,1678.03,1679.97,6.86964991,64.2922924458
2009-07-17,1677.69,1688.13,1663.61,1684.5,6.37569406,59.5784287761
2009-07-20,1688.19,1709.65,1685.54,1709.65,7.06362916,65.9429444531
2009-07-21,1712.16,1712.89,1659.55,1662.84,7.15911109,65.7335786584
2009-07-22,1661.25,1694.12,1661.21,1681.38,6.49408778,60.4886266288
2009-07-23,1682.95,1718.03,1682.45,1715.3,7.46272934,73.9619521093
2009-07-24,1715.06,1715.1,1659.65,1684.43,6.49888768,63.296668831999995
2009-07-27,1688.15,1725.06,1688.15,1725.06,6.79582933,68.47771255949999
2009-07-28,1726.78,1778.52,1715.36,1773.13,9.8916497,102.2439215852
2009-07-29,1760.43,1766.69,1620.46,1652.18,8.77753438,85.6236063445
2009-07-30,1661.04,1682.04,1612.93,1671.01,5.84774077,55.457437775
2009-07-31,1679.76,1719.24,1674.26,1713.63,5.81319116,56.215705641499994
2009-08-03,1719.61,1762.65,1717.37,1759.93,7.11440812,70.75065168350001
2009-08-04,1762.12,1891.37,1757.09,1891.28,15.26049524,154.3225649849
2009-08-05,1894.25,1930.71,1853.63,1867.74,14.24094222,154.8178363744
2009-08-06,1840.12,1848.08,1790.8,1816.84,7.70115769,79.9931494687
2009-08-07,1820.01,1834.62,1746.59,1752.5,6.16320044,63.8209112487
2009-08-10,1774.24,1799.91,1739.38,1780.95,5.09122839,53.6135952904
2009-08-11,1785.93,1786.02,1753.82,1773.05,3.49400523,36.969232854299996
2009-08-12,1764.81,1766.07,1669.69,1673.21,4.67040278,46.1505674728
2009-08-13,1678.83,1694.09,1656.65,1680.04,3.62914438,35.7347958764
2009-08-14,1680.09,1688.52,1609.19,1609.77,4.34421742,42.6727556476
2009-08-17,1592.36,1608.66,1521.49,1523.0,4.50837332,41.399360539
2009-08-18,1513.88,1548.46,1491.9,1541.07,3.2195679,29.7707741091
2009-08-19,1544.75,1557.25,1468.69,1478.88,3.88076844,35.175859037600006
2009-08-20,1484.97,1528.36,1477.82,1528.3,3.51826719,32.7023324424
2009-08-21,1529.77,1580.55,1521.24,1577.01,4.6059143,44.4399662361
2009-08-24,1580.3,1598.72,1559.94,1591.64,3.93676493,38.1257245773
2009-08-25,1593.22,1593.22,1509.2,1547.08,5.62125186,46.227353242700005
2009-08-26,1547.37,1650.12,1538.96,1627.13,6.34758578,59.7740049108
2009-08-27,1630.26,1667.6,1614.46,1655.66,7.00087755,63.3205663958
2009-08-28,1655.74,1660.78,1621.07,1630.62,6.13239497,54.6744265812
2009-08-31,1616.95,1635.84,1559.9,1562.53,5.4037544,50.0011993754
2009-09-01,1536.52,1560.83,1506.67,1529.23,3.99353591,35.7345647617
2009-09-02,1519.9,1522.18,1482.37,1509.11,3.10029515,26.8644797209
2009-09-03,1513.66,1579.37,1511.5,1574.39,4.13986119,36.5103245078
2009-09-04,1569.6,1645.54,1561.94,1620.23,5.96414453,55.333913523999996
2009-09-07,1615.99,1653.63,1615.99,1653.12,6.35223007,58.383842525
2009-09-08,1643.08,1667.41,1626.19,1666.27,5.22663647,51.752408843000005
2009-09-09,1669.07,1693.62,1647.69,1665.6,5.35767401,52.877437696899996
2009-09-10,1658.03,1685.56,1632.01,1666.49,4.94211414,47.7007063989
2009-09-11,1658.34,1692.12,1657.54,1679.01,4.41666286,44.2545577211
2009-09-14,1691.79,1760.04,1690.76,1743.3,7.7770293,78.5314899823
2009-09-15,1746.22,1769.0,1720.0,1752.59,7.59693369,75.1110815828
2009-09-16,1749.94,1760.87,1709.38,1737.34,6.17323559,63.7965499213
2009-09-17,1739.95,1768.54,1738.84,1759.47,6.42015449,62.2155893317
2009-09-18,1760.25,1772.08,1682.29,1695.01,6.59084282,64.5841616692
2009-09-21,1681.77,1707.25,1638.09,1705.87,4.57068347,43.3463632724
2009-09-22,1701.58,1707.15,1665.48,1665.48,3.7375441,36.8666176519
2009-09-23,1660.88,1676.68,1609.57,1618.79,3.5738023,33.4778459603
2009-09-24,1615.06,1629.42,1571.98,1606.62,3.39183232,29.78792453
2009-09-25,1605.7,1615.71,1588.22,1598.9,2.91149201,28.545829419
2009-09-28,1608.0,1619.39,1550.94,1557.22,2.96720037,28.5654917286
2009-09-29,1559.2,1571.21,1509.95,1536.08,2.92377753,25.960591054600002
2009-09-30,1549.27,1567.98,1545.41,1548.34,2.36838274,22.7694923448
2009-10-09,1582.36,1622.24,1577.36,1621.65,2.83756836,27.394894725
2009-10-12,1628.31,1662.04,1613.65,1645.05,3.61274926,35.7125282733
2009-10-13,1645.31,1674.72,1642.79,1674.13,4.08104791,39.3325726163
2009-10-14,1681.08,1703.71,1676.34,1684.36,4.91093957,48.6142675108
2009-10-15,1692.43,1699.86,1668.23,1672.34,3.53405425,34.06281908
2009-10-16,1676.34,1681.03,1643.15,1669.74,3.57415554,36.1557510015
2009-10-19,1665.63,1703.91,1660.05,1703.66,4.15998946,40.805895065
2009-10-20,1711.52,1737.2,1702.08,1737.2,6.34154721,62.418326898100005
2009-10-21,1733.59,1733.77,1709.76,1709.76,5.21653041,49.8654260451
2009-10-22,1706.57,1736.51,1706.57,1728.12,5.36514904,48.331315082799996
2009-10-23,1731.14,1762.83,1730.6,1760.79,6.33490914,63.29240550310001
2009-10-26,1757.58,1760.92,1729.33,1745.94,4.08506288,39.92687431
2009-10-27,1725.08,1728.15,1682.78,1682.78,4.34028874,41.3851215378
2009-10-28,1674.28,1696.52,1662.2,1696.06,3.00970876,28.9982244797
2009-10-29,1669.26,1674.92,1652.7,1655.54,3.4160274,34.8602529312
2009-10-30,1675.51,1713.44,1666.04,1682.63,4.7754739,47.855929942799996
2009-11-02,1646.67,1731.24,1638.61,1731.24,5.40853518,52.0774983563
2009-11-03,1722.89,1770.15,1721.66,1769.25,6.09724274,60.4270827075
2009-11-04,1781.77,1802.78,1766.6,1781.53,6.7292209,68.05635418920001
2009-11-05,1781.08,1811.52,1773.21,1807.04,7.17899136,65.4270756131
2009-11-06,1813.32,1813.32,1806.24,1806.24,7.09695592,65.3026320373
2009-11-09,1812.96,1861.06,1807.85,1855.52,7.10200345,74.6893781584
2009-11-10,1861.05,1875.37,1853.84,1863.68,7.32007876,77.2901254404
2009-11-11,1860.62,1880.78,1855.44,1872.96,6.48307378,63.1348190082
2009-11-12,1874.98,1895.25,1868.33,1876.29,6.46529691,60.2520804223
2009-11-13,1870.55,1886.01,1838.13,1886.01,6.76403385,67.1471132889
2009-11-16,1899.11,1931.39,1899.11,1929.27,8.36921612,88.02068160799999
2009-11-17,1939.93,1945.21,1918.39,1928.5,7.12786574,73.1518558946
2009-11-18,1927.17,1978.61,1923.33,1978.61,9.24177932,96.6631840913
2009-11-19,1977.33,2009.33,1966.83,2004.67,9.53737491,101.32506277639999
2009-11-20,1997.31,2027.61,1987.61,2012.19,8.53421808,92.7724489343
2009-11-23,2014.65,2071.89,2013.7,2071.86,9.62661871,101.7837933891
2009-11-24,2082.54,2096.33,1950.09,1959.06,11.91570326,130.1715052831
2009-11-25,1952.3,2044.52,1943.21,2042.8,8.47179913,91.3004087935
2009-11-26,2048.76,2061.57,1937.98,1954.95,10.60063467,115.2344134835
2009-11-27,1927.11,1951.34,1870.68,1883.01,6.88271451,69.8421672399
2009-11-30,1902.8,1992.53,1902.37,1992.35,7.01715458,73.280802108
2009-12-01,1992.73,2059.63,1984.98,2054.62,8.82900086,94.2402711939
2009-12-02,2060.47,2082.71,2045.67,2073.65,8.95738163,99.7099482134
2009-12-03,2065.97,2129.37,2056.04,2121.61,9.29860699,109.5903528834
2009-12-04,2124.29,2133.9,2011.54,2059.8,9.56363191,122.75603248780001
2009-12-07,2057.85,2128.28,2057.85,2119.87,7.59678933,91.629055735
2009-12-08,2116.05,2116.48,2061.25,2084.3,6.08950094,75.9472077029
2009-12-09,2059.28,2073.0,2034.17,2043.58,4.94710742,60.107025121599996
2009-12-10,2052.41,2066.58,2029.13,2059.11,4.11350377,51.1257763006
2009-12-11,2067.43,2113.25,2065.8,2076.78,6.36325685,75.7114415969
2009-12-14,2072.67,2074.45,2009.85,2052.95,4.88924351,57.8885753382
2009-12-15,2051.43,2076.08,2049.24,2058.76,4.17638738,53.5296072243
2009-12-16,2048.97,2061.39,2033.33,2038.44,3.82754141,46.378197605100006
2009-12-17,2036.48,2045.36,1959.61,1960.85,4.05538337,46.5182363915
2009-12-18,1941.1,1941.25,1895.46,1898.59,3.54725454,40.3759823412
2009-12-21,1897.38,1931.67,1895.63,1931.51,2.91921155,36.1310510057
2009-12-22,1934.56,1935.31,1864.42,1870.32,3.2099708,36.1812145821
2009-12-23,1871.81,1917.55,1870.36,1915.86,3.09832449,35.8613192907
2009-12-24,1915.84,1968.14,1912.63,1965.62,3.72421478,44.5112098768
2009-12-25,1962.36,1971.35,1947.63,1962.57,3.04908417,35.1967782566
2009-12-28,1972.97,2007.99,1972.39,2007.93,3.62374145,44.361876797
2009-12-29,2013.48,2023.96,1991.87,2022.74,4.15683643,50.6648706997
2009-12-30,2020.86,2021.95,1992.2,2010.06,4.04534294,48.328292596400004
2009-12-31,2009.92,2040.42,2006.13,2040.42,4.24709523,50.301356554399995
2010-01-04,2077.81,2116.72,2058.27,2058.27,7.47261064,93.538801961
2010-01-05,2058.97,2081.28,2029.86,2081.28,5.57213602,66.8002551484
2010-01-06,2073.86,2079.8,2048.5,2048.7,4.5146637,55.7774780953
2010-01-07,2046.22,2051.94,1988.88,1999.31,5.37469206,58.736165516099994
2010-01-08,1989.33,2019.09,1980.61,2018.81,3.72261285,42.0383147975
2010-01-11,2037.49,2040.4,2003.62,2019.45,4.03299735,46.8446975145
2010-01-12,2014.12,2087.97,2009.22,2086.19,5.79843779,72.2648181315
2010-01-13,2042.64,2089.57,2039.99,2063.99,6.73233767,81.5756094158
2010-01-14,2065.84,2107.74,2064.9,2107.74,5.58563689,70.0183628996
2010-01-15,2110.23,2115.17,2093.05,2112.89,4.74702157,59.0922682644
2010-01-18,2112.58,2156.66,2108.87,2156.66,6.92860238,81.3320659141
2010-01-19,2159.85,2166.49,2134.97,2150.32,7.51048245,84.1365027091
2010-01-20,2152.24,2153.66,2066.17,2073.38,7.1866242,83.4926637314
2010-01-21,2066.96,2095.86,2058.39,2082.02,5.21368051,62.795076566300004
2010-01-22,2057.23,2061.99,1993.81,2030.02,5.59180389,66.1670069168
2010-01-25,2023.94,2059.65,2020.26,2024.89,4.52511158,50.3474414366
2010-01-26,2028.79,2034.63,1929.17,1948.62,4.86434706,53.035049341400004
2010-01-27,1953.07,1997.46,1915.3,1955.8,4.88364712,55.0216552053
2010-01-28,1956.36,1981.26,1936.57,1981.26,4.79383913,53.987045844499995
2010-01-29,1966.77,2048.05,1963.39,2021.48,5.82119542,71.03666571689999
2010-02-01,2038.65,2057.1,2002.09,2004.88,7.47940736,90.24035050190001
2010-02-02,2002.67,2033.6,1994.84,1996.45,4.23191794,54.6703872602
2010-02-03,2003.58,2003.58,1911.2,1996.16,4.89296194,59.4961984733
2010-02-04,1992.45,2046.52,1971.14,2028.13,6.57515526,71.6873365922
2010-02-05,1995.51,2022.79,1972.73,1994.81,8.62425704,96.1135370949
2010-02-08,1987.36,2011.59,1982.79,2001.96,5.86215223,67.9045972344
2010-02-09,1991.34,2004.22,1974.43,1989.37,3.26595879,34.3991114862
2010-02-10,1987.89,2006.92,1984.43,2003.53,2.53047985,30.721470504299997
2010-02-11,1989.7,2007.18,1981.56,1985.16,2.94494741,35.890986612
2010-02-12,1976.64,2011.52,1976.64,2011.52,2.27659571,27.99036915
2010-02-22,2002.79,2059.69,2002.29,2041.38,3.87816589,47.9268183295
2010-02-23,2033.31,2080.86,2029.72,2079.97,4.38931415,55.0645407756
2010-02-24,2067.05,2106.61,2059.03,2105.87,7.78511591,90.9738226252
2010-02-25,2102.24,2137.05,2101.21,2133.53,7.35522267,90.6279364554
2010-02-26,2126.65,2143.87,2121.87,2132.22,6.50225972,77.2236045147
2010-03-01,2135.8,2176.44,2135.8,2166.54,8.29196386,101.4475481797
2010-03-02,2166.13,2168.53,2134.78,2160.93,6.71209078,80.5340766375
2010-03-03,2158.33,2252.52,2147.28,2245.09,10.8751011,136.51430805209998
2010-03-04,2250.1,2251.38,2118.5,2129.55,9.53767631,119.5905748957
2010-03-05,2130.24,2141.99,2097.67,2115.08,5.17023918,61.2826301091
2010-03-08,2118.76,2134.77,2107.48,2130.18,3.85829753,46.7451059116
2010-03-09,2121.85,2123.53,2094.09,2114.32,3.97753287,46.895116674899995
2010-03-10,2109.7,2123.44,2078.12,2086.9,4.28702439,50.696451950699995
2010-03-11,2082.16,2094.04,2049.1,2070.29,3.69410998,44.230411349200004
2010-03-12,2069.81,2078.02,2041.44,2042.18,3.34362932,40.2587561
2010-03-15,2041.07,2053.27,2029.35,2039.82,3.20358652,38.1195358571
2010-03-16,2040.08,2054.14,2024.64,2054.14,3.37309337,38.8296234954
2010-03-17,2058.93,2095.35,2057.0,2094.99,4.1893137,50.481943710900005
2010-03-18,2098.89,2102.34,2080.66,2091.11,3.86170426,46.532947254300005
2010-03-19,2090.19,2094.86,2068.52,2094.86,3.80122382,47.8288261767
2010-03-22,2104.66,2114.16,2089.39,2104.51,3.74726649,47.6483704995
2010-03-23,2116.98,2158.12,2116.88,2136.23,7.79907018,94.5607387171
2010-03-24,2139.95,2155.49,2125.07,2148.08,6.82519226,83.8848473731
2010-03-25,2141.54,2143.93,2090.53,2092.14,5.33200059,67.0185828538
2010-03-26,2081.76,2102.12,2065.8,2099.65,3.84745772,46.309670080699995
2010-03-29,2097.68,2111.0,2093.73,2108.27,3.88162235,49.237909421400005
2010-03-30,2107.8,2111.3,2098.14,2109.95,3.79956748,50.2213127126
2010-03-31,2108.21,2109.38,2095.72,2105.68,3.90710037,52.12067309
2010-04-01,2104.84,2130.43,2104.84,2130.43,5.21307532,65.160110889
2010-04-02,2131.51,2133.61,2122.2,2131.65,4.56869516,55.9092977031
2010-04-06,2137.14,2155.55,2129.56,2155.44,6.00392465,70.9872591562
2010-04-07,2151.83,2152.68,2136.07,2152.68,5.00652052,62.7591578755
2010-04-08,2149.91,2156.65,2138.16,2140.49,5.15300455,66.7292190818
2010-04-09,2145.26,2166.6,2144.01,2166.6,4.61359646,61.1777617041
2010-04-12,2170.49,2179.81,2162.2,2179.23,5.67259841,71.6268360383
2010-04-13,2182.59,2186.94,2107.43,2161.17,6.08058304,83.5225568101
2010-04-14,2159.78,2220.42,2151.22,2220.06,6.67589605,89.74460982139999
2010-04-15,2218.8,2245.24,2191.5,2213.02,5.68291982,81.02567029689999
2010-04-16,2200.91,2217.21,2181.98,2199.88,4.64241225,63.28558595
2010-04-19,2176.63,2189.97,2110.68,2110.94,6.07469972,78.7151522675
2010-04-20,2119.6,2151.48,2101.25,2150.34,6.12154717,81.53218386340001
2010-04-21,2147.86,2200.57,2138.94,2199.92,6.01745446,84.1536286546
2010-04-22,2192.22,2251.04,2177.84,2231.23,7.59390249,105.7632259903
2010-04-23,2225.56,2247.8,2207.56,2212.86,5.68958888,82.5986300543
2010-04-26,2212.28,2227.63,2203.59,2211.77,5.0789365,74.8150079095
2010-04-27,2207.32,2207.72,2117.14,2151.27,5.14550282,69.2445518427
2010-04-28,2121.83,2159.12,2108.82,2150.36,4.91798043,61.0898083517
2010-04-29,2156.02,2189.85,2100.3,2100.3,5.4465303,74.5925645316
2010-04-30,2096.01,2096.87,1992.43,2034.38,4.65442979,57.6734317228
2010-05-04,1997.46,2077.44,1985.8,2055.26,3.78595239,50.323453596099995
2010-05-05,2036.82,2139.95,2034.77,2139.95,5.2708015,70.671709725
2010-05-06,2140.84,2162.73,2095.49,2096.16,5.01577347,69.0268892251
2010-05-07,2052.64,2185.58,2040.7,2140.91,7.52265895,100.01227615549999
2010-05-10,2138.71,2177.88,2060.59,2090.8,6.01566484,79.8220843916
2010-05-11,2123.32,2132.57,2001.1,2011.78,5.5567252,74.1552857698
2010-05-12,1982.78,2008.56,1908.63,1924.44,4.97626188,60.980455818
2010-05-13,1910.75,1951.63,1860.03,1951.23,4.26850267,48.1863861795
2010-05-14,1939.89,1987.99,1916.89,1965.7,3.86111562,48.9326138739
2010-05-17,1937.69,1971.42,1866.2,1866.92,4.49040049,53.0295162377
2010-05-18,1851.31,1882.78,1819.44,1876.22,4.20697435,47.301892595
2010-05-19,1864.88,1907.13,1852.12,1881.32,3.61034716,42.849408035500005
2010-05-20,1866.76,1890.06,1817.78,1827.13,3.88942451,43.5755032915
2010-05-21,1771.64,1859.77,1764.64,1859.75,3.74573676,44.2106524167
2010-05-24,1875.83,1941.83,1875.67,1936.98,4.79181775,57.883995802600005
2010-05-25,1926.38,1942.14,1904.06,1919.69,4.12309228,46.5063712942
2010-05-26,1912.05,1934.4,1896.8,1922.16,2.86282048,38.2565587898
2010-05-27,1915.88,1971.09,1899.95,1969.19,4.3112811,51.1381404207
2010-05-28,1981.55,1984.74,1949.81,1972.27,4.3109227,51.423594701099994
2010-05-31,1962.23,1989.32,1923.09,1923.09,4.02200123,46.862081916
2010-06-01,1894.59,1909.09,1829.69,1877.58,3.38156416,38.4820461889
2010-06-02,1869.41,1895.82,1842.7,1895.82,2.57134281,28.6840956649
2010-06-03,1907.39,1945.05,1896.99,1897.06,3.71939518,47.2813836232
2010-06-04,1882.36,1911.84,1874.9,1907.18,2.99229552,34.0809925407
2010-06-07,1863.77,1898.02,1859.09,1892.17,2.68685911,32.4536103773
2010-06-08,1885.63,1912.58,1881.82,1909.94,2.77812606,35.6651535405
2010-06-09,1915.83,1948.41,1909.89,1948.41,3.59841742,44.2248102777
2010-06-10,1941.79,1994.59,1939.07,1974.9,4.05245198,50.80026906649999
2010-06-11,1980.14,1985.16,1952.13,1954.99,3.01287818,35.881122696700004
2010-06-17,1964.59,1971.44,1930.61,1931.02,2.0142759,26.1740063297
2010-06-18,1926.75,1927.45,1840.34,1855.68,2.33538242,29.5217365917
2010-06-21,1854.06,1916.72,1840.05,1916.72,2.58293824,28.843512601700002
2010-06-22,1916.27,1947.1,1908.89,1933.09,3.69855841,39.5005349854
2010-06-23,1922.81,1942.18,1898.91,1932.25,3.57240637,38.5485414646
2010-06-24,1926.08,1936.09,1913.33,1927.64,2.29215769,25.7254180423
2010-06-25,1919.5,1923.97,1883.77,1900.09,2.13255836,24.270115109000002
2010-06-28,1900.27,1908.35,1856.79,1863.01,1.84051897,20.7382945353
2010-06-29,1860.83,1869.51,1755.32,1755.59,3.30304905,34.7792798145
2010-06-30,1734.63,1737.38,1687.32,1707.82,2.28238181,23.8500155404
2010-07-01,1701.44,1716.67,1669.98,1675.63,1.79357637,17.6447267606
2010-07-02,1668.47,1672.2,1576.2,1648.22,2.63105513,26.4284734236
2010-07-05,1626.11,1645.34,1599.02,1631.07,1.72190415,16.981999905
2010-07-06,1624.47,1682.24,1624.43,1682.01,2.31734202,23.344410094
2010-07-07,1683.31,1714.92,1676.36,1714.76,2.56167483,24.841417745500003
2010-07-08,1718.84,1724.71,1686.79,1702.63,2.15391157,21.765124056999998
2010-07-09,1701.76,1756.77,1697.01,1748.73,3.33256057,34.5138961982
2010-07-12,1749.37,1779.38,1747.04,1772.25,3.30511768,34.7978003335
2010-07-13,1756.65,1767.56,1742.36,1758.49,2.71456675,30.963202356799997
2010-07-14,1763.07,1784.89,1753.86,1772.37,2.88262474,31.0085051086
2010-07-15,1765.62,1777.86,1723.15,1724.43,2.47178844,26.58340563
2010-07-16,1715.6,1731.82,1695.09,1729.87,2.24333989,24.6829205306
2010-07-19,1709.28,1767.16,1700.37,1763.32,2.76602111,29.665207079400002
2010-07-20,1764.34,1808.51,1764.34,1807.87,4.45366961,48.9876335957
2010-07-21,1803.01,1828.63,1796.96,1815.98,4.07770938,44.590556865799996
2010-07-22,1809.06,1832.65,1804.26,1831.13,3.41222869,39.1685038465
2010-07-23,1830.76,1847.1,1815.39,1838.78,3.75207126,44.3174718284
2010-07-26,1838.49,1882.28,1832.09,1879.91,4.50641499,54.538167151
2010-07-27,1873.63,1900.03,1861.09,1886.31,4.12302121,48.494295736400005
2010-07-28,1881.18,1938.64,1878.89,1927.81,5.2995018,58.47679333479999
2010-07-29,1929.57,1938.31,1906.92,1937.61,4.45614434,52.138599853500004
2010-07-30,1932.89,1951.64,1918.59,1941.66,3.80636876,46.635396803199995
2010-08-02,1942.84,1980.33,1942.84,1978.7,4.6776708,57.502742847600004
2010-08-03,1980.07,1993.57,1948.54,1948.54,4.7590629,58.8034739199
2010-08-04,1941.93,2002.29,1941.93,2002.29,4.68252893,59.2004325818
2010-08-05,2004.52,2054.74,1999.22,2031.93,5.87809263,75.2344266201
2010-08-06,2037.05,2122.09,2036.98,2120.5,8.1532332,103.20537729850001
2010-08-09,2132.67,2186.35,2132.66,2161.59,9.03486005,113.30048145129999
2010-08-10,2159.27,2159.27,2084.83,2095.93,6.57821363,83.1913455671
2010-08-11,2087.07,2122.27,2082.01,2107.45,4.24823329,54.1412275833
2010-08-12,2083.13,2120.78,2073.34,2080.64,4.85605477,61.22682602020001
2010-08-13,2082.16,2105.12,2053.03,2104.92,4.02813203,51.6238853586
2010-08-16,2105.46,2149.94,2101.02,2144.68,4.91759077,63.46436020229999
2010-08-17,2145.61,2152.51,2114.62,2133.34,4.23195213,54.612111750100006
2010-08-18,2134.66,2142.76,2101.26,2130.68,4.17152479,54.108076278999995
2010-08-19,2129.02,2150.5,2117.09,2142.59,5.1370238,70.1210318587
2010-08-20,2132.15,2133.65,2082.89,2085.33,4.56986632,60.1732137478
2010-08-23,2083.77,2105.8,2076.52,2090.35,3.33437119,43.686280283
2010-08-24,2086.63,2133.36,2075.79,2123.2,4.46038963,55.372420756000004
2010-08-25,2109.91,2117.68,2070.26,2072.09,3.73364539,47.2787100861
2010-08-26,2070.75,2093.93,2063.49,2090.42,3.08150581,40.5164407962
2010-08-27,2091.7,2140.23,2091.69,2135.03,3.76399372,57.4223647344
2010-08-30,2147.18,2198.28,2141.66,2188.89,5.21098051,74.5071475923
2010-08-31,2182.74,2207.05,2173.93,2199.46,4.73058276,66.7070774641
2010-09-01,2202.58,2221.56,2137.42,2176.34,4.98943949,73.11356077890001
2010-09-02,2188.7,2211.06,2169.14,2204.17,5.02644756,71.6033386958
2010-09-03,2205.93,2233.85,2191.6,2216.52,6.78991658,90.7430640368
2010-09-06,2227.22,2241.23,2196.78,2200.01,5.62278921,75.0387463251
2010-09-07,2202.67,2248.08,2176.12,2246.78,5.21220017,74.280082358
2010-09-08,2238.48,2262.82,2228.49,2258.45,5.36227482,73.9964188042
2010-09-09,2259.14,2267.26,2216.1,2221.61,4.79487602,63.8971669248
2010-09-10,2218.47,2231.78,2186.53,2230.11,4.03387072,54.3238657726
2010-09-13,2244.98,2297.14,2244.96,2285.56,5.43270437,74.75551248229999
2010-09-14,2291.28,2294.68,2274.34,2284.91,4.29620816,59.53781284229999
2010-09-15,2292.17,2294.94,2248.45,2259.5,4.63643384,59.8476893294
2010-09-16,2262.73,2262.73,2180.89,2203.68,4.60297593,60.8760263268
2010-09-17,2204.93,2215.79,2183.06,2203.39,2.81875329,38.3824768634
2010-09-20,2221.72,2265.39,2218.26,2223.57,3.23726809,45.9535164403
2010-09-21,2236.6,2246.66,2195.12,2215.06,3.50566041,51.5771684529
2010-09-27,2243.38,2296.74,2238.16,2296.74,4.47403753,65.690235742
2010-09-28,2310.79,2310.79,2284.55,2296.29,4.96032193,69.7066768464
2010-09-29,2292.69,2313.12,2276.16,2285.16,4.19991642,59.7703602317
2010-09-30,2277.85,2329.7,2270.72,2329.6,3.49409782,50.00271433899999
2010-10-08,2350.94,2410.87,2350.84,2397.7,5.50611504,77.48181219840001
2010-10-11,2443.36,2575.45,2443.21,2528.12,11.01484223,157.7567275566
2010-10-12,2517.29,2538.52,2486.72,2515.56,7.01324173,106.6532421494
2010-10-13,2510.83,2537.59,2488.17,2521.83,6.60326082,102.6580461831
2010-10-14,2517.37,2518.62,2421.01,2421.99,7.64013534,113.4475179474
2010-10-15,2396.34,2421.78,2374.06,2384.11,6.33803306,93.2244360933
2010-10-18,2380.57,2380.64,2253.86,2287.01,6.37343869,91.82781237620001
2010-10-19,2283.44,2367.44,2280.97,2367.13,4.32451643,60.0937451654
2010-10-20,2322.22,2440.96,2310.02,2439.09,7.20075744,96.05786666540001
2010-10-21,2457.54,2469.8,2406.82,2439.32,5.29240173,76.3490186569
2010-10-22,2436.42,2458.91,2415.64,2447.89,5.37471102,70.99320057189999
2010-10-25,2456.11,2538.61,2449.21,2538.44,7.53559318,106.26055891729999
2010-10-26,2537.43,2541.08,2496.7,2524.67,6.58639734,90.4491860275
2010-10-27,2519.52,2551.2,2488.91,2501.02,5.72820335,81.33865756109999
2010-10-28,2496.58,2505.61,2469.33,2497.29,5.20999321,74.8927585396
2010-10-29,2498.86,2521.22,2484.61,2517.79,5.23609943,73.9513523142
2010-11-01,2533.26,2602.58,2533.22,2602.58,7.42656705,107.54465577110001
2010-11-02,2614.16,2642.9,2583.4,2584.62,9.22499217,138.6055918603
2010-11-03,2586.7,2667.93,2577.67,2622.2,9.49534377,137.1285008976
2010-11-04,2624.95,2684.67,2623.52,2684.67,9.36498351,127.9939264208
2010-11-05,2722.77,2733.6,2688.53,2716.53,10.39267894,144.8081545374
2010-11-08,2733.13,2840.23,2733.13,2834.49,11.15798346,163.1769551926
2010-11-09,2848.49,2849.7,2810.61,2834.36,10.48121325,137.67493350290002
2010-11-10,2822.32,2878.78,2814.73,2828.24,9.76593705,139.1369857829
2010-11-11,2811.76,2855.91,2793.5,2793.94,9.4681305,139.2322026372
2010-11-12,2776.91,2787.73,2592.9,2599.74,8.91071384,127.0437806685
2010-11-15,2603.57,2658.21,2577.34,2658.21,5.69360096,83.0890275619
2010-11-16,2659.48,2713.55,2565.96,2591.98,7.90715794,112.07085798450001
2010-11-17,2547.75,2565.09,2454.74,2465.7,4.94096498,68.5035967548
2010-11-18,2475.38,2498.84,2414.65,2489.24,4.52110696,66.382452984
2010-11-19,2502.15,2535.63,2454.7,2535.63,4.90872647,72.5152015505
2010-11-22,2518.25,2579.5,2508.36,2561.86,5.37362763,84.4496901843
2010-11-23,2532.55,2544.13,2434.57,2494.64,4.98527272,73.1268439973
2010-11-24,2479.35,2549.74,2477.21,2549.43,4.26890095,64.8902180072
2010-11-25,2555.64,2572.08,2542.59,2567.77,4.81577147,69.5557623703
2010-11-26,2562.7,2564.28,2521.84,2554.57,4.13892497,58.4766566099
2010-11-29,2547.75,2547.75,2500.34,2539.97,4.57750247,66.0244782909
2010-11-30,2535.03,2539.68,2401.0,2483.52,5.78427496,75.4198107031
2010-12-01,2476.39,2505.57,2471.75,2497.56,3.70930601,54.39579875689999
2010-12-02,2527.32,2543.12,2502.61,2525.2,4.2318199,61.4872178504
2010-12-03,2521.24,2525.4,2482.57,2519.49,3.94832897,54.570478174499996
2010-12-06,2536.64,2541.75,2465.68,2477.15,3.43402101,48.254590871000005
2010-12-07,2467.91,2509.09,2422.2,2502.24,3.83868279,59.120022635299996
2010-12-08,2495.88,2511.62,2469.59,2475.25,3.48083829,51.2754922695
2010-12-09,2466.54,2466.82,2411.73,2411.78,3.03318929,43.9284439921
2010-12-10,2402.51,2427.55,2383.69,2421.82,2.60505279,35.6868698536
2010-12-13,2439.41,2493.1,2439.06,2493.1,3.77192643,56.24765146560001
2010-12-14,2499.66,2609.38,2496.73,2608.76,6.31404233,98.17689629370001
2010-12-15,2614.11,2665.75,2597.58,2606.77,5.73275948,92.1408630089
2010-12-16,2600.38,2611.24,2577.46,2601.77,3.86521953,59.155008171700004
2010-12-17,2594.29,2607.88,2576.64,2607.88,2.98273372,46.4258704588
2010-12-20,2636.41,2675.59,2564.12,2671.92,7.87961242,114.0414773906
2010-12-21,2682.74,2685.21,2638.7,2664.8,6.09922266,89.445962362
2010-12-22,2658.76,2659.82,2617.46,2626.47,4.73255543,67.148010032
2010-12-23,2621.28,2634.55,2549.12,2551.49,3.83711427,56.678438911499995
2010-12-24,2533.22,2533.82,2457.17,2486.57,3.22865267,47.9126383737
2010-12-27,2479.59,2508.55,2403.97,2420.08,3.47323038,56.593841797299994
2010-12-28,2403.37,2406.71,2337.77,2373.39,3.40075132,46.313087365200005
2010-12-29,2376.14,2409.7,2360.11,2409.7,2.42942034,34.835347741599996
2010-12-30,2406.52,2422.26,2379.72,2410.57,2.51358578,37.8617888975
2010-12-31,2417.47,2470.21,2416.61,2470.21,2.89955484,44.208318743599996
2011-01-04,2484.99,2519.28,2474.76,2519.28,3.92206676,59.894883525299996
2011-01-05,2499.49,2514.07,2487.9,2504.71,3.56139752,55.6917886205
2011-01-06,2500.65,2509.65,2477.59,2478.67,3.01850799,46.6947794406
2011-01-07,2473.05,2484.68,2441.2,2458.92,2.91012863,42.8622672667
2011-01-10,2457.35,2470.41,2394.54,2403.14,2.76055828,40.5670770226
2011-01-11,2379.96,2384.46,2342.96,2373.8,2.65313513,38.9688615449
2011-01-12,2381.9,2397.89,2354.32,2397.89,2.25753414,31.5793471683
2011-01-13,2403.99,2405.53,2377.69,2394.11,1.86064497,28.26373076
2011-01-14,2390.52,2391.16,2335.45,2345.03,3.37028023,46.8585301713
2011-01-17,2326.88,2327.36,2215.4,2226.19,4.10716893,55.1445090333
2011-01-18,2214.08,2232.28,2190.23,2231.35,2.98925112,38.5072493252
2011-01-19,2230.13,2280.03,2219.64,2279.82,3.26449657,43.2268459369
2011-01-20,2274.25,2278.81,2205.82,2211.21,3.76922264,49.407798977
2011-01-21,2199.42,2233.05,2178.1,2220.09,3.71531764,51.033827092399996
2011-01-24,2223.19,2229.84,2153.11,2153.46,3.0840967,44.1345213253
2011-01-25,2150.7,2152.53,2093.68,2112.36,2.70042679,34.0982551313
2011-01-26,2110.24,2152.39,2109.65,2152.39,2.30600325,31.657120053699998
2011-01-27,2146.49,2208.95,2131.35,2208.95,3.06000196,39.7297672861
2011-01-28,2207.29,2256.25,2202.95,2248.92,3.78439728,47.759934521999995
2011-01-31,2248.01,2293.06,2247.13,2289.41,3.92609288,53.0345421839
2011-02-01,2289.51,2298.36,2277.09,2294.71,3.2007793,44.5611733597
2011-02-09,2290.41,2399.72,2290.25,2364.64,6.37371123,82.82167891579999
2011-02-10,2388.06,2442.26,2388.06,2440.26,7.47161607,101.7864532343
2011-02-11,2456.97,2457.13,2413.89,2437.91,6.6931237,93.3512210928
2011-02-14,2440.13,2467.49,2431.86,2467.12,6.54845127,91.01163726860001
2011-02-15,2475.3,2499.18,2472.26,2475.48,7.26369112,100.8373624915
2011-02-16,2470.69,2505.0,2470.69,2505.0,6.01510232,87.5644432267
2011-02-17,2512.14,2526.93,2479.7,2522.92,7.25102586,103.15370286870001
2011-02-18,2515.6,2515.71,2459.68,2463.35,6.11609198,91.2563908334
2011-02-21,2448.83,2519.06,2448.68,2519.06,5.33174196,80.654959765
2011-02-22,2523.67,2565.01,2487.72,2529.45,8.15718027,123.68448863959999
2011-02-23,2523.02,2541.41,2484.95,2518.22,6.02748219,95.48428386350001
2011-02-24,2511.47,2518.51,2487.76,2515.52,5.21023648,71.1132948617
2011-02-25,2509.21,2526.61,2481.26,2518.73,4.62064669,66.0430007235
2011-02-28,2527.87,2551.71,2522.82,2551.64,5.23877956,74.5120003208
2011-03-01,2554.45,2561.67,2526.95,2561.67,6.60552694,89.7807764194
2011-03-02,2548.53,2548.77,2500.49,2548.2,6.0206419,82.6183929981
2011-03-03,2552.88,2555.13,2477.96,2478.27,5.18877002,71.7209941408
2011-03-04,2477.07,2502.54,2463.89,2502.36,4.021828,54.8262339125
2011-03-07,2508.37,2522.87,2503.35,2522.86,4.7123521,66.5531616329
2011-03-08,2523.8,2528.85,2503.71,2520.77,5.48144669,81.4883308119
2011-03-09,2520.75,2549.14,2519.95,2543.42,6.1317805,91.9232710683
2011-03-10,2539.28,2541.72,2511.04,2511.54,5.04058843,73.4443550078
2011-03-11,2494.29,2522.61,2487.77,2491.08,4.98735994,71.4805519221
2011-03-14,2478.8,2490.01,2461.36,2490.01,4.15014725,61.3192722007
2011-03-15,2485.59,2485.59,2404.85,2451.48,5.22862667,75.4661316002
2011-03-16,2448.11,2474.58,2438.24,2474.58,4.20180812,60.668515310500005
2011-03-17,2453.81,2480.09,2429.55,2449.34,6.03892656,79.4831071691
2011-03-18,2468.38,2478.66,2450.83,2459.15,4.9430263,66.3619861168
2011-03-21,2457.48,2466.97,2423.77,2436.76,3.94913914,55.0741656609
2011-03-22,2439.73,2446.69,2401.03,2434.96,4.16640493,59.3064041593
2011-03-23,2432.88,2454.03,2425.95,2453.98,3.65935134,54.1714158537
2011-03-24,2459.66,2472.09,2444.93,2460.09,4.2339265,60.946565273800005
2011-03-25,2459.65,2472.21,2453.81,2462.58,4.98669421,67.6714292539
2011-03-28,2462.54,2463.78,2421.33,2426.73,5.90701113,82.6223581
2011-03-29,2417.13,2417.64,2374.23,2381.98,6.06293583,83.983400577
2011-03-30,2376.48,2384.07,2351.35,2354.64,4.69627641,60.023762855200005
2011-03-31,2357.65,2365.52,2328.06,2332.63,4.57767351,56.1849123684
2011-04-01,2337.62,2355.76,2326.97,2355.76,3.20265624,40.7606916438
2011-04-06,2354.52,2362.07,2335.35,2348.03,5.08055053,69.3638155496
2011-04-07,2338.86,2383.77,2335.64,2383.77,7.1341301,92.8728551099
2011-04-08,2378.37,2402.4,2370.79,2402.08,5.39754616,72.27243913630001
2011-04-11,2407.01,2413.34,2391.77,2396.61,6.7021278,90.72713501860001
2011-04-12,2387.26,2406.25,2383.46,2402.39,4.95408582,69.2643191928
2011-04-13,2393.23,2420.86,2381.15,2420.86,4.28929181,60.9028112343
2011-04-14,2428.34,2462.95,2422.22,2448.41,6.17653005,93.16793293319999
2011-04-15,2448.79,2448.81,2407.24,2430.4,5.41892514,75.9667362353
2011-04-18,2424.59,2440.77,2418.09,2440.75,5.36697177,75.5929288906
2011-04-19,2429.3,2466.07,2424.76,2432.66,6.55930621,92.19082865530001
2011-04-20,2432.93,2436.53,2417.97,2431.21,4.18206806,59.2497070508
2011-04-21,2436.19,2440.88,2415.12,2425.22,4.2115083,57.780796557600006
2011-04-22,2422.1,2431.93,2409.86,2429.57,5.5234081,74.1885977114
2011-04-25,2420.22,2420.5,2372.27,2372.68,4.99755907,67.8537686441
2011-04-26,2361.05,2362.12,2326.05,2330.26,3.79514193,48.6222058292
2011-04-27,2331.61,2343.35,2293.07,2306.91,4.02469426,49.830296885200006
2011-04-28,2313.24,2318.36,2236.3,2240.54,4.08433139,49.7179130941
2011-04-29,2234.62,2263.69,2226.12,2263.51,2.85508174,34.7059739566
2011-05-03,2266.85,2298.49,2259.57,2298.49,3.1897146,39.5458127542
2011-05-04,2289.56,2289.94,2238.59,2246.15,3.44563024,42.1815434338
2011-05-05,2234.78,2261.94,2230.49,2253.91,3.21505327,40.5224640449
2011-05-06,2222.8,2254.79,2215.76,2248.98,2.63927019,33.9711752523
2011-05-09,2250.69,2276.68,2250.69,2272.12,3.36717244,43.699299316099996
2011-05-10,2273.18,2290.77,2261.54,2290.7,3.1754081,40.9050541984
2011-05-11,2299.3,2311.07,2290.5,2295.28,3.63212445,47.6024816482
2011-05-12,2276.28,2282.84,2253.6,2253.6,3.09135276,39.9294534466
2011-05-13,2251.03,2269.11,2238.94,2269.11,3.21494704,37.618562205399996
2011-05-16,2267.95,2277.17,2260.76,2263.07,2.88790788,36.8441481858
2011-05-17,2261.84,2288.62,2249.2,2275.2,3.78869456,47.1981260147
2011-05-18,2267.92,2293.04,2263.03,2293.04,3.24318499,40.0109722447
2011-05-19,2297.77,2303.49,2279.57,2283.13,3.43521747,42.3212094218
2011-05-20,2270.14,2278.05,2262.93,2270.72,2.8118053,36.7929713105
2011-05-23,2264.8,2282.38,2208.19,2208.19,5.15891594,59.1795733779
2011-05-24,2191.94,2197.13,2158.94,2197.0,4.24480599,49.2358062136
2011-05-25,2195.06,2230.82,2189.25,2195.78,4.32531593,49.0281087374
2011-05-26,2210.49,2256.24,2209.48,2220.51,6.2848059,71.81809979260001
2011-05-27,2219.45,2224.62,2151.5,2158.68,5.11561738,58.8417497261
2011-05-30,2147.04,2173.2,2140.14,2146.26,4.32360864,49.000778670200006
2011-05-31,2138.57,2174.54,2123.54,2174.54,4.7716819,54.2033505666
2011-06-01,2168.54,2229.35,2160.2,2213.57,6.4803443,75.914017437
2011-06-02,2178.19,2196.67,2150.22,2181.17,5.63333551,66.3256790647
2011-06-03,2180.22,2214.03,2180.07,2208.3,4.35740533,52.7477546355
2011-06-07,2201.12,2215.71,2197.47,2215.71,4.15439981,49.2303773339
2011-06-08,2214.45,2237.59,2196.36,2236.83,5.19847486,60.9787478624
2011-06-09,2228.42,2230.34,2173.31,2173.31,4.80279725,56.5106465992
2011-06-10,2164.94,2175.04,2131.49,2172.48,4.02817366,46.5382789602
2011-06-13,2150.67,2153.71,2126.45,2148.38,3.33775667,35.8585870016
2011-06-14,2146.28,2182.19,2146.28,2178.7,3.99296524,45.7268580964
2011-06-15,2178.27,2200.26,2172.81,2173.37,4.27778132,49.044960651000004
2011-06-16,2151.76,2153.49,2120.01,2125.5,3.98144788,44.5027985928
2011-06-17,2121.76,2145.16,2092.53,2094.3,4.03400308,43.747222952399994
2011-06-20,2089.78,2090.28,2042.69,2049.9,3.15976735,34.8712243714
2011-06-21,2054.14,2068.01,2032.15,2068.01,2.767437,30.6121952563
2011-06-22,2070.49,2073.01,2052.64,2062.3,3.18175614,34.739234328
2011-06-23,2055.99,2091.38,2029.44,2085.97,3.20255337,35.4113279115
2011-06-24,2076.96,2152.05,2073.76,2142.91,5.34836271,63.6139517956
2011-06-27,2144.16,2187.97,2144.04,2187.82,5.77609537,69.4469726895
2011-06-28,2188.91,2191.29,2171.86,2183.99,4.44798028,54.2247433954
2011-06-29,2183.58,2196.76,2154.0,2154.0,3.88283298,46.5568585871
2011-06-30,2153.89,2184.07,2153.89,2183.31,3.28188055,39.8938875535
2011-07-01,2189.11,2211.49,2183.31,2199.57,3.96610256,48.6436014558
2011-07-04,2204.39,2262.91,2204.39,2262.88,6.12172055,72.5758268395
2011-07-05,2275.73,2281.63,2255.94,2276.75,5.91421688,72.5419803699
2011-07-06,2275.03,2283.03,2253.62,2282.48,5.64498684,66.3390156606
2011-07-07,2279.52,2309.07,2269.13,2292.08,5.82545013,76.1635877282
2011-07-08,2289.09,2303.46,2282.13,2295.91,4.62553104,56.15940525
2011-07-11,2296.11,2317.82,2289.58,2313.87,5.49951155,67.86359502890001
2011-07-12,2298.34,2323.06,2286.19,2303.16,7.13580321,89.1702330802
2011-07-13,2301.12,2356.03,2301.12,2355.12,6.2562973,84.4692239666
2011-07-14,2366.65,2388.54,2359.43,2384.18,7.14685964,95.7710091836
2011-07-15,2373.23,2390.91,2369.82,2390.63,6.35949428,84.93645546319999
2011-07-18,2394.54,2400.64,2381.85,2400.28,6.10701516,80.1899435038
2011-07-19,2389.48,2391.01,2364.48,2372.15,5.4220988,71.65634591989999
2011-07-20,2378.67,2386.57,2359.85,2382.82,5.28615659,69.2478086151
2011-07-21,2382.97,2383.43,2351.57,2353.35,5.05726078,64.2626610901
2011-07-22,2354.88,2365.89,2344.78,2355.85,4.41103302,56.9361686577
2011-07-25,2358.6,2358.68,2259.64,2271.24,5.89837393,74.5301821939
2011-07-26,2260.17,2277.4,2247.14,2277.12,3.99196455,49.246532322
2011-07-27,2267.45,2313.69,2256.94,2309.67,3.87972273,50.7643683325
2011-07-28,2285.76,2296.51,2274.27,2291.99,3.47674978,46.421541637
2011-07-29,2290.37,2300.3,2260.09,2268.07,3.686932,48.17824171979999
2011-08-01,2262.82,2283.14,2256.32,2272.8,2.71609568,37.358432435
2011-08-02,2270.84,2282.65,2241.8,2282.65,3.93102713,53.425038648500006
2011-08-03,2259.09,2315.93,2258.61,2305.28,4.33301243,65.86980321729999
2011-08-04,2306.57,2319.62,2292.38,2299.99,3.37035283,49.520125764300005
2011-08-05,2226.36,2282.11,2208.2,2266.83,4.26447508,62.838502321099995
2011-08-08,2236.91,2250.56,2129.76,2192.84,5.69080214,83.11823541140001
2011-08-09,2122.07,2206.88,2084.64,2185.49,5.7263471,82.58912873119999
2011-08-10,2219.99,2253.52,2216.19,2226.51,5.1165083,78.8212860428
2011-08-11,2184.37,2275.01,2182.69,2274.63,5.10001732,80.4965910141
2011-08-12,2285.16,2300.66,2281.9,2288.39,4.80122462,77.5554248525
2011-08-15,2295.03,2317.38,2289.86,2313.52,4.40450168,64.3784106661
2011-08-16,2314.45,2316.53,2284.58,2291.27,4.1484316,59.679000483100005
2011-08-17,2283.9,2299.06,2271.73,2286.49,3.64282375,52.7028389556
2011-08-18,2284.78,2296.9,2243.65,2244.84,4.029327,56.785106445299995
2011-08-19,2202.07,2220.9,2186.51,2210.24,3.15047815,44.8485370722
2011-08-22,2209.17,2230.07,2185.97,2194.43,2.54011286,34.119234978899996
2011-08-23,2199.28,2223.3,2189.72,2223.3,2.62520282,37.6269343381
2011-08-24,2233.0,2241.23,2203.67,2208.23,3.23066201,45.4648508958
2011-08-25,2209.16,2255.22,2207.18,2255.0,4.74155231,59.5377385066
2011-08-26,2248.24,2257.36,2238.35,2251.38,3.21677785,44.647061587799996
2011-08-29,2247.36,2284.98,2241.3,2274.24,3.89431399,61.1459104301
2011-08-30,2287.25,2310.43,2254.36,2255.67,4.18604098,57.1642894766
2011-08-31,2253.4,2270.98,2235.34,2247.11,4.27043326,57.77096949
2011-09-01,2254.07,2255.14,2211.24,2221.18,3.43929188,47.1813196679
2011-09-02,2213.47,2219.44,2178.2,2183.27,3.03905759,38.5123125259
2011-09-05,2162.74,2162.9,2134.19,2140.94,2.58256679,32.8464223861
2011-09-06,2125.61,2145.49,2113.94,2131.55,2.13683933,27.294926445100003
2011-09-07,2143.29,2186.05,2141.55,2186.05,2.7699517,35.9800028508
2011-09-08,2193.99,2197.19,2167.61,2167.99,2.56179188,34.8003388038
2011-09-09,2169.31,2200.43,2164.71,2173.24,2.32807855,33.7277197214
2011-09-13,2143.15,2144.13,2123.51,2135.66,2.19883993,27.1870633006
2011-09-14,2146.31,2151.46,2086.6,2139.18,2.55257622,33.266536799899995
2011-09-15,2141.78,2155.56,2135.71,2141.2,2.75347855,33.19738667
2011-09-16,2147.91,2156.77,2129.87,2130.7,2.03166269,26.4138862235
2011-09-19,2124.76,2125.34,2098.72,2098.97,1.97939683,25.914759883200002
2011-09-20,2092.77,2115.93,2082.63,2104.42,1.99666441,27.027699648800002
2011-09-21,2106.07,2162.68,2096.73,2162.32,3.45012573,43.5114298316
2011-09-22,2143.28,2165.83,2110.86,2111.36,3.03761479,38.8684292812
2011-09-23,2072.73,2103.23,2062.88,2091.07,2.56405607,30.3761666786
2011-09-26,2078.04,2096.46,2048.67,2055.01,1.88766106,23.4612517873
2011-09-27,2070.68,2077.95,2035.23,2052.27,1.81235311,22.3981896053
2011-09-28,2062.11,2067.35,2006.03,2012.24,2.0845028,26.559974162600003
2011-09-29,2001.93,2002.46,1936.81,1939.17,2.29807628,26.3264055225
2011-09-30,1940.65,1951.5,1907.52,1928.39,1.5478388,18.616921817999998
2011-10-10,1936.2,1943.48,1912.4,1918.32,1.19676419,14.1694831148
2011-10-11,1960.78,1968.78,1884.19,1901.73,1.84187792,23.3246518468
2011-10-12,1895.66,1963.01,1883.28,1963.0,2.66440136,32.2641677122
2011-10-13,1963.11,1998.7,1957.87,1991.81,3.13871587,39.5815204206
2011-10-14,1989.2,1993.22,1968.3,1984.97,2.18715132,27.1245123004
2011-10-17,1992.18,2003.91,1982.43,1994.34,2.10670824,27.7144552526
2011-10-18,1980.72,1992.87,1951.39,1953.0,2.93242667,40.4643878865
2011-10-19,1956.36,1962.73,1933.68,1940.78,1.97239669,25.0899230873
2011-10-20,1929.8,1930.97,1872.13,1884.98,2.20973748,27.498883164699997
2011-10-21,1882.44,1886.41,1845.26,1849.19,1.77855687,22.097739520799998
2011-10-24,1851.44,1872.16,1815.89,1872.16,2.06747244,24.6926453055
2011-10-25,1869.35,1923.18,1866.01,1921.61,2.90864075,36.2032538342
2011-10-26,1907.63,1949.77,1904.27,1939.42,3.40982897,41.3557236234
2011-10-27,1941.29,1959.71,1933.02,1942.37,2.83327475,35.0586305108
2011-10-28,1962.72,1980.06,1952.06,1980.06,3.68276626,44.925194463900006
2011-10-31,1978.87,2018.16,1972.22,2014.0,4.07799602,52.8237885803
2011-11-01,1996.17,2035.26,1990.21,2016.34,3.99092086,52.1942980533
2011-11-02,1986.68,2045.09,1978.98,2045.09,3.93552186,53.7541925179
2011-11-03,2057.2,2102.43,2057.17,2071.44,6.40686184,90.6065755165
2011-11-04,2077.24,2111.73,2067.14,2102.49,5.48083789,72.15355028100001
2011-11-07,2096.04,2117.91,2086.55,2095.91,3.9212351,50.7473559694
2011-11-08,2093.67,2096.11,2058.23,2061.48,3.19550325,40.6893928781
2011-11-09,2067.49,2095.33,2050.25,2095.33,3.37805555,45.1445679456
2011-11-10,2070.88,2092.95,2065.14,2074.77,4.00485339,54.6535297454
2011-11-11,2071.72,2090.37,2065.76,2073.8,3.00915244,38.8855967971
2011-11-14,2084.8,2122.0,2084.78,2122.0,3.7775093,49.7098009462
2011-11-15,2121.56,2141.41,2118.45,2141.41,4.31057244,52.3476048404
2011-11-16,2142.5,2142.5,2079.36,2087.04,4.65053624,56.0176962922
2011-11-17,2084.45,2106.67,2079.26,2084.57,2.95209664,36.3115756402
2011-11-18,2070.48,2073.89,2025.13,2029.33,3.18355088,39.5867961695
2011-11-21,2028.34,2034.87,2007.33,2031.8,2.33492347,30.668548153699998
2011-11-22,2013.14,2046.05,2010.18,2045.9,2.61091423,34.1145856053
2011-11-23,2051.0,2058.92,2036.22,2048.46,2.57059433,35.010151831900004
2011-11-24,2026.56,2058.82,2020.52,2046.6,2.39413901,31.802575544299998
2011-11-25,2043.39,2055.71,2025.27,2028.58,2.40231669,30.759698899
2011-11-28,2032.36,2069.89,2031.98,2067.1,3.18794333,44.136349384
2011-11-29,2082.5,2101.56,2080.89,2101.56,3.55977005,49.435277425500004
2011-11-30,2095.8,2096.13,1995.7,2023.38,3.97067152,51.4200489311
2011-12-01,2068.58,2085.08,2045.49,2054.8,4.02919431,52.070374915200006
2011-12-02,2041.63,2043.54,1989.97,1995.63,2.86624713,38.303865311399996
2011-12-05,1989.13,1993.87,1935.56,1937.96,2.14874572,28.0697795905
2011-12-06,1920.64,1929.41,1902.31,1923.71,2.11244493,31.0338467882
2011-12-07,1919.76,1937.78,1916.73,1936.71,1.60555121,21.9827449125
2011-12-08,1932.26,1952.35,1897.63,1941.0,2.13900542,28.660307318
2011-12-09,1925.33,1944.73,1913.35,1922.07,1.52484153,21.0492999086
2011-12-12,1923.39,1934.46,1899.1,1900.9,1.50786556,19.8177821067
2011-12-13,1892.56,1892.76,1830.21,1836.32,2.19256233,26.1029420241
2011-12-14,1825.24,1861.71,1809.98,1812.9,2.19321248,28.3280066214
2011-12-15,1800.82,1801.9,1755.49,1760.6,2.43721657,28.6467344543
2011-12-16,1759.72,1797.71,1740.82,1797.59,2.18991581,26.037222615500003
2011-12-19,1787.6,1805.87,1753.56,1805.87,2.14260183,27.549458558
2011-12-20,1799.16,1821.11,1794.39,1795.56,1.90856827,24.354483532600003
2011-12-21,1809.99,1817.3,1753.86,1756.03,2.19544976,27.2519689297
2011-12-22,1739.49,1742.72,1676.78,1723.58,2.80062818,32.6182080946
2011-12-23,1713.35,1744.12,1706.3,1731.08,1.96606771,24.2629243782
2011-12-26,1725.2,1763.79,1720.17,1746.89,2.45077382,28.969265874899996
2011-12-27,1740.18,1741.76,1693.92,1696.5,2.06676635,24.969432775100003
2011-12-28,1681.03,1681.83,1619.45,1666.82,2.16637243,25.530359614699996
2011-12-29,1657.84,1678.87,1654.06,1663.21,1.76460227,19.9570290695
2011-12-30,1669.36,1700.12,1665.47,1700.12,1.77895567,20.8396536003
2012-01-04,1711.96,1717.39,1659.45,1659.45,1.88682506,23.2353765331
2012-01-05,1646.1,1648.06,1566.85,1569.13,2.41783969,26.3547806131
2012-01-06,1558.59,1559.55,1504.15,1543.9,2.2874352,23.772924847600002
2012-01-09,1543.32,1600.42,1522.53,1599.41,2.7301943,27.7857510574
2012-01-10,1604.25,1684.6,1603.52,1684.11,4.63209509,48.0566026546
2012-01-11,1682.76,1701.21,1669.95,1691.85,3.84414572,40.293350699099996
2012-01-12,1680.45,1698.82,1673.76,1676.9,2.30634333,26.4290970687
2012-01-13,1677.27,1684.46,1601.52,1617.08,2.79705782,29.745635983899998
2012-01-16,1600.44,1607.89,1561.9,1561.9,1.83506838,19.2358110296
2012-01-17,1561.45,1642.2,1546.96,1642.2,3.31182201,34.464368887
2012-01-18,1644.33,1652.33,1590.57,1597.17,3.30803269,33.9808306263
2012-01-19,1595.77,1617.49,1581.27,1610.51,2.31256993,23.9984991721
2012-01-20,1615.47,1655.56,1614.32,1654.07,3.00588344,33.0355260405
2012-01-30,1661.75,1666.35,1643.16,1651.74,2.66122131,29.8870565932
2012-01-31,1649.61,1657.95,1631.38,1657.95,2.44177792,27.541563790399998
2012-02-01,1652.23,1685.08,1645.01,1659.11,2.82261614,33.980665225500005
2012-02-02,1680.71,1696.73,1672.49,1691.97,4.48775632,51.8245667713
2012-02-03,1690.99,1707.05,1678.56,1704.61,3.88316742,41.1976817112
2012-02-06,1708.67,1718.68,1698.11,1718.68,3.74992064,40.3063054387
2012-02-07,1708.22,1709.67,1673.64,1685.93,3.00216036,32.6617884309
2012-02-08,1681.6,1720.14,1677.45,1720.14,3.67333697,38.7284998639
2012-02-09,1719.44,1746.54,1718.8,1732.12,4.99930284,52.4653242559
2012-02-10,1724.87,1757.01,1717.93,1746.53,5.07325294,55.6642800296
2012-02-13,1730.49,1767.42,1725.1,1759.09,4.05683359,44.746168178699996
2012-02-14,1758.78,1765.76,1750.63,1762.27,2.98739598,33.4489519141
2012-02-15,1760.37,1785.02,1754.08,1785.02,4.09782377,43.6122041345
2012-02-16,1783.64,1797.4,1763.96,1780.83,4.74414774,53.5261511772
2012-02-17,1783.78,1789.13,1755.79,1766.28,2.95395812,32.7878233068
2012-02-20,1788.87,1790.37,1766.95,1767.56,3.24878638,36.7119018832
2012-02-21,1768.37,1781.97,1747.0,1781.97,3.43107367,36.4589121675
2012-02-22,1784.0,1815.85,1779.64,1815.85,4.93769622,56.3234530725
2012-02-23,1815.43,1830.73,1808.64,1824.73,4.69908162,55.4038767025
2012-02-24,1826.61,1843.09,1818.86,1842.85,4.38323784,51.41076423649999
2012-02-27,1848.61,1878.95,1845.75,1850.34,6.81508448,78.3047941658
2012-02-28,1842.73,1885.91,1834.98,1877.36,6.78541211,81.732592634
2012-02-29,1873.08,1873.68,1844.49,1845.21,5.04394241,61.208164378999996
2012-03-01,1836.35,1859.61,1836.35,1852.23,3.39052783,38.966496634
2012-03-02,1856.69,1885.47,1855.45,1885.47,4.18035498,50.6528818047
2012-03-05,1890.97,1899.88,1881.42,1888.66,4.71484961,57.7240288369
2012-03-06,1884.97,1885.75,1849.68,1852.93,4.03621789,48.401001596499995
2012-03-07,1833.39,1860.4,1830.29,1836.91,3.87199974,44.188145696499994
2012-03-08,1841.12,1863.37,1840.71,1861.24,3.10731367,36.6820777533
2012-03-09,1872.56,1890.15,1868.46,1890.15,4.05164733,49.4203892346
2012-03-12,1890.78,1899.73,1881.58,1897.01,4.09738437,48.6422513751
2012-03-13,1903.63,1926.9,1903.61,1926.9,5.99211751,61.346641606700004
2012-03-14,1932.4,1950.1,1844.47,1859.32,8.92917077,95.4925741749
2012-03-15,1854.65,1874.41,1817.73,1850.29,5.44000435,63.2352432884
2012-03-16,1852.12,1899.61,1852.05,1899.61,5.28385231,63.4227991029
2012-03-19,1901.14,1929.69,1895.74,1929.69,5.31842841,61.431221469099995
2012-03-20,1924.27,1924.29,1870.79,1871.33,4.62169644,53.7256775336
2012-03-21,1878.83,1885.16,1844.77,1874.12,4.04360578,46.4235746367
2012-03-22,1870.19,1881.11,1856.94,1869.98,3.54446398,40.7501760908
2012-03-23,1860.87,1863.33,1826.69,1834.66,3.19309079,35.8855749891
2012-03-26,1831.26,1844.58,1817.08,1830.43,2.35879047,25.9741942368
2012-03-27,1841.31,1850.01,1820.49,1822.12,2.52869089,30.767946798
2012-03-28,1815.11,1815.91,1725.41,1728.3,3.47106084,38.1312953082
2012-03-29,1717.25,1718.12,1675.24,1690.91,2.59928151,27.9503661414
2012-03-30,1692.91,1703.83,1669.49,1682.67,1.95581889,20.239174324
2012-04-05,1684.77,1736.01,1684.17,1736.01,2.48320502,28.5453982657
2012-04-06,1736.83,1761.07,1731.92,1753.42,2.77270235,30.972718795
2012-04-09,1751.53,1751.71,1721.22,1721.4,2.87312635,33.0588366173
2012-04-10,1712.44,1734.34,1680.16,1734.31,2.84763933,30.3995824032
2012-04-11,1713.75,1740.94,1705.76,1733.06,2.49253892,25.3931004742
2012-04-12,1739.44,1767.88,1731.29,1767.88,3.55749686,37.3057403796
2012-04-13,1772.33,1786.98,1768.13,1779.66,3.59228159,37.7836889902
2012-04-16,1766.62,1785.47,1761.15,1780.2,3.49068204,36.464376723899996
2012-04-17,1774.77,1783.99,1764.32,1764.92,3.37050726,34.374631519
2012-04-18,1766.02,1799.29,1761.13,1799.24,4.02485125,41.6202259712
2012-04-19,1794.73,1799.23,1780.64,1793.28,3.53519462,39.060359620300005
2012-04-20,1793.45,1812.27,1784.85,1812.27,4.44237001,46.6545224201
2012-04-23,1807.94,1808.95,1773.89,1781.71,4.50905343,48.052953712
2012-04-24,1766.94,1787.87,1726.16,1767.79,5.47968995,51.1189554971
2012-04-25,1763.43,1795.78,1759.69,1793.15,5.41256434,50.7510405859
2012-04-26,1796.49,1812.17,1780.5,1802.64,6.40277396,57.1112841268
2012-04-27,1797.53,1799.01,1782.15,1785.42,4.27019528,40.755996591599995
2012-05-02,1800.39,1807.77,1781.94,1799.79,4.97083846,51.1659736333
2012-05-03,1794.32,1812.23,1791.37,1808.95,3.98213215,44.1452468042
2012-05-04,1801.92,1831.84,1801.92,1830.46,5.1876311,52.4043822098
2012-05-07,1821.31,1843.83,1817.11,1843.83,4.98341107,51.375669788500005
2012-05-08,1840.57,1847.09,1828.43,1841.87,4.60124322,47.33264633100001
2012-05-09,1829.67,1830.47,1806.46,1808.48,3.86727849,38.836645525
2012-05-10,1803.75,1812.47,1796.94,1804.43,3.36023491,32.0405000815
2012-05-11,1804.05,1818.44,1801.37,1802.52,4.03989416,37.299894781599995
2012-05-14,1813.57,1817.56,1794.91,1796.77,3.9966521,37.8515906037
2012-05-15,1782.67,1804.13,1776.16,1804.13,4.4679029,42.186223961399996
2012-05-16,1800.66,1801.34,1775.86,1776.1,3.63265869,36.0123824147
2012-05-17,1775.07,1790.75,1763.05,1789.76,3.19994524,30.648168313699998
2012-05-18,1779.97,1781.71,1752.31,1759.19,3.19021976,30.327677797699998
2012-05-21,1754.52,1769.88,1740.21,1759.52,2.85378913,29.0882818763
2012-05-22,1765.25,1783.31,1764.55,1783.13,3.25527574,33.180162905
2012-05-23,1781.03,1784.49,1760.6,1774.81,3.73935053,38.0683763296
2012-05-24,1768.32,1775.65,1754.78,1758.68,3.2857907,33.5146075634
2012-05-25,1758.64,1763.39,1728.19,1732.17,2.86557624,28.2612393994
2012-05-28,1724.93,1747.3,1703.71,1747.26,3.23539003,32.1410548203
2012-05-29,1746.44,1771.83,1743.84,1770.57,3.57142365,36.9464362599
2012-05-30,1770.59,1776.43,1766.07,1771.23,3.27446907,34.1779779775
2012-05-31,1762.94,1782.49,1757.49,1772.39,3.18736802,32.6545654226
2012-06-01,1771.39,1783.17,1764.48,1771.54,3.46475732,37.775750052
2012-06-04,1746.18,1752.2,1716.75,1717.38,3.55463751,35.392528655999996
2012-06-05,1717.4,1724.33,1703.71,1708.85,2.28788603,23.6507712746
2012-06-06,1713.38,1717.33,1692.39,1698.61,2.05306753,19.8938162977
2012-06-07,1715.91,1719.38,1695.87,1700.35,2.61330973,26.948977858400003
2012-06-08,1713.72,1713.99,1683.58,1686.59,2.39345431,25.0421567947
2012-06-11,1687.2,1707.77,1680.31,1706.67,2.11401702,21.9024822037
2012-06-12,1700.0,1704.82,1692.39,1697.75,2.11694916,22.006166440599998
2012-06-13,1700.84,1728.51,1699.62,1728.51,2.80601493,30.0985850044
2012-06-14,1725.18,1761.78,1722.68,1748.84,4.16857736,46.516341058100004
2012-06-15,1750.75,1754.42,1723.22,1743.11,3.00121923,33.6770636698
2012-06-18,1747.87,1752.76,1738.64,1746.86,2.77963337,28.6506697646
2012-06-19,1744.91,1749.62,1735.29,1737.26,2.64743198,28.188995299400002
2012-06-20,1741.82,1744.95,1727.25,1731.05,2.38379194,24.4284229888
2012-06-21,1726.63,1727.11,1694.04,1701.56,2.16730832,21.679252720900003
2012-06-25,1697.45,1699.76,1670.09,1670.94,2.57384716,24.0178165422
2012-06-26,1659.88,1679.33,1645.52,1676.47,2.73993361,24.1372086998
2012-06-27,1673.2,1684.78,1662.48,1665.68,2.55117412,24.4653939599
2012-06-28,1669.86,1677.36,1644.58,1645.38,2.64573636,24.9258030146
2012-06-29,1637.53,1669.51,1633.42,1669.51,2.98433304,29.670318578499998
2012-07-02,1681.35,1715.33,1674.75,1712.71,3.6779698,41.4222402495
2012-07-03,1706.94,1724.46,1704.85,1714.55,3.78144387,41.8687666208
2012-07-04,1715.92,1730.9,1715.6,1725.69,3.62975961,39.4167586046
2012-07-05,1716.22,1723.07,1686.19,1690.17,2.99992734,30.570719159299998
2012-07-06,1697.37,1724.41,1687.68,1723.29,3.68162973,40.0279517888
2012-07-09,1712.08,1738.98,1705.86,1706.41,4.02580582,45.6824684308
2012-07-10,1698.23,1716.13,1695.37,1699.8,3.31331927,37.890902988
2012-07-11,1695.31,1709.42,1683.07,1709.42,3.28150976,36.6148520793
2012-07-12,1713.26,1757.64,1701.62,1752.15,5.07467987,56.592104956099995
2012-07-13,1742.07,1761.54,1737.62,1752.2,3.68736321,41.4182541153
2012-07-16,1753.2,1766.42,1719.03,1720.78,5.26892044,56.9354524419
2012-07-17,1713.4,1716.34,1688.82,1714.34,3.82448957,41.4738292727
2012-07-18,1707.58,1749.55,1688.83,1749.55,4.54914907,46.420759282
2012-07-19,1747.21,1773.46,1742.57,1759.01,6.17161896,59.7191794507
2012-07-20,1749.94,1753.18,1725.96,1729.82,5.3047476,55.4075508711
2012-07-23,1715.4,1755.25,1707.85,1739.89,5.1955057,54.6364526683
2012-07-24,1723.72,1747.95,1721.01,1741.23,4.51615143,46.9212159203
2012-07-25,1732.99,1744.24,1718.93,1719.89,4.44749731,44.0911723737
2012-07-26,1717.67,1723.03,1682.33,1682.38,4.00625781,42.0989863394
2012-07-27,1686.1,1692.07,1661.99,1672.11,3.56938669,36.9911307056
2012-07-30,1662.97,1671.47,1624.68,1631.28,3.23779315,30.338220583000002
2012-07-31,1621.01,1625.65,1590.81,1599.25,2.77144099,26.5360426735
2012-08-01,1594.56,1628.45,1594.31,1617.94,2.69129589,25.373191707800004
2012-08-02,1614.52,1623.27,1598.23,1614.98,3.11294945,29.1963912163
2012-08-03,1617.24,1639.03,1609.1,1639.03,3.35198211,29.864228199699998
2012-08-06,1630.7,1678.84,1627.56,1676.58,3.93316862,37.7038492765
2012-08-07,1674.8,1711.76,1672.15,1709.54,5.28068229,48.8620598916
2012-08-08,1704.59,1704.73,1679.41,1691.09,4.2324308,38.1982737324
2012-08-09,1691.17,1723.4,1686.91,1721.13,4.69984964,42.821429449200004
2012-08-10,1723.12,1727.44,1713.13,1715.02,4.78612378,41.958829006
2012-08-13,1713.04,1745.87,1707.25,1708.04,5.82312933,55.40884524609999
2012-08-14,1702.58,1713.4,1657.6,1711.57,6.31540733,61.9400094172
2012-08-15,1702.05,1704.98,1685.29,1688.64,4.12673249,38.402879614899994
2012-08-16,1684.13,1697.07,1663.64,1669.61,3.25053479,30.3699481157
2012-08-17,1666.46,1671.07,1640.56,1657.74,2.82344192,26.428953799899997
2012-08-20,1650.2,1687.62,1643.4,1685.37,4.48875083,40.4852521683
2012-08-21,1682.56,1705.48,1675.21,1702.01,4.28132611,40.668919843699996
2012-08-22,1700.88,1707.62,1686.66,1692.63,3.86906928,38.1693862771
2012-08-23,1689.86,1701.0,1679.9,1700.35,3.06355924,28.808044541300003
2012-08-24,1696.47,1697.11,1658.86,1659.05,4.52283077,40.8022867223
2012-08-27,1648.35,1648.45,1621.69,1622.6,3.30095154,28.9871860927
2012-08-28,1620.83,1637.18,1613.83,1623.58,2.91305021,25.274474002199998
2012-08-29,1619.83,1629.48,1605.63,1605.63,2.78399883,24.7877640294
2012-08-30,1601.38,1608.11,1548.48,1568.58,3.29500745,28.5458170538
2012-08-31,1563.05,1578.64,1561.3,1574.34,2.09411689,17.6740373617
2012-09-03,1574.11,1610.71,1570.83,1610.1,3.05699255,27.378379232399997
2012-09-04,1611.21,1621.26,1596.41,1600.19,3.28106248,29.5617950999
2012-09-05,1594.81,1615.05,1594.69,1606.84,2.59015983,23.0281942736
2012-09-06,1608.15,1619.54,1606.81,1619.54,2.59271476,22.5327032534
2012-09-07,1630.94,1683.89,1628.7,1669.73,5.77282885,52.1675816634
2012-09-10,1672.3,1685.57,1663.21,1684.59,4.44111199,40.5276038272
2012-09-11,1677.47,1679.42,1664.55,1679.42,3.82781186,34.9492706998
2012-09-12,1685.65,1691.0,1672.12,1690.14,4.52072724,40.6716416051
2012-09-13,1687.11,1702.15,1666.41,1667.02,4.78925803,45.576235775200004
2012-09-14,1681.39,1686.5,1653.55,1665.35,3.88213485,36.4702336847
2012-09-17,1663.12,1664.64,1616.57,1618.77,3.46419903,31.0022808369
2012-09-18,1611.65,1621.63,1605.48,1612.12,2.36328965,21.3331972513
2012-09-19,1614.65,1623.97,1609.24,1623.97,2.30592353,21.485020045
2012-09-20,1620.49,1620.86,1579.85,1581.67,3.09895017,27.8838427965
2012-09-21,1576.85,1585.31,1564.59,1568.2,2.54414893,22.766542596199997
2012-09-24,1558.21,1577.95,1545.65,1573.03,2.13378452,18.9938447179
2012-09-25,1570.78,1581.76,1563.34,1569.11,1.74534093,16.7587015474
2012-09-26,1567.92,1570.14,1524.17,1527.01,2.296353,20.5235281448
2012-09-27,1525.65,1561.88,1519.05,1556.87,2.99774831,27.2876414917
2012-09-28,1550.31,1586.77,1546.1,1586.77,3.10583488,28.8046260695
2012-10-08,1587.47,1599.99,1582.35,1591.1,2.73352733,25.4300377769
2012-10-09,1593.6,1628.8,1593.14,1628.8,3.83356312,36.7791830081
2012-10-10,1624.01,1646.68,1618.97,1646.68,4.05249803,38.6976465789
2012-10-11,1639.72,1644.17,1614.86,1616.24,3.2173855,31.832977661999998
2012-10-12,1618.4,1631.92,1596.8,1610.97,2.41239754,23.2978299565
2012-10-15,1603.76,1606.07,1576.62,1588.95,2.88196382,28.4512890355
2012-10-16,1588.25,1607.44,1585.27,1599.09,2.8570953,26.8889555436
2012-10-17,1603.2,1607.6,1587.62,1604.71,3.31965134,31.334977976999998
2012-10-18,1604.88,1623.28,1602.89,1620.55,3.54070867,33.2943287335
2012-10-19,1619.02,1624.16,1613.12,1617.12,2.71701111,24.036441920300003
2012-10-22,1610.88,1623.72,1605.95,1619.96,2.20016756,20.4377603885
2012-10-23,1621.98,1625.33,1610.74,1612.24,2.89520484,26.1297679349
2012-10-24,1604.05,1613.79,1598.36,1601.41,2.55205944,22.6917587971
2012-10-25,1601.1,1608.24,1583.88,1585.25,2.72831898,23.614462670500004
2012-10-26,1583.93,1584.98,1536.29,1543.77,2.92313021,27.4512837227
2012-10-29,1539.06,1542.68,1527.74,1537.08,1.90218268,17.4668310532
2012-10-30,1536.85,1544.79,1529.53,1532.37,2.08662016,18.710184758900002
2012-10-31,1531.21,1534.46,1522.56,1532.78,1.93124674,17.4185409481
2012-11-01,1534.58,1560.41,1534.44,1560.16,2.82795227,25.8376378863
2012-11-02,1560.13,1565.41,1550.88,1565.41,2.57789948,22.4431026867
2012-11-05,1564.31,1572.96,1557.83,1562.87,2.84305126,25.22331793
2012-11-06,1562.1,1562.85,1537.79,1559.56,2.88943783,26.2669968677
2012-11-07,1560.14,1565.63,1552.76,1558.98,2.53576513,24.5354724846
2012-11-08,1546.32,1546.78,1519.3,1519.37,2.6736205,25.0684642891
2012-11-09,1514.8,1525.92,1510.14,1514.75,2.30094637,20.6432089802
2012-11-12,1516.22,1528.59,1515.1,1528.59,2.92281684,25.4850714901
2012-11-13,1528.36,1529.31,1498.86,1499.45,3.42196905,28.3462779336
2012-11-14,1499.53,1503.09,1485.61,1497.41,2.72696751,24.5041794819
2012-11-15,1491.15,1493.41,1472.74,1474.83,2.6627079,24.436540720300002
2012-11-16,1469.58,1470.94,1451.47,1463.09,2.50378738,22.185390174499997
2012-11-19,1459.8,1469.07,1448.24,1469.07,2.5524178,21.592908014200002
2012-11-20,1471.46,1484.38,1466.04,1477.8,2.98177532,28.1657833379
2012-11-21,1473.68,1485.69,1454.0,1485.69,2.5353633,23.4016270063
2012-11-22,1480.38,1503.33,1476.24,1493.44,3.96630867,33.2062140213
2012-11-23,1490.73,1504.93,1488.84,1503.08,4.05038739,31.8267924597
2012-11-26,1500.96,1501.12,1467.31,1470.44,3.14025267,26.7103801773
2012-11-27,1462.64,1463.86,1405.69,1406.88,3.86545022,30.0496799943
2012-11-28,1398.46,1400.26,1380.2,1384.55,2.95290477,22.2821863322
2012-11-29,1384.64,1395.08,1367.31,1371.31,2.8381243,22.0496386475
2012-11-30,1366.95,1380.16,1360.5,1377.63,2.57997738,19.9484908731
2012-12-03,1373.93,1384.77,1347.38,1348.52,3.01832851,23.839079063000003
2012-12-04,1342.87,1350.71,1311.18,1350.08,3.37594369,25.361616689
2012-12-05,1345.56,1399.72,1341.5,1395.91,4.27112486,33.612662336599996
2012-12-06,1394.31,1404.21,1388.72,1396.71,3.90802526,28.745437290100003
2012-12-07,1395.69,1464.71,1395.54,1461.08,7.38461626,58.5048268065
2012-12-10,1470.02,1507.27,1469.97,1505.91,8.41755075,66.2114410322
2012-12-11,1498.29,1512.62,1489.93,1493.47,6.50890279,49.9772471447
2012-12-12,1488.68,1496.9,1473.36,1490.37,4.97786668,38.7028401695
2012-12-13,1486.91,1499.92,1474.17,1477.44,4.57446923,34.3149089061
2012-12-14,1476.33,1554.09,1476.33,1551.87,8.82991121,70.7084301277
2012-12-17,1556.52,1569.05,1540.27,1556.3,8.5230615,66.0220453461
2012-12-18,1553.0,1589.11,1545.9,1557.18,8.51441113,71.21676866600001
2012-12-19,1547.69,1551.82,1534.03,1546.54,5.65291703,46.719459767
2012-12-20,1538.29,1557.2,1527.43,1557.2,5.87111797,48.0561029907
2012-12-21,1562.19,1584.44,1553.94,1558.58,7.18207237,63.0086077746
2012-12-24,1557.38,1565.6,1552.31,1563.53,5.32412872,47.5807678472
2012-12-25,1558.92,1597.2,1551.81,1595.88,7.61118313,67.41902116770001
2012-12-26,1595.24,1616.97,1593.11,1616.88,7.00620748,64.5735912854
2012-12-27,1621.29,1625.96,1594.49,1595.28,6.93328431,62.0474117906
2012-12-28,1589.19,1601.83,1582.28,1601.7,5.07914325,45.9561103571
2012-12-31,1604.58,1619.55,1604.53,1614.23,5.44377771,50.638674878100005
2013-01-04,1625.45,1629.27,1585.11,1598.12,5.66310403,50.3137955002
2013-01-07,1600.15,1619.52,1596.1,1619.47,5.47415968,50.4321873122
2013-01-08,1618.37,1642.21,1608.3,1637.6,6.02122872,57.387334144700006
2013-01-09,1635.41,1681.88,1633.3,1665.62,8.39538628,81.19825569300001
2013-01-10,1662.88,1680.47,1655.38,1667.61,5.69516012,53.7939774651
2013-01-11,1667.91,1668.74,1622.79,1627.24,5.98209827,53.8635020953
2013-01-14,1621.45,1685.19,1621.45,1683.14,6.6231731,62.9430355078
2013-01-15,1685.74,1743.15,1685.62,1736.12,10.46853906,98.07089670180001
2013-01-16,1734.83,1740.21,1698.86,1729.23,8.15974791,75.8482984386
2013-01-17,1721.28,1722.97,1694.64,1704.18,5.23229783,50.077992064899995
2013-01-18,1711.54,1737.65,1708.16,1737.49,6.63564667,63.0549390362
2013-01-21,1742.32,1744.02,1727.94,1744.02,6.34468447,61.0769974166
2013-01-22,1743.0,1751.63,1701.86,1746.76,9.33044608,88.2250134058
2013-01-23,1734.36,1734.63,1705.42,1725.37,6.90862072,66.2419770679
2013-01-24,1724.76,1739.28,1672.31,1686.73,7.5961693,71.0548975208
2013-01-25,1683.64,1688.84,1671.85,1681.99,5.08234619,45.727249030299994
2013-01-28,1681.29,1716.08,1680.8,1716.08,5.85172636,55.595368345699995
2013-01-29,1719.78,1735.61,1715.3,1730.53,7.13117698,68.15268348069999
2013-01-30,1735.08,1736.71,1706.87,1722.2,6.63356697,61.0912811285
2013-01-31,1721.37,1723.88,1706.78,1720.03,5.69218067,54.8346103488
2013-02-01,1728.55,1756.64,1721.66,1739.49,8.6178648,85.1870700696
2013-02-04,1739.88,1739.88,1692.14,1693.43,7.4114254,72.6914341257
2013-02-05,1685.46,1710.68,1680.74,1710.18,4.99787838,49.5488489246
2013-02-06,1710.12,1724.67,1708.42,1719.26,4.14575294,41.3692030744
2013-02-07,1720.21,1728.25,1712.18,1728.07,4.15008203,41.8881019847
2013-02-08,1728.93,1754.71,1728.92,1748.99,4.20906524,42.2507569305
2013-02-18,1762.99,1780.96,1762.72,1766.79,5.89277167,55.9867195308
2013-02-19,1766.56,1768.15,1733.86,1741.85,4.88273069,48.09813843479999
2013-02-20,1739.35,1770.56,1735.49,1770.56,5.00788352,49.5868169693
2013-02-21,1759.86,1771.04,1730.92,1743.29,7.00374155,67.2026226182
2013-02-22,1738.68,1762.56,1738.45,1748.53,5.47113879,51.418564913900006
2013-02-25,1749.48,1781.44,1749.19,1780.17,5.05255155,52.4514163462
2013-02-26,1775.35,1787.15,1740.2,1741.18,5.74832019,59.5730158921
2013-02-27,1742.39,1751.32,1716.84,1731.38,4.14892233,42.2921698292
2013-02-28,1734.74,1757.57,1718.9,1757.57,4.81066948,49.051005063599995
2013-03-01,1755.7,1770.35,1747.95,1769.98,5.48635491,57.3157718239
2013-03-04,1764.87,1779.67,1731.41,1742.08,8.15271217,79.31109264060001
2013-03-05,1743.18,1770.17,1730.23,1770.08,6.04563168,58.7097541691
2013-03-06,1773.78,1786.55,1761.55,1786.55,7.01085218,66.168686264
2013-03-07,1781.51,1781.61,1746.58,1760.65,6.49067546,62.1787403459
2013-03-08,1759.77,1766.73,1743.42,1745.99,4.68029385,44.2938195288
2013-03-11,1744.1,1747.99,1730.32,1743.43,3.73756692,36.7193635466
2013-03-12,1740.96,1744.91,1669.66,1688.29,5.53047375,51.7443105725
2013-03-13,1682.94,1683.61,1639.84,1657.43,3.76011737,34.7248857269
2013-03-14,1650.65,1669.58,1647.87,1651.44,2.89531484,26.3841877787
2013-03-15,1653.65,1673.86,1635.39,1650.1,3.26041828,30.273220943600002
2013-03-18,1644.35,1649.27,1626.15,1627.87,2.94379687,26.198098529899998
2013-03-19,1631.13,1639.26,1611.11,1630.93,2.74030848,24.5322795924
2013-03-20,1631.66,1668.03,1631.08,1668.03,3.34022394,31.0052507627
2013-03-21,1672.96,1694.46,1672.8,1684.48,4.76280544,44.0122316256
2013-03-22,1682.41,1686.3,1668.34,1678.83,3.01681364,27.8315923668
2013-03-25,1681.33,1684.07,1668.0,1677.64,3.45527397,31.651036533699997
2013-03-26,1673.84,1673.96,1641.85,1661.44,3.89859836,35.8601870507
2013-03-27,1659.89,1676.96,1655.76,1663.45,3.87599976,35.4947685724
2013-03-28,1653.81,1654.0,1617.36,1617.47,4.44057565,38.0773997134
2013-03-29,1621.0,1629.95,1613.43,1620.35,3.98487886,34.273230065199996
2013-04-01,1623.04,1642.77,1619.57,1640.48,4.64375224,41.1373642275
2013-04-02,1643.97,1658.64,1632.82,1637.25,4.64801928,41.091964374
2013-04-03,1639.04,1642.02,1602.93,1611.79,6.2248323,54.44122035270001
2013-04-08,1586.53,1607.44,1561.73,1606.79,6.57384437,57.7289442518
2013-04-09,1608.19,1624.9,1606.28,1621.68,5.37940936,46.6170121128
2013-04-10,1615.63,1618.08,1597.61,1609.11,4.6107222,38.7638923049
2013-04-11,1614.23,1619.56,1602.81,1606.12,4.24563075,35.5315958615
2013-04-12,1600.53,1602.78,1582.05,1582.48,3.28847772,27.1216447006
2013-04-15,1577.09,1577.64,1554.8,1558.75,3.32753758,27.781018245300004
2013-04-16,1544.3,1562.12,1532.28,1561.35,3.31301483,27.753075603400003
2013-04-17,1560.29,1572.09,1556.01,1571.72,2.93796602,24.633339806
2013-04-18,1563.9,1580.09,1557.56,1573.8,3.14452762,26.459234822600003
2013-04-19,1573.95,1608.96,1573.9,1606.61,4.00417883,35.389072041
2013-04-22,1595.83,1616.39,1593.95,1616.39,4.29299601,38.2384753733
2013-04-23,1614.56,1614.56,1568.69,1568.69,3.8563113,34.0170599686
2013-04-24,1567.35,1594.64,1567.22,1594.64,3.97763746,35.0447397079
2013-04-25,1595.02,1615.88,1590.68,1590.68,5.02450214,47.7799194092
2013-04-26,1591.13,1594.82,1555.9,1559.42,3.67658734,34.7588063137
2013-05-02,1554.0,1572.52,1548.9,1567.95,2.84942537,26.3897402413
2013-05-03,1568.34,1594.93,1567.3,1588.25,4.07557032,37.3093217004
2013-05-06,1589.69,1611.01,1589.4,1610.98,4.10406966,36.6593839973
2013-05-07,1606.27,1610.44,1599.06,1606.79,3.61858337,32.3812586382
2013-05-08,1609.64,1615.21,1601.69,1611.32,3.96031291,33.2634738227
2013-05-09,1610.81,1614.93,1597.41,1614.53,4.7360714,39.4752070994
2013-05-10,1610.33,1632.51,1606.58,1631.92,4.63083934,39.508265406199996
2013-05-13,1632.2,1650.02,1632.05,1650.02,4.72817109,40.718413747
2013-05-14,1649.46,1649.72,1627.94,1636.05,4.25205885,36.9828717967
2013-05-15,1635.87,1649.67,1635.78,1649.67,3.72161425,32.466243217199995
2013-05-16,1647.99,1668.54,1644.47,1663.83,4.97631113,43.6415447419
2013-05-17,1663.81,1686.07,1662.69,1686.07,5.35646153,45.945796128699996
2013-05-20,1688.47,1719.57,1688.44,1715.59,6.55284972,58.239654608500004
2013-05-21,1713.72,1720.78,1704.87,1720.78,6.30201294,58.5602540025
2013-05-22,1719.27,1733.75,1714.46,1723.37,7.39792693,64.2047838175
2013-05-23,1715.62,1733.82,1707.02,1712.02,6.14779419,52.785784593100004
2013-05-24,1712.24,1737.25,1712.24,1735.17,5.50050581,47.696942502
2013-05-27,1735.01,1762.42,1734.96,1762.42,6.17896138,56.831671963999995
2013-05-28,1764.44,1776.52,1755.38,1770.89,7.15612081,62.0244874891
2013-05-29,1775.1,1783.7,1771.77,1779.0,6.69357785,56.586364929
2013-05-30,1771.83,1775.38,1760.57,1770.42,5.71490441,50.4077130775
2013-05-31,1771.6,1777.72,1759.02,1759.19,5.45588192,48.058478803
2013-06-03,1758.46,1764.38,1743.64,1745.26,4.54605714,41.5163180682
2013-06-04,1741.12,1742.54,1693.33,1704.66,4.69423933,40.763535016
2013-06-05,1702.1,1712.98,1695.55,1706.73,2.88708389,25.2661860271
2013-06-06,1703.17,1712.53,1690.19,1692.89,3.93068984,35.2243631047
2013-06-07,1693.29,1698.31,1656.37,1668.89,3.75960215,33.370607891300004
2013-06-13,1652.62,1653.02,1592.84,1618.3,3.63217462,32.201400678
2013-06-14,1621.95,1639.27,1621.83,1637.06,3.01017214,27.3935711688
2013-06-17,1639.73,1643.3,1624.23,1635.63,2.99388882,27.216706747899998
2013-06-18,1635.57,1640.43,1620.35,1635.99,2.57347675,23.2335492429
2013-06-19,1630.31,1631.1,1605.65,1628.88,2.86720698,26.429028894400002
2013-06-20,1623.23,1624.61,1576.95,1577.5,2.86567086,26.6937967423
2013-06-21,1554.79,1579.94,1538.8,1571.79,2.78717957,25.465051660300002
2013-06-24,1567.14,1567.76,1469.14,1486.45,3.74033029,32.3634384374
2013-06-25,1472.62,1485.59,1378.56,1466.91,4.81462968,38.5392331592
2013-06-26,1468.38,1485.3,1455.25,1480.7,3.39419083,29.450751637199996
2013-06-27,1485.16,1502.55,1460.51,1461.33,3.64132752,31.374594304899997
2013-06-28,1452.86,1482.6,1439.51,1456.41,2.97057658,24.5252386695
2013-07-01,1453.29,1470.76,1445.67,1470.12,2.07602158,17.633620251900002
2013-07-02,1468.88,1504.31,1468.16,1504.31,2.87919149,24.9775598565
2013-07-03,1498.8,1504.51,1480.41,1501.96,3.01520125,26.0897268206
2013-07-04,1496.83,1517.63,1488.88,1507.08,2.90793738,23.8214562898
2013-07-05,1509.18,1519.68,1500.76,1500.76,2.93389849,24.4611485531
2013-07-08,1482.8,1488.2,1446.95,1450.27,3.39360599,33.2247256739
2013-07-09,1448.4,1455.58,1438.38,1447.52,2.26965917,20.9224756743
2013-07-10,1445.06,1481.77,1440.5,1481.77,2.95442019,25.9895839415
2013-07-11,1481.15,1535.89,1480.33,1521.58,4.40999567,38.1181334611
2013-07-12,1521.63,1540.74,1514.6,1515.02,4.07121615,35.7324496611
2013-07-15,1510.91,1536.4,1507.94,1533.92,3.7230642,33.6319187656
2013-07-16,1528.82,1548.35,1521.81,1548.35,3.67703096,33.027893757600005
2013-07-17,1545.77,1556.34,1524.89,1525.96,3.5582713,30.8460275966
2013-07-18,1519.69,1524.22,1503.5,1512.62,3.17387714,27.6155700679
2013-07-19,1514.04,1517.92,1470.74,1470.74,3.89638732,32.980466837
2013-07-22,1455.59,1483.92,1449.54,1483.85,3.35216316,26.8404223593
2013-07-23,1488.37,1520.05,1488.04,1516.4,4.38158053,35.183110986799996
2013-07-24,1514.06,1522.97,1499.33,1520.56,3.88788877,33.2175171492
2013-07-25,1521.74,1527.15,1499.66,1512.4,3.84397989,34.6587855737
2013-07-26,1505.61,1509.12,1486.08,1497.92,3.25859851,28.5718657452
2013-07-29,1489.68,1491.03,1472.93,1475.52,3.01382838,25.6176387205
2013-07-30,1478.37,1486.57,1456.17,1478.2,2.69957285,22.6961045388
2013-07-31,1482.16,1493.63,1477.07,1484.01,2.52191224,21.747555492199997
2013-08-01,1488.5,1516.6,1485.7,1516.6,3.98052744,32.0952687475
2013-08-02,1518.6,1536.58,1518.47,1527.77,4.26526765,36.477184759699995
2013-08-05,1529.06,1592.04,1528.64,1592.04,5.76859508,51.130547461999996
2013-08-06,1592.64,1611.77,1587.91,1608.35,5.87439862,53.24723865479999
2013-08-07,1603.6,1607.57,1588.6,1593.85,4.84274773,42.416055106900004
2013-08-08,1590.36,1620.18,1589.78,1614.26,5.17622316,46.2931998014
2013-08-09,1614.46,1630.97,1595.07,1612.26,4.82067535,44.5112605897
2013-08-12,1614.29,1637.93,1609.49,1637.93,5.34058494,48.0979063037
2013-08-13,1640.08,1652.04,1636.9,1652.04,5.20496121,47.085669543
2013-08-14,1651.41,1671.33,1641.91,1648.78,5.74684076,51.8917030441
2013-08-15,1644.5,1646.06,1614.72,1614.99,4.88203875,41.9321401933
2013-08-16,1608.05,1634.53,1581.47,1582.68,5.12740451,44.3623441591
2013-08-19,1576.0,1609.84,1575.07,1609.75,3.50186126,29.714364418699997
2013-08-20,1607.09,1622.31,1600.66,1604.84,4.23120799,36.5081162685
2013-08-21,1603.05,1615.37,1593.85,1615.37,3.67581221,31.2067249111
2013-08-22,1611.22,1624.25,1608.37,1609.91,3.6633961,32.616947286
2013-08-23,1613.39,1620.82,1585.94,1617.12,4.86436781,42.4748991963
2013-08-26,1618.08,1638.88,1615.85,1638.79,4.50630528,41.4312482246
2013-08-27,1638.05,1648.55,1634.63,1648.55,4.14871349,37.0916224142
2013-08-28,1638.35,1638.8,1624.82,1625.64,5.11862757,40.9845721087
2013-08-29,1628.21,1632.61,1616.21,1630.35,4.88131738,38.4024174175
2013-08-30,1625.69,1626.53,1596.19,1601.22,5.30131745,42.093107193499996
2013-09-02,1601.56,1676.21,1594.92,1671.78,9.51575672,75.99946177300001
2013-09-03,1686.76,1736.55,1686.53,1729.48,11.09073766,94.97663549069999
2013-09-04,1746.72,1751.02,1710.21,1727.29,15.62724347,125.5163291726
2013-09-05,1708.18,1721.5,1691.34,1711.14,10.31735475,81.6515071558
2013-09-06,1698.46,1724.79,1696.83,1714.56,9.5005877,78.77616709739999
2013-09-09,1716.04,1745.79,1716.04,1740.1,10.94689501,92.3575375095
2013-09-10,1737.89,1761.22,1732.64,1758.17,10.98949018,92.23300238530001
2013-09-11,1753.2,1810.1,1725.45,1772.77,14.15451364,123.2211443201
2013-09-12,1752.78,1777.84,1748.93,1764.0,9.13793179,80.02489919770001
2013-09-13,1766.57,1769.77,1758.11,1760.17,7.51934335,66.4186466691
2013-09-16,1759.71,1768.07,1753.28,1756.1,6.51860782,58.049240285
2013-09-17,1750.04,1750.13,1699.24,1700.25,7.96093103,64.64439439979999
2013-09-18,1702.82,1713.22,1695.49,1711.3,4.64854683,38.1604325793
2013-09-23,1719.14,1750.28,1717.26,1750.02,8.10980113,66.708783325
2013-09-24,1746.26,1761.86,1732.34,1744.58,8.77805671,74.319520208
2013-09-25,1742.27,1793.65,1740.64,1768.35,11.49998985,101.8628862774
2013-09-26,1777.24,1783.37,1749.43,1749.72,10.27783311,92.4373654518
2013-09-27,1738.51,1742.22,1706.84,1716.14,7.00013969,61.225702158599994
2013-09-30,1726.46,1776.28,1726.35,1775.98,7.37398387,67.5274185505
2013-10-08,1786.65,1837.71,1782.24,1824.24,10.95458075,107.1027862963
2013-10-09,1815.4,1879.55,1810.62,1879.55,11.09584016,107.2588436604
2013-10-10,1879.55,1897.7,1858.77,1869.71,12.23027733,118.5805950715
2013-10-11,1868.63,1900.16,1868.62,1892.72,9.2097671,92.3881359433
2013-10-14,1899.87,1980.61,1899.83,1975.64,13.39566325,139.3741848506
2013-10-15,1983.56,1997.08,1965.95,1986.16,12.49006403,128.7800487441
2013-10-16,1966.35,1966.5,1892.06,1907.32,12.07365035,122.9147704701
2013-10-17,1918.39,1944.95,1894.88,1926.44,11.14957852,112.16953600299999
2013-10-18,1908.79,1927.03,1890.18,1919.0,7.28380158,72.356424365
2013-10-21,1921.1,1969.25,1907.95,1966.68,9.10851164,90.9347206717
2013-10-22,1958.17,1991.4,1948.58,1968.14,10.62877916,109.2282451476
2013-10-23,1957.27,1957.99,1863.94,1867.7,8.86375059,85.4991179365
2013-10-24,1859.48,1882.23,1847.59,1855.03,4.84687225,46.690326570100005
2013-10-25,1857.74,1864.23,1795.93,1820.98,5.92295486,55.99379774729999
2013-10-28,1841.09,1878.04,1840.44,1860.61,6.74592707,68.07631635439999
2013-10-29,1851.06,1861.35,1750.21,1832.46,8.77122779,84.79493391300001
2013-10-30,1821.19,1859.79,1817.84,1855.97,6.67490478,70.0891756028
2013-10-31,1848.24,1853.7,1812.52,1812.8,6.03035934,60.1774807367
2013-11-01,1795.29,1806.45,1770.78,1791.96,4.83715396,43.959251736300004
2013-11-04,1797.75,1825.77,1796.49,1812.35,4.04459008,39.1408928618
2013-11-05,1804.8,1872.12,1793.37,1870.49,6.44243062,62.7559677426
2013-11-06,1870.35,1882.17,1854.69,1854.69,7.01358031,67.8598612112
2013-11-07,1848.89,1877.84,1831.91,1840.91,8.09041695,73.309712495
2013-11-08,1809.5,1821.03,1778.39,1809.95,7.06004032,66.3456025231
2013-11-11,1802.02,1815.16,1784.23,1784.79,5.36711109,50.0236819671
2013-11-12,1772.15,1774.57,1748.82,1771.46,6.12906577,53.066275662799995
2013-11-13,1770.92,1804.63,1755.57,1767.56,7.42151519,67.3621852243
2013-11-14,1762.63,1798.09,1762.15,1789.93,7.35136072,69.09928273930001
2013-11-15,1781.88,1835.06,1781.8,1827.4,8.21136625,81.1060212731
2013-11-18,1836.59,1899.55,1836.03,1898.63,10.37149432,102.696874616
2013-11-19,1899.19,1905.06,1882.47,1899.16,9.81347445,100.456772465
2013-11-20,1895.3,1913.47,1890.84,1906.56,8.1137265,82.6899356002
2013-11-21,1895.69,1935.93,1886.95,1926.76,10.38830967,105.71662925700001
2013-11-22,1929.12,1953.44,1920.94,1924.84,9.41144457,94.7552479942
2013-11-25,1914.47,1930.83,1906.74,1916.11,6.90147982,70.5611950461
2013-11-26,1910.0,1923.66,1898.12,1918.68,6.02828687,60.9971758288
2013-11-27,1917.99,1928.13,1904.25,1924.16,6.145959,59.9976953951
2013-11-28,1926.48,1961.42,1923.46,1940.14,8.81325557,88.5905935588
2013-11-29,1940.4,1953.16,1935.31,1949.37,7.17982717,72.8708870175
2013-12-02,1902.11,1918.91,1828.56,1836.87,8.51434712,81.2028362668
2013-12-03,1823.62,1893.11,1821.13,1891.88,5.74227658,56.178125289200004
2013-12-04,1895.96,1956.5,1895.79,1941.73,8.97322691,90.88676112739999
2013-12-05,1946.38,1963.5,1932.0,1951.88,7.69281802,78.19775235670001
2013-12-06,1946.13,1959.46,1943.09,1951.58,5.4837586,55.4853410384
2013-12-09,1955.74,1998.48,1954.85,1995.37,8.39129341,84.3995644917
2013-12-10,1996.2,1997.5,1970.45,1977.77,5.87433317,61.4698456429
2013-12-11,1971.27,1984.7,1945.27,1980.63,7.59057596,76.9697551715
2013-12-12,1977.22,1988.81,1962.14,1971.25,6.03053476,62.1305090655
2013-12-13,1957.24,1972.7,1949.84,1962.81,5.380829,55.2874449127
2013-12-16,1974.12,1987.77,1934.41,1934.6,7.05799687,74.3849661422
2013-12-17,1931.03,1937.61,1899.93,1903.96,4.97928029,51.041687928900004
2013-12-18,1905.73,1921.87,1898.25,1904.47,3.8160609,40.3066105462
2013-12-19,1906.93,1914.88,1874.97,1876.61,4.36863172,44.239223323000004
2013-12-20,1876.91,1888.8,1859.13,1879.34,4.65228519,46.140155854
2013-12-23,1883.28,1885.36,1838.5,1871.59,4.69215106,48.6070343611
2013-12-24,1872.47,1892.75,1866.51,1888.88,4.78248588,49.1463035171
2013-12-25,1890.77,1900.97,1878.19,1900.94,4.63648514,49.5018355534
2013-12-26,1904.08,1908.93,1852.27,1852.75,4.97423843,51.45408017
2013-12-27,1847.93,1883.23,1846.47,1879.05,3.97044027,41.7252161085
2013-12-30,1886.64,1898.98,1883.47,1893.96,4.26966568,41.890642399
2013-12-31,1888.01,1894.53,1862.17,1893.3,4.37090883,43.6012852101
2014-01-02,1887.5,1913.16,1882.32,1910.49,3.8475527,42.0008621682
2014-01-03,1904.09,1907.1,1885.36,1896.49,4.4061084,47.517627510299995
2014-01-06,1887.19,1887.79,1817.59,1818.07,4.5415902,47.0545968212
2014-01-07,1807.54,1827.04,1801.41,1818.74,3.69666825,39.4359208071
2014-01-08,1818.16,1839.61,1813.95,1818.81,3.5710814,37.321473653299996
2014-01-09,1814.79,1830.2,1790.79,1792.05,3.84666406,38.9948449594
2014-01-10,1782.84,1787.58,1754.84,1758.93,3.46167658,33.618822977600004
2014-01-13,1760.95,1778.06,1744.98,1756.98,2.86778804,28.065957471999997
2014-01-14,1761.24,1801.21,1742.65,1790.35,3.43196096,33.1762735405
2014-01-15,1788.53,1812.76,1779.23,1812.76,4.13468599,38.1803400819
2014-01-16,1810.39,1817.64,1802.43,1803.3,3.43838416,34.1662429422
2014-01-17,1799.59,1799.93,1755.4,1755.43,2.92812193,30.3668275232
2014-01-20,1774.33,1784.81,1732.36,1741.01,3.7867919,38.062745303
2014-01-21,1738.58,1758.06,1737.55,1750.53,3.20109126,31.4257088962
2014-01-22,1749.78,1795.14,1747.21,1792.5,4.75861446,44.474146353
2014-01-23,1789.52,1797.9,1787.48,1790.19,4.34079081,41.623767783699996
2014-01-24,1789.74,1807.69,1788.25,1806.24,4.71192608,46.53039474
2014-01-27,1799.75,1800.05,1782.84,1788.67,4.55223731,43.696167181499995
2014-01-28,1776.8,1783.74,1753.66,1767.12,3.95901189,37.159880771
2014-01-29,1763.23,1767.59,1755.96,1760.26,3.99249445,37.1060512123
2014-01-30,1760.08,1762.09,1738.34,1740.38,2.85814788,27.6532433777
2014-02-07,1735.35,1775.12,1730.02,1775.12,3.18121842,32.3448909447
2014-02-10,1777.36,1818.45,1777.36,1818.39,5.63636312,55.4614767445
2014-02-11,1818.86,1834.45,1809.08,1828.49,6.02298878,61.6396364828
2014-02-12,1830.46,1884.49,1821.01,1884.49,8.63861892,86.2510798964
2014-02-13,1877.51,1881.74,1843.51,1844.35,7.28812762,72.619684818
2014-02-14,1843.28,1871.92,1843.28,1871.8,5.82603212,58.2865871841
2014-02-17,1879.52,1889.58,1870.16,1889.58,6.67315468,70.3563888524
2014-02-18,1891.72,1905.32,1874.4,1881.47,7.57808777,80.6771678312
2014-02-19,1875.27,1888.36,1861.6,1885.11,7.01012398,71.9849345025
2014-02-20,1883.92,1893.02,1850.64,1866.88,7.28160822,72.4211319472
2014-02-21,1859.98,1868.36,1837.66,1854.37,5.63441866,54.2849701029
2014-02-24,1850.24,1850.26,1811.09,1842.11,5.83859754,57.887377244300005
2014-02-25,1839.88,1848.6,1745.86,1757.45,6.49633905,64.6903625154
2014-02-26,1749.52,1760.32,1719.17,1760.32,4.80715534,45.9337525822
2014-02-27,1758.75,1775.28,1740.0,1740.92,5.38284309,49.9590960326
2014-02-28,1728.55,1752.13,1712.78,1751.92,4.42297707,40.9048815753
2014-03-03,1747.46,1789.51,1743.77,1789.46,4.55044441,44.4711432101
2014-03-04,1778.27,1786.03,1759.78,1781.65,4.25734754,41.4387684071
2014-03-05,1786.49,1802.11,1779.22,1781.66,5.0379073,46.454882220100004
2014-03-06,1776.79,1778.18,1755.85,1773.49,3.60819924,34.6689022519
2014-03-07,1775.28,1785.39,1755.34,1759.64,4.09429433,37.6190630922
2014-03-10,1747.85,1748.08,1693.4,1695.93,4.30865997,39.322149835
2014-03-11,1691.28,1703.19,1680.78,1695.02,2.90519415,27.507093985100003
2014-03-12,1691.43,1704.34,1666.08,1693.33,3.25238555,28.6175381109
2014-03-13,1691.65,1709.16,1690.4,1707.37,3.33374078,29.959430722399997
2014-03-14,1701.02,1707.47,1685.84,1698.39,2.95758534,26.545293812399997
2014-03-17,1696.22,1719.08,1689.32,1718.99,3.82744817,34.6136517374
2014-03-18,1720.6,1747.18,1717.06,1739.4,4.7179448,43.27859681939999
2014-03-19,1736.63,1736.67,1711.8,1725.52,3.7541315,33.8903396697
2014-03-20,1721.23,1729.1,1687.31,1687.31,4.01267049,35.406120440500004
2014-03-21,1680.73,1716.36,1667.08,1715.61,3.86930659,33.739729956
2014-03-24,1715.24,1725.24,1708.05,1722.96,3.88122656,33.490848688
2014-03-25,1720.27,1734.3,1715.3,1732.35,4.1285476,36.4968266
2014-03-26,1733.33,1735.95,1726.48,1733.43,3.52599552,31.7586213168
2014-03-27,1732.91,1732.96,1701.57,1701.57,3.38175108,29.7761826242
2014-03-28,1696.66,1704.62,1679.38,1679.58,3.7646375,32.52408494
2014-03-31,1671.79,1677.99,1657.49,1666.94,2.68481742,24.0648877884
2014-04-01,1668.75,1689.12,1668.54,1689.07,3.49137469,29.1112708195
2014-04-02,1688.72,1693.41,1684.53,1692.24,3.63001605,28.9019799425
2014-04-03,1693.05,1697.73,1679.85,1685.71,3.14031606,25.9464010693
2014-04-04,1681.92,1698.44,1680.34,1698.25,2.86477401,24.093951790100004
2014-04-08,1693.24,1706.84,1692.22,1706.84,3.50118115,31.2422988935
2014-04-09,1708.13,1726.01,1707.49,1725.55,4.31144549,37.8611108624
2014-04-10,1723.57,1730.89,1721.18,1725.67,4.20891027,38.6252651784
2014-04-11,1721.84,1724.08,1713.55,1719.15,3.39734015,30.2877027443
2014-04-14,1718.35,1751.81,1717.57,1749.88,4.56834597,44.07624746770001
2014-04-15,1747.73,1758.92,1743.36,1748.24,5.25237277,48.2483051954
2014-04-16,1743.14,1761.87,1743.07,1759.88,4.738732,41.5857638815
2014-04-17,1765.11,1768.27,1751.34,1751.95,3.9258257,36.428137744299995
2014-04-18,1747.78,1749.27,1740.37,1748.07,2.76584224,25.0801207024
2014-04-21,1738.5,1753.82,1721.93,1723.44,3.47078384,31.7704030052
2014-04-22,1719.55,1726.53,1689.66,1712.55,3.78100988,35.0380138206
2014-04-23,1713.95,1723.92,1704.45,1708.59,2.99328319,28.112607086500002
2014-04-24,1705.93,1711.51,1695.73,1696.33,2.80716768,26.365631103000002
2014-04-25,1697.29,1698.52,1664.62,1665.01,3.65876946,34.5842275706
2014-04-28,1659.78,1660.02,1606.24,1608.36,3.49123693,30.8747555627
2014-04-29,1606.9,1630.99,1606.45,1630.56,2.46811526,21.7554702222
2014-04-30,1627.63,1635.84,1620.66,1634.53,2.2190307,20.0378995925
2014-05-05,1631.2,1669.82,1627.64,1669.82,3.03202395,30.962780202399998
2014-05-06,1666.06,1692.11,1665.7,1687.83,3.30037164,35.2131336485
2014-05-07,1683.2,1685.64,1663.34,1664.49,2.90823208,29.6894387346
2014-05-08,1662.49,1683.17,1658.42,1662.89,2.38839516,23.539658826100002
2014-05-09,1660.53,1662.81,1633.0,1647.72,2.22274152,21.712264709899998
2014-05-12,1657.54,1682.6,1651.31,1682.57,3.13565405,28.084806215700002
2014-05-13,1683.43,1690.56,1675.81,1679.71,2.73557124,26.175236851599998
2014-05-14,1680.04,1689.54,1678.35,1687.06,2.85567054,27.4428960936
2014-05-15,1690.36,1702.37,1667.12,1668.01,3.43815724,34.5522740369
2014-05-16,1661.75,1670.09,1651.23,1669.39,2.45574893,23.9114876449
2014-05-19,1665.66,1671.77,1651.67,1668.25,2.9049274,25.5334828833
2014-05-20,1672.53,1686.33,1666.95,1672.45,2.81256985,28.9242705798
2014-05-21,1665.99,1684.9,1654.76,1684.35,2.41825066,25.073931380700003
2014-05-22,1683.87,1693.86,1673.72,1674.44,2.87473619,28.012590887600002
2014-05-23,1671.13,1681.69,1663.82,1681.69,2.69700528,26.708382374699998
2014-05-26,1681.97,1696.65,1681.97,1696.62,3.47773837,33.5314109479
2014-05-27,1693.66,1698.67,1687.45,1693.51,3.29004848,30.7179734335
2014-05-28,1689.4,1698.17,1681.03,1697.53,3.81695134,30.5919865677
2014-05-29,1694.68,1695.57,1672.36,1672.37,5.35181634,45.9989521659
2014-05-30,1670.17,1683.08,1668.42,1677.45,4.25185883,35.0605178813
2014-06-03,1676.44,1681.69,1672.95,1673.34,3.48785325,28.837349082600003
2014-06-04,1671.7,1672.01,1648.91,1657.37,2.99428093,24.761044564400002
2014-06-05,1654.18,1671.15,1652.21,1671.15,2.69026746,23.0242545397
2014-06-06,1670.1,1673.2,1655.32,1664.95,2.8988082,23.451780737199996
2014-06-09,1660.73,1672.47,1658.04,1658.82,2.71918942,22.589303668200003
2014-06-10,1662.86,1679.4,1659.45,1679.4,3.11758268,27.6107760373
2014-06-11,1678.57,1683.69,1673.49,1683.46,3.26904845,28.4523945423
2014-06-12,1678.13,1683.57,1675.12,1678.38,3.26237068,27.696114067399996
2014-06-13,1676.85,1696.64,1674.86,1694.49,3.79543738,31.4445089904
2014-06-16,1694.31,1697.41,1686.93,1696.64,3.57308476,33.8961829783
2014-06-17,1691.69,1692.1,1677.35,1677.77,3.4018689,32.2917384377
2014-06-18,1677.36,1678.04,1661.41,1662.48,3.64947168,31.632004246999998
2014-06-19,1660.18,1664.94,1620.44,1626.99,3.91425344,31.558606855500003
2014-06-20,1626.15,1645.62,1625.56,1645.57,2.88008235,22.9863987391
2014-06-23,1649.1,1674.11,1649.02,1669.1,3.96136585,31.7264750004
2014-06-24,1669.44,1674.92,1667.7,1674.31,3.25820942,26.878869579499998
2014-06-25,1673.12,1674.13,1662.91,1671.91,3.21206876,26.686184398600002
2014-06-26,1670.8,1683.57,1669.96,1682.41,3.85934222,32.6623107441
2014-06-27,1680.87,1699.74,1680.32,1694.12,4.75650363,39.583707576900004
2014-06-30,1695.98,1702.74,1690.03,1702.74,4.3984786,39.2619620931
2014-07-01,1705.78,1727.62,1704.3,1727.62,5.88020594,48.380798283900006
2014-07-02,1724.88,1733.72,1718.9,1733.72,5.13253702,45.3640355628
2014-07-03,1734.07,1749.42,1729.79,1748.48,5.93737933,54.312592745799996
2014-07-04,1748.25,1749.49,1741.07,1743.33,4.47389403,39.8891313585
2014-07-07,1741.29,1746.03,1732.48,1738.15,3.9542605,34.7097467448
2014-07-08,1733.79,1750.76,1726.21,1748.09,4.13417049,37.5075377862
2014-07-09,1743.97,1751.09,1721.36,1721.86,4.65656639,38.9818101213
2014-07-10,1719.74,1730.83,1719.68,1724.2,3.6009935,30.2701802913
2014-07-11,1721.48,1733.69,1720.8,1732.03,3.6675952,31.3324803571
2014-07-14,1731.27,1755.79,1729.84,1755.71,4.78250629,38.7942335814
2014-07-15,1754.62,1768.42,1750.75,1768.4,6.2032602,49.814214996000004
2014-07-16,1769.09,1784.43,1769.09,1775.9,6.09167016,47.2929305862
2014-07-17,1773.97,1774.01,1753.21,1759.23,5.51879233,40.5303488642
2014-07-18,1753.56,1775.64,1752.89,1769.35,5.90284407,41.9852206148
2014-07-21,1764.32,1773.53,1763.06,1765.43,5.77267636,43.6903547009
2014-07-22,1761.77,1802.66,1761.18,1799.51,6.35358298,52.921921869799995
2014-07-23,1801.65,1802.67,1787.95,1798.15,6.42503169,55.6665359622
2014-07-24,1796.38,1804.71,1784.4,1801.06,7.37270227,61.5038256571
2014-07-25,1801.03,1810.1,1798.17,1808.9,6.38433511,52.536316094600004
2014-07-28,1811.84,1840.55,1811.71,1840.14,8.110926,67.3010068066
2014-07-29,1840.92,1852.81,1834.41,1847.19,8.55248761,73.0398358337
2014-07-30,1838.16,1851.42,1837.47,1849.34,7.50535628,65.8681491517
2014-07-31,1847.97,1873.04,1846.34,1873.01,7.40796244,63.0444341604
2014-08-01,1870.47,1895.04,1866.49,1874.33,9.33895957,80.0082598099
2014-08-04,1876.01,1904.24,1875.88,1903.99,7.61529215,68.1768200521
2014-08-05,1902.29,1913.94,1891.31,1913.94,8.0296288,67.6935044089
2014-08-06,1906.14,1913.46,1893.64,1910.9,6.4138761,57.1579399963
2014-08-07,1912.49,1915.45,1881.42,1882.66,6.37983113,58.064950419300004
2014-08-08,1884.58,1892.19,1876.62,1889.47,5.07854424,44.616046942
2014-08-11,1892.74,1945.78,1892.74,1945.78,7.69823658,70.0692556744
2014-08-12,1948.04,1961.39,1942.93,1958.54,7.90578207,72.3742115143
2014-08-13,1959.57,1963.91,1934.66,1954.69,7.10689439,63.9390667089
2014-08-14,1953.72,1961.09,1939.08,1940.61,6.83593687,63.3696652897
2014-08-15,1942.31,1963.32,1937.63,1961.77,6.63659873,65.6410291795
2014-08-18,1965.0,1971.96,1959.4,1971.96,6.70385467,62.567827313100004
2014-08-19,1972.88,1990.36,1963.59,1990.36,11.22101494,98.3018634504
2014-08-20,1988.93,2002.17,1984.83,1991.21,10.99682737,93.2607949254
2014-08-21,1990.96,1991.37,1966.31,1984.96,7.96951311,71.94810090600001
2014-08-22,1982.77,1986.7,1968.58,1985.53,6.1974335,57.0015468211
2014-08-25,1987.81,1993.25,1974.96,1979.25,6.73532536,62.4133885529
2014-08-26,1975.64,1979.38,1934.71,1941.52,6.46553176,56.4871002016
2014-08-27,1949.18,1960.01,1940.42,1953.79,5.18054345,49.1277624133
2014-08-28,1952.21,1954.28,1930.79,1937.45,5.12962975,48.349521095600004
2014-08-29,1938.17,1953.84,1930.35,1952.83,3.84490491,37.1427450602
2014-09-01,1952.51,1973.72,1949.52,1973.72,4.64739897,45.0133308709
2014-09-02,1975.15,1999.2,1973.9,1999.2,6.45159848,62.1354576615
2014-09-03,2003.96,2014.55,1996.99,2012.56,7.47454315,70.2237009187
2014-09-04,2012.69,2026.7,2001.21,2025.4,8.58660086,78.3011835184
2014-09-05,2024.08,2025.51,2012.52,2023.16,7.77667512,70.4953558166
2014-09-09,2026.48,2027.68,2007.69,2027.68,7.27326841,68.1671092434
2014-09-10,2021.84,2050.02,2013.6,2048.46,10.49874925,94.3057393701
2014-09-11,2047.89,2082.73,2045.71,2062.11,14.49489657,133.0666807231
2014-09-12,2062.09,2074.81,2054.06,2074.81,8.87568545,89.4407409317
2014-09-15,2077.22,2102.8,2073.29,2102.55,9.78991561,96.9746242134
2014-09-16,2106.07,2114.25,2044.47,2046.61,11.0657873,108.55380883069999
2014-09-17,2051.67,2074.61,2037.54,2074.61,10.36461396,94.274224136
2014-09-18,2072.11,2099.04,2063.77,2099.04,10.82747041,94.47517752350001
2014-09-19,2098.51,2131.98,2097.88,2127.01,11.52076582,103.73781960049999
2014-09-22,2124.07,2124.1,2090.3,2095.71,8.19134784,77.3004702004
2014-09-23,2100.41,2130.82,2100.41,2122.98,9.48887058,90.4806935907
2014-09-24,2122.92,2146.43,2116.02,2146.43,9.36053782,92.22971591950001
2014-09-25,2149.84,2162.31,2139.25,2147.23,8.94546292,90.75054289799999
2014-09-26,2147.49,2203.82,2145.01,2199.0,12.77224607,126.4430186117
2014-09-29,2213.34,2229.38,2209.78,2227.4,12.57780178,125.649828857
2014-09-30,2243.03,2243.03,2201.95,2211.63,13.5348346,133.7755357761
2014-10-08,2219.78,2245.36,2207.07,2245.36,9.31235284,94.5027685557
2014-10-09,2254.9,2256.11,2225.16,2255.7,11.53914702,125.6360725791
2014-10-10,2246.54,2251.63,2225.21,2230.99,10.2039497,108.02971352809999
2014-10-13,2226.49,2226.49,2186.95,2211.26,9.54539571,97.4345632165
2014-10-14,2211.51,2230.49,2198.34,2211.46,9.11430927,92.5311346575
2014-10-15,2206.62,2213.68,2188.41,2213.68,7.57023132,75.2781744792
2014-10-16,2202.09,2216.43,2182.28,2182.56,9.48809206,94.3505744583
2014-10-17,2177.45,2185.1,2124.89,2159.46,10.13313727,94.9541842214
2014-10-20,2173.79,2194.05,2171.01,2192.9,8.51430023,88.1672526467
2014-10-21,2189.66,2196.84,2176.13,2181.85,7.42344925,75.0326507605
2014-10-22,2184.4,2188.67,2146.65,2148.68,7.31213921,74.0205208053
2014-10-23,2147.28,2153.43,2104.3,2126.17,7.38917576,73.4195354873
2014-10-24,2123.75,2141.11,2118.71,2130.18,5.21915845,52.9358630643
2014-10-27,2128.13,2138.7,2111.76,2138.7,5.66198928,55.367182242700004
2014-10-28,2141.72,2182.93,2141.16,2182.79,7.32189004,74.5118098662
2014-10-29,2190.07,2211.69,2179.26,2206.11,8.72594106,93.33518900940001
2014-10-30,2203.37,2213.73,2194.35,2200.05,7.54738856,79.9339850635
2014-10-31,2198.86,2204.09,2175.59,2194.08,7.73824518,80.3785398237
2014-11-03,2204.12,2218.13,2200.35,2218.13,7.24812936,75.3440595408
2014-11-04,2219.61,2220.23,2195.47,2205.38,9.63007749,109.4860019709
2014-11-05,2202.01,2228.03,2191.39,2220.04,12.51433037,124.9998127079
2014-11-06,2213.49,2219.58,2196.1,2217.45,8.25785938,84.6222174162
2014-11-07,2218.01,2227.63,2186.43,2194.39,9.37263782,97.7830018085
2014-11-10,2195.2,2210.49,2185.5,2210.49,7.62220217,79.49652795189999
2014-11-11,2210.85,2215.66,2158.69,2178.03,14.55316417,141.4314063244
2014-11-12,2172.57,2230.13,2168.62,2230.13,12.99024492,125.52487560649999
2014-11-13,2234.39,2271.47,2226.71,2244.95,16.70305789,173.80632743549998
2014-11-14,2231.64,2231.84,2199.41,2219.53,10.06938335,102.478364229
2014-11-17,2219.2,2242.63,2201.34,2238.11,7.92095258,86.024984858
2014-11-18,2235.64,2272.02,2232.71,2268.3,12.11155586,126.6319628548
2014-11-19,2264.3,2282.05,2258.62,2276.16,10.52060245,115.39436683209999
2014-11-20,2263.07,2274.34,2252.12,2268.29,8.9408167,95.494148662
2014-11-21,2275.09,2275.52,2255.38,2267.61,11.11008496,114.660123845
2014-11-24,2276.22,2286.18,2262.2,2283.16,11.55645986,122.5188615109
2014-11-25,2285.7,2295.87,2273.93,2295.87,11.20402015,117.94712796959999
2014-11-26,2299.99,2310.48,2279.44,2293.12,10.96390606,121.0031271781
2014-11-27,2298.39,2324.49,2293.64,2324.49,15.52763712,158.6650021492
2014-11-28,2330.29,2343.92,2307.02,2328.4,14.55184822,155.6703306203
2014-12-01,2326.6,2326.97,2292.18,2321.11,14.39933059,149.2872225893
2014-12-02,2315.91,2339.46,2312.88,2336.54,12.67304142,132.8300064616
2014-12-03,2360.0,2371.88,2319.53,2358.65,18.59311688,197.45754328689998
2014-12-04,2361.34,2396.77,2354.07,2396.77,16.44895224,181.3322197794
2014-12-05,2400.88,2400.88,2273.73,2320.5,16.8951452,184.6886628634
2014-12-08,2312.59,2340.54,2289.87,2335.74,14.28625664,158.72540891469998
2014-12-09,2329.83,2360.47,2247.91,2252.86,21.83474562,238.69622390240002
2014-12-10,2243.18,2331.33,2240.32,2331.33,14.06639611,151.3688841767
2014-12-11,2328.32,2365.64,2309.74,2365.64,15.54474944,169.68238249979998
2014-12-12,2370.15,2372.35,2348.35,2367.02,12.24218967,137.8477362274
2014-12-15,2360.68,2380.47,2342.59,2378.03,11.30210874,127.9599215313
2014-12-16,2378.88,2378.88,2352.99,2365.64,11.04681356,122.4020298647
2014-12-17,2358.42,2358.43,2306.29,2325.16,11.65299466,126.9496546124
2014-12-18,2320.21,2340.83,2317.67,2339.59,10.74100551,116.0378082575
2014-12-19,2345.97,2353.24,2276.91,2322.95,12.7066147,136.8009460481
2014-12-22,2350.33,2365.39,2245.81,2360.3,20.60368332,230.1920960891
2014-12-23,2328.81,2331.39,2266.83,2270.18,11.78924919,131.2842151681
2014-12-24,2282.92,2293.91,2242.21,2262.1,9.92360155,106.83656233079999
2014-12-25,2262.03,2284.08,2252.59,2280.71,8.00241972,85.4261514711
2014-12-26,2279.14,2279.14,2259.61,2276.61,8.46306025,92.115699875
2014-12-29,2274.44,2274.49,2209.61,2220.69,10.47754215,109.8367378729
2014-12-30,2219.98,2231.87,2177.95,2181.09,7.52110917,81.1784305009
2014-12-31,2183.83,2201.3,2155.51,2201.3,8.39990394,86.87990680909999
2015-01-05,2204.01,2242.56,2193.7,2236.45,10.16052448,106.10366122719999
2015-01-06,2228.03,2268.86,2216.04,2268.86,9.9015158,107.02893953719999
2015-01-07,2268.98,2277.72,2253.8,2276.33,9.00340314,97.4458357136
2015-01-08,2279.9,2309.78,2278.24,2291.92,10.06047259,115.7807184567
2015-01-09,2281.07,2293.12,2261.17,2261.17,8.06805902,87.9196734457
2015-01-12,2255.65,2258.72,2229.35,2237.94,7.40272523,77.2449434606
2015-01-13,2232.72,2259.02,2228.7,2257.2,5.91489399,62.6581563778
2015-01-14,2249.43,2270.84,2245.39,2259.66,6.046735,67.4746894682
2015-01-15,2259.77,2281.13,2259.76,2276.28,5.50100017,61.2027812571
2015-01-16,2278.23,2318.07,2278.1,2318.05,8.0830504,89.61947754360001
2015-01-19,2269.33,2332.49,2223.58,2252.41,11.37315895,127.5538890158
2015-01-20,2263.91,2330.26,2263.53,2330.26,9.16482578,107.068082099
2015-01-21,2339.25,2383.17,2339.25,2380.33,12.27953056,142.27521074290001
2015-01-22,2385.81,2432.6,2383.99,2432.55,13.60064118,154.468607489
2015-01-23,2435.33,2435.43,2390.04,2400.39,11.2182526,130.0524469836
2015-01-26,2400.38,2441.95,2398.64,2441.95,9.99140299,114.0744861216
2015-01-27,2444.37,2468.25,2427.81,2467.72,12.57960923,145.9364330851
2015-01-28,2461.88,2478.54,2447.21,2454.28,9.89119524,118.7955883286
2015-01-29,2438.43,2449.14,2421.68,2437.56,7.4204781,87.3963195636
2015-01-30,2452.89,2461.53,2423.28,2437.4,8.10963994,93.8631663644
2015-02-02,2441.93,2460.36,2407.27,2408.42,11.31801315,133.5013414818
2015-02-03,2404.9,2408.41,2374.94,2405.32,8.00676014,91.48345171780001
2015-02-04,2405.68,2406.61,2383.01,2384.64,6.52815294,73.3331329876
2015-02-05,2408.53,2415.44,2369.49,2370.47,7.50755253,84.6512449933
2015-02-06,2366.41,2367.78,2320.88,2330.24,7.63949613,79.60907419899999
2015-02-09,2328.82,2335.93,2316.95,2321.64,4.72099771,52.58552262439999
2015-02-10,2320.43,2332.02,2317.66,2332.02,3.8512667,41.9652140852
2015-02-11,2334.99,2361.65,2333.33,2361.65,4.44632596,50.8572083288
2015-02-12,2364.36,2375.13,2356.73,2375.09,4.93423243,55.6099983054
2015-02-13,2383.88,2410.93,2383.23,2403.66,6.74794122,74.76289867359999
2015-02-16,2407.16,2427.02,2406.76,2426.96,5.89221607,67.058081816
2015-02-17,2428.51,2440.32,2426.91,2440.21,5.88639471,66.2683771984
2015-02-25,2442.32,2462.15,2430.76,2451.62,6.49551284,72.9395297827
2015-02-26,2451.14,2482.7,2450.23,2482.7,7.80347432,88.3095236692
2015-02-27,2481.57,2496.32,2478.79,2496.32,7.9742905,89.3890166291
2015-03-02,2504.33,2532.27,2495.45,2532.27,10.0408504,113.33249858079999
2015-03-03,2526.24,2547.94,2512.01,2516.86,11.05232752,126.5341200887
2015-03-04,2525.83,2583.9,2525.83,2583.9,11.7341088,135.495345658
2015-03-05,2599.46,2599.63,2579.35,2597.92,12.68269189,157.7589949671
2015-03-06,2612.58,2622.84,2584.56,2588.68,9.45445919,114.2108760769
2015-03-09,2599.34,2632.37,2583.91,2631.97,8.62133756,107.5663713283
2015-03-10,2638.3,2670.9,2632.68,2670.78,9.94744266,141.92929708190002
2015-03-11,2669.21,2671.22,2634.87,2641.12,9.06323188,126.0282649228
2015-03-12,2644.05,2658.46,2619.05,2635.32,8.47711576,115.0498050684
2015-03-13,2638.51,2665.85,2638.51,2665.52,8.32244995,104.3090475647
2015-03-16,2683.39,2741.35,2683.37,2741.35,13.21595162,167.9214200427
2015-03-17,2756.6,2773.34,2735.29,2768.87,15.47792729,197.6969102365
2015-03-18,2772.01,2813.93,2763.27,2813.93,15.89857635,204.4334352616
2015-03-19,2817.84,2836.63,2801.04,2836.46,15.99626093,203.8962882872
2015-03-20,2834.18,2858.12,2824.95,2854.5,13.68342623,178.1579031609
2015-03-23,2871.53,2910.91,2871.52,2910.91,16.9333301,229.4082402514
2015-03-24,2910.8,2927.3,2838.94,2926.34,19.33627514,265.2802131012
2015-03-25,2936.56,3007.24,2919.29,2995.55,19.1521137,280.5766284733
2015-03-26,2980.93,3023.12,2952.88,2995.55,16.65795619,236.0591064486
2015-03-27,2994.8,3020.83,2991.82,3014.02,13.8628005,190.2165884148
2015-03-30,3018.91,3035.53,3002.2,3020.12,15.75649656,218.5731617162
2015-03-31,3026.3,3047.79,3001.49,3021.08,16.78638508,227.15858291680001
2015-04-01,3026.16,3096.6,3026.16,3092.02,14.78619049,210.75150812340001
2015-04-02,3100.24,3131.52,3090.14,3128.91,15.87860488,223.87257984759998
2015-04-03,3122.78,3192.53,3114.33,3192.53,18.61599054,264.58095662380003
2015-04-07,3198.78,3241.4,3188.05,3240.29,17.27167355,254.49027430779998
2015-04-08,3258.51,3267.89,3157.39,3203.64,18.25417325,273.583758146
2015-04-09,3203.74,3203.74,3062.4,3146.29,16.89088629,243.02599846479998
2015-04-10,3142.33,3247.16,3132.54,3243.09,16.08615026,239.1395495854
2015-04-13,3270.15,3290.5,3229.65,3287.49,19.3309497,287.7955699515
2015-04-14,3278.46,3316.36,3255.19,3299.23,18.5781737,280.8239749755
2015-04-15,3288.75,3289.79,3180.48,3189.82,16.10257463,238.3735762611
2015-04-16,3155.54,3248.79,3115.11,3231.48,14.96007738,220.59033314180002
2015-04-17,3249.06,3282.82,3244.33,3259.1,19.41418879,285.8726228979
2015-04-20,3254.39,3296.26,3202.75,3224.61,21.07895987,309.4457117356
2015-04-21,3227.37,3316.63,3224.06,3316.63,16.7300481,251.4985357765
2015-04-22,3337.82,3413.88,3337.82,3408.27,19.44026058,309.1943072669
2015-04-23,3421.77,3435.77,3380.22,3413.99,18.68248068,299.6871530161
2015-04-24,3373.73,3418.9,3345.07,3404.33,17.59358422,287.1614016396
2015-04-27,3422.23,3469.34,3401.39,3432.64,18.6827103,295.1418075864
2015-04-28,3441.01,3446.97,3297.25,3330.8,18.12770896,289.17990100049997
2015-04-29,3321.67,3396.09,3307.12,3386.38,12.66451217,203.8613745586
2015-04-30,3384.07,3413.78,3377.2,3392.58,13.93811284,218.7639784539
2015-05-04,3401.09,3455.63,3363.89,3455.63,14.64154207,226.3460061241
2015-05-05,3451.04,3456.72,3307.83,3322.0,13.9934188,221.5148980192
2015-05-06,3332.58,3363.35,3221.71,3243.44,11.78365723,181.282595918
2015-05-07,3231.09,3244.34,3171.23,3180.06,9.25087302,137.7134615299
2015-05-08,3220.82,3273.61,3201.36,3273.61,9.68185317,145.9630109456
2015-05-11,3310.85,3409.59,3280.55,3409.13,13.48744439,217.1522535004
2015-05-12,3425.57,3546.05,3421.23,3541.93,15.63513946,267.19138419669997
2015-05-13,3545.49,3630.37,3505.45,3589.88,19.1349337,311.637386496
2015-05-14,3600.79,3622.88,3579.76,3609.35,16.68740732,260.266825084
2015-05-15,3617.98,3673.67,3574.91,3637.77,18.4553442,295.1644357295
2015-05-18,3643.46,3747.73,3627.59,3738.19,18.34839323,298.7567891052
2015-05-19,3755.96,3816.61,3722.68,3816.6,17.76808994,296.2160065415
2015-05-20,3837.67,3940.81,3837.02,3866.14,19.77589099,341.8494043147
2015-05-21,3893.73,4057.78,3893.73,4057.01,22.14136617,386.9900851017
2015-05-22,4125.82,4157.93,4050.03,4145.64,26.39902041,488.31669642730003
2015-05-25,4107.47,4266.01,4066.05,4252.47,25.22170218,471.8251713977
2015-05-26,4270.56,4364.28,4232.09,4361.83,23.90189456,448.66494384519996
2015-05-27,4414.12,4505.9,4356.81,4488.67,25.80049427,491.8554493506
2015-05-28,4521.01,4564.6,4193.46,4196.21,29.98417308,572.7934887014
2015-05-29,4174.76,4309.74,3972.49,4224.53,21.76337022,403.9605016695
2015-06-01,4257.55,4436.37,4251.45,4435.69,18.90749055,355.45882102480005
2015-06-02,4455.89,4634.74,4440.3,4634.64,21.78564266,417.58582781940004
2015-06-03,4659.22,4681.85,4526.08,4642.86,19.90937332,400.35575165910006
2015-06-04,4662.09,4662.09,4335.36,4586.34,19.33625109,394.4181028868
2015-06-05,4625.94,4692.86,4548.69,4683.13,23.74549294,477.0584912858
2015-06-08,4691.95,4731.85,4601.92,4689.56,22.55030838,447.9876768575
2015-06-09,4699.14,4715.1,4605.17,4648.45,18.00683969,379.0590588526
2015-06-10,4614.51,4798.38,4554.26,4749.44,17.24728835,355.53670682989997
2015-06-11,4753.62,4856.18,4279.93,4856.18,18.7555203,373.9249972271
2015-06-12,4890.68,4974.99,4870.51,4952.95,23.28321877,500.0926034382
2015-06-15,4953.02,4974.98,4826.74,4839.77,20.69272981,438.96610613660005
2015-06-16,4762.67,4767.11,4570.12,4622.33,16.57161673,343.2656058284
2015-06-17,4605.99,4772.93,4490.79,4753.7,16.31630444,327.49972000080004
2015-06-18,4767.87,4834.34,4625.56,4635.31,17.51931623,360.8525983546
2015-06-19,4497.18,4563.2,4300.77,4307.31,14.06434292,272.2210083183
2015-06-23,4280.85,4354.04,3999.01,4354.04,15.38735261,286.9655522936
2015-06-24,4389.23,4474.55,4324.33,4474.55,16.90034232,344.5950578913
2015-06-25,4496.82,4569.25,4321.96,4401.64,19.38517265,396.7789867389
2015-06-26,4240.32,4257.16,3999.76,4009.13,15.47297896,284.2930189337
2015-06-29,4104.98,4105.22,3667.7,3769.33,20.17758967,355.30756715269996
2015-06-30,3681.46,3925.32,3484.62,3911.52,21.5216497,348.38723939669995
2015-07-01,3855.06,3996.86,3684.03,3700.95,17.40813126,292.8764565126
2015-07-02,3648.59,3684.13,3417.98,3433.41,14.70870656,215.6609337235
2015-07-03,3281.77,3434.67,3162.56,3194.33,15.06635536,201.75001833099998
2015-07-06,3420.59,3420.59,2970.8,3103.84,23.11718119,303.0779470801
2015-07-07,2987.34,3013.13,2898.67,2908.55,11.83330622,127.4540097776
2015-07-08,2760.92,2831.15,2760.92,2797.28,16.62408699,198.3783816559
2015-07-09,2748.46,2920.45,2748.46,2919.64,10.86042626,124.7750989116
2015-07-10,2995.16,3057.51,2973.56,3057.51,7.9516909,105.50083085879999
2015-07-13,3201.23,3266.73,3174.3,3266.73,12.6891685,177.6808512019
2015-07-14,3356.31,3461.31,3303.88,3366.51,18.2640544,287.7148410352
2015-07-16,3100.41,3309.13,3000.41,3241.92,16.12870295,209.49128301
2015-07-17,3253.7,3482.14,3253.7,3460.25,17.83522826,257.08488562580004
2015-07-20,3511.88,3645.24,3511.73,3620.06,21.22429001,313.2956066679
2015-07-21,3628.02,3820.82,3566.79,3797.1,22.23191975,345.9595184708
2015-07-22,3841.17,3894.95,3681.9,3837.36,26.70328944,423.6158003148
2015-07-23,3864.21,3961.42,3842.91,3950.0,23.5222472,374.88600301639997
2015-07-24,3953.76,3985.93,3809.64,3848.55,23.47888178,396.4654874118
2015-07-27,3771.58,3967.03,3612.07,3614.36,24.88649305,414.3819786163
2015-07-28,3441.66,3702.41,3383.78,3669.15,25.90570363,395.6150503464
2015-07-29,3727.3,3826.06,3592.98,3822.89,22.73066122,364.3997483829
2015-07-30,3793.4,3898.67,3694.79,3714.75,21.00934161,356.32124035730004
2015-07-31,3649.38,3705.05,3530.25,3582.95,14.70768679,235.0122300962
2015-08-03,3503.45,3585.47,3368.59,3429.76,14.57649292,229.6200438914
2015-08-04,3415.29,3623.99,3401.25,3623.6,15.970458,250.8574526659
2015-08-05,3622.42,3679.75,3527.6,3577.45,15.7104623,259.1668988997
2015-08-06,3477.2,3572.73,3465.24,3520.08,11.731617,180.0411731864
2015-08-07,3564.19,3645.44,3564.19,3634.11,14.94180274,224.8748669323
2015-08-10,3681.4,3848.88,3634.11,3833.72,18.06310507,287.645467688
2015-08-11,3829.0,3907.33,3781.63,3846.93,21.02696795,340.6181559161
2015-08-12,3799.44,3896.67,3788.27,3844.63,19.08639189,311.8690716571
2015-08-13,3815.76,3906.54,3748.5,3900.95,17.26128089,288.6003200962
2015-08-14,3913.57,3981.04,3895.05,3957.25,19.09392189,330.1734561917
2015-08-17,3927.47,4110.0,3919.23,4097.09,20.28837498,367.6874653278
2015-08-18,4085.43,4103.36,3774.48,3793.69,19.90077349,327.4847549825
2015-08-19,3657.55,3937.27,3617.92,3907.19,21.71244126,338.4032498414
2015-08-20,3868.51,3929.86,3772.77,3778.01,18.82237097,284.99165062229997
2015-08-21,3685.81,3749.23,3552.22,3566.2,16.00652473,242.64826727419998
2015-08-24,3397.96,3414.45,3288.72,3288.72,8.78415877,130.6612255483
2015-08-25,3041.47,3117.29,3030.44,3033.12,9.7301851,126.0429643175
2015-08-26,3008.06,3127.88,2886.49,2944.41,17.64207562,223.8932922406
2015-08-27,2981.89,3035.7,2873.97,3035.32,14.14906604,178.5948248668
2015-08-28,3076.24,3220.28,3055.46,3219.73,15.66603404,204.67425005569999
2015-08-31,3192.84,3192.84,3070.8,3071.98,13.38246864,173.7239707033
2015-09-01,3026.89,3027.5,2862.93,2870.44,12.77402838,144.9685252673
2015-09-07,2804.35,2895.93,2742.93,2770.55,11.82121888,141.6271962779
2015-09-08,2752.78,2881.93,2719.78,2868.15,10.0483249,112.1460137547
2015-09-09,2886.62,2978.76,2876.35,2964.27,15.51201879,187.35782607279998
2015-09-10,2924.07,3024.29,2905.99,2969.16,13.85387589,172.383953514
2015-09-11,2953.63,2993.4,2922.76,2973.49,11.07543135,136.5552097307
2015-09-14,2995.72,3005.49,2766.82,2787.35,14.514746,167.728870758
2015-09-15,2707.45,2766.47,2634.72,2647.61,10.2901775,106.49942970309999
2015-09-16,2654.0,2834.76,2641.52,2822.78,11.49437292,125.04877537969999
2015-09-17,2810.22,2885.03,2754.95,2754.95,12.68691059,144.2333910546
2015-09-18,2770.18,2794.18,2738.18,2776.79,7.96802144,87.0648874265
2015-09-21,2750.09,2863.29,2742.33,2863.29,10.32280838,119.8188312533
2015-09-22,2871.99,2929.39,2869.09,2909.0,12.70250391,148.1376815474
2015-09-23,2863.57,2904.87,2842.23,2871.37,12.01212426,142.3576460699
2015-09-24,2879.34,2916.73,2874.49,2912.81,10.5564714,128.0772451005
2015-09-25,2898.81,2923.71,2793.7,2815.41,10.07139853,118.9176517151
2015-09-28,2820.66,2862.11,2780.19,2862.11,7.30589241,84.1019766278
2015-09-29,2816.23,2879.61,2808.61,2846.63,9.7320664,105.90626815579999
2015-09-30,2855.88,2871.99,2831.89,2854.43,8.67013838,90.24813579129999
2015-10-08,2945.15,2992.56,2927.29,2984.54,12.13333461,136.3359668478
2015-10-09,2987.97,3052.14,2976.51,3040.49,12.01690302,142.29229266139998
2015-10-12,3068.49,3212.23,3068.47,3169.69,16.21759017,197.92790296299998
2015-10-13,3158.01,3217.58,3144.62,3212.41,13.71040608,177.2387082494
2015-10-14,3218.42,3251.2,3155.69,3164.03,15.97008392,202.9828897576
2015-10-15,3152.78,3252.72,3145.62,3252.53,15.40535646,207.4689885314
2015-10-16,3275.52,3299.54,3223.46,3298.54,17.46155399,246.71671051490003
2015-10-19,3293.95,3309.52,3246.89,3284.47,15.88788222,229.1029989544
2015-10-20,3275.13,3308.69,3248.41,3308.69,13.31463388,182.7549302192
2015-10-21,3308.55,3316.14,3099.18,3106.63,16.9095993,227.6345080531
2015-10-22,3096.73,3205.18,3088.2,3203.95,13.55838295,183.9717713708
2015-10-23,3216.5,3281.55,3193.75,3265.15,15.0885757,212.68107961110002
2015-10-26,3302.54,3337.91,3265.97,3314.2,16.20863484,221.01987607200002
2015-10-27,3295.18,3343.03,3193.82,3327.95,14.13822417,202.5667008741
2015-10-28,3312.06,3351.07,3253.42,3266.7,11.56913446,163.8498110546
2015-10-29,3288.6,3333.33,3271.49,3303.01,11.03834719,159.3052040788
2015-10-30,3295.55,3322.91,3243.36,3291.36,11.12388429,149.32800208540002
2015-11-02,3233.08,3336.06,3219.3,3275.1,11.7342245,157.3300818826
2015-11-03,3297.0,3359.53,3296.58,3340.39,13.35912331,179.9517465904
2015-11-04,3362.18,3460.48,3354.35,3460.32,17.35512713,232.98890639759998
2015-11-05,3469.96,3488.57,3435.02,3442.39,19.3392078,273.2094049618
2015-11-06,3436.99,3499.83,3436.99,3495.13,15.35013845,221.767563698
2015-11-09,3463.72,3533.53,3424.97,3521.35,17.6469869,273.5583298524
2015-11-10,3511.27,3548.49,3496.36,3534.94,16.57733786,263.2495902645
2015-11-11,3540.22,3567.48,3524.15,3561.74,13.96197019,215.574103817
2015-11-12,3578.62,3620.75,3540.99,3601.64,15.0279408,248.65761932060002
2015-11-13,3564.51,3576.02,3490.39,3510.02,12.76906131,206.3228655332
2015-11-16,3444.14,3552.95,3439.37,3552.95,10.16776469,153.1280529141
2015-11-17,3582.51,3628.94,3546.73,3555.34,15.05791258,229.7648214098
2015-11-18,3557.23,3582.23,3512.48,3522.24,11.93141789,169.6027425293
2015-11-19,3538.81,3593.31,3531.13,3593.31,11.16873867,160.38638659120002
2015-11-20,3606.32,3628.06,3580.58,3626.3,12.56148991,189.6448883329
2015-11-23,3632.47,3657.77,3601.65,3613.25,14.71806809,216.9374240101
2015-11-24,3603.9,3687.68,3603.9,3687.49,13.13400485,209.96882443419997
2015-11-25,3683.77,3734.74,3676.66,3734.74,13.63910482,213.9946500882
2015-11-26,3739.13,3756.48,3703.68,3703.9,15.64395544,236.8086866463
2015-11-27,3681.42,3684.77,3466.06,3494.88,15.65530392,236.4535609434
2015-11-30,3502.28,3552.27,3355.08,3511.44,14.54136298,220.99229861509997
2015-12-01,3504.11,3542.6,3465.05,3514.48,11.75688967,185.545171812
2015-12-02,3527.01,3538.03,3410.88,3506.31,11.39832792,168.0773216446
2015-12-03,3494.24,3580.87,3494.24,3580.48,10.18352862,156.38498243360002
2015-12-04,3561.51,3630.97,3550.84,3620.92,14.79554188,215.3087573713
2015-12-07,3619.26,3641.63,3593.02,3639.36,15.02883208,210.20217080150002
2015-12-08,3621.51,3621.51,3552.67,3555.24,14.55259291,204.94467059099998
2015-12-09,3535.94,3557.8,3492.73,3510.38,11.40255395,158.7294372686
2015-12-10,3511.3,3540.02,3497.46,3511.64,10.60861219,144.8577129805
2015-12-11,3507.37,3507.55,3445.2,3473.03,8.57984725,123.18960128319999
2015-12-14,3443.28,3544.37,3436.53,3544.37,10.22505616,148.57532504739999
2015-12-15,3547.99,3585.92,3547.85,3575.61,10.00217194,149.3669773
2015-12-16,3584.68,3628.32,3584.68,3605.83,10.29268046,157.2560801857
2015-12-17,3627.84,3686.41,3627.22,3686.22,13.15016242,205.30870461680001
2015-12-18,3684.43,3702.94,3653.17,3687.44,13.20552772,201.19950040450001
2015-12-21,3682.77,3754.79,3682.44,3754.79,13.32424713,206.60373003919997
2015-12-22,3770.17,3820.83,3745.09,3816.58,16.06304144,247.0741598771
2015-12-23,3813.63,3820.36,3754.61,3763.46,13.73124028,226.6069514551
2015-12-24,3764.65,3783.12,3717.21,3780.25,12.25225693,185.69330619119998
2015-12-25,3780.34,3788.07,3757.86,3788.04,10.09123628,153.9960347918
2015-12-28,3793.58,3801.12,3678.66,3678.66,12.1493566,184.5836290802
2015-12-29,3669.71,3701.08,3636.65,3701.08,8.36772384,128.71523081040002
2015-12-30,3708.68,3710.97,3671.16,3706.77,8.04165101,122.8153168696
2015-12-31,3717.29,3723.79,3667.15,3671.14,8.37588889,124.39581235719999
2016-01-04,3671.08,3673.0,3386.55,3389.04,8.0483693,114.5259138676
2016-01-05,3245.47,3415.49,3228.14,3354.24,12.63655176,175.16413367709998
2016-01-06,3373.55,3458.37,3365.48,3458.37,9.92291954,149.5665385118
2016-01-07,3399.89,3421.85,3167.3,3171.44,2.59001925,35.941901976
2016-01-08,3246.88,3299.01,3050.98,3251.43,11.46156298,163.616160718
2016-01-11,3197.76,3290.69,3077.31,3077.31,11.6138991,165.7866671115
2016-01-12,3062.01,3107.64,2981.09,3063.91,10.04781044,133.9118799497
2016-01-13,3077.84,3100.2,2944.12,2950.87,8.97009677,118.4115172708
2016-01-14,2851.31,3024.37,2841.77,3020.82,9.62955608,117.5069595476
2016-01-15,2996.98,3017.79,2878.03,2896.74,8.42157007,104.450496094
2016-01-18,2832.2,2971.44,2832.2,2941.47,8.60976082,102.6115557427
2016-01-19,2930.22,3051.01,2927.22,3047.83,10.20669747,123.2228519663
2016-01-20,3026.27,3074.96,3001.39,3025.64,10.26519065,129.70806187530002
2016-01-21,2971.49,3042.54,2921.17,2921.17,9.09432052,112.7042606419
2016-01-22,2943.68,2972.95,2879.53,2959.32,7.71324269,94.9316882813
2016-01-25,2978.97,3008.27,2965.33,3006.11,8.75186011,108.69112389680001
2016-01-26,2973.53,3002.77,2813.65,2817.44,10.80025494,126.4470486086
2016-01-27,2834.85,2839.6,2664.15,2803.26,9.94844937,109.0097927525
2016-01-28,2779.9,2810.67,2692.85,2703.47,8.94371591,95.0339745137
2016-01-29,2683.99,2792.3,2660.38,2770.54,9.18083704,93.8219345572
2016-02-01,2760.07,2795.53,2708.21,2747.01,7.99880357,83.8094920508
2016-02-02,2748.4,2824.69,2748.19,2824.41,7.77491697,85.955337918
2016-02-03,2790.28,2819.28,2751.96,2806.41,6.5057103,73.270545036
2016-02-04,2813.33,2869.32,2812.33,2852.57,7.94782871,89.2018574821
2016-02-05,2857.93,2868.4,2834.7,2840.58,6.5102173,73.05929028050001
2016-02-15,2739.18,2837.82,2739.18,2823.22,5.49465972,61.2816517495
2016-02-16,2843.39,2946.23,2842.93,2939.01,8.3206103,97.0880353751
2016-02-17,2939.76,3005.38,2939.76,3003.76,11.09145081,131.4160407457
2016-02-18,3022.17,3035.93,2984.7,3006.19,12.06271666,145.2339059425
2016-02-19,2990.16,3039.9,2989.64,3022.35,8.65185747,108.3334704631
2016-02-22,3055.07,3076.7,3041.28,3071.88,10.50185431,127.4651499336
2016-02-23,3070.48,3081.32,3021.13,3081.3,10.6850021,124.55361714780001
2016-02-24,3071.79,3140.47,3062.77,3128.6,12.12641085,157.0435867913
2016-02-25,3113.47,3113.59,2892.16,2909.26,12.66632222,164.27065119879998
2016-02-26,2928.99,2966.17,2864.51,2945.48,9.51222909,123.13503495719999
2016-02-29,2929.3,2929.3,2777.63,2832.66,8.75820727,113.9703510101
2016-03-01,2832.64,2906.31,2813.5,2894.83,8.1565912,105.3362949963
2016-03-02,2875.66,3001.68,2875.29,2995.68,10.4962551,133.72232218940002
2016-03-03,2983.13,3050.24,2978.19,2997.37,13.24283391,167.995609296
2016-03-04,2974.16,3025.5,2903.43,2950.01,12.96400643,159.819988913
2016-03-07,2985.68,3041.1,2984.73,3041.05,11.9905919,142.4697871699
2016-03-08,3030.37,3030.38,2901.25,3005.81,10.77544359,129.8609223676
2016-03-09,2934.2,2964.86,2901.96,2917.38,7.55574725,92.2818149899
2016-03-10,2922.92,2949.98,2888.82,2890.53,6.22987849,78.86629656390001
2016-03-11,2866.16,2916.26,2852.42,2888.19,5.27924449,64.8041383629
2016-03-14,2911.18,3008.88,2910.23,2979.42,8.59453699,112.0760359559
2016-03-15,2963.07,2983.53,2934.79,2945.13,7.12756137,93.7930307966
2016-03-16,2963.74,2974.98,2880.89,2901.84,6.26684194,79.0956084237
2016-03-17,2917.03,2984.98,2906.88,2974.54,8.44021261,105.31654267299999
2016-03-18,2985.11,3076.49,2984.84,3071.68,13.5762594,171.3854259686
2016-03-21,3101.66,3167.37,3099.07,3166.97,17.26468822,214.495930051
2016-03-22,3136.71,3225.7,3117.83,3193.28,14.96500186,199.474953536
2016-03-23,3186.35,3233.3,3180.38,3215.99,11.75832683,155.4373984876
2016-03-24,3198.76,3256.86,3173.7,3184.82,12.23846999,170.3108646925
2016-03-25,3191.14,3229.84,3182.23,3229.77,11.39743337,148.4100102871
2016-03-28,3242.7,3276.47,3194.77,3206.8,11.86595347,161.1598198063
2016-03-29,3197.72,3203.32,3112.02,3142.08,9.43343735,123.3118191498
2016-03-30,3168.38,3237.84,3167.21,3237.7,9.53517329,132.85881090200002
2016-03-31,3245.06,3269.77,3227.68,3245.05,10.05130237,141.1105998587
2016-04-01,3231.38,3247.53,3184.14,3230.15,9.43750697,131.2414695361
2016-04-05,3238.78,3322.51,3227.19,3320.66,12.42197872,174.7691708635
2016-04-06,3307.97,3335.24,3287.04,3324.07,11.19950661,162.3735664177
2016-04-07,3329.26,3335.13,3256.93,3256.93,9.92961815,142.4440373009
2016-04-08,3232.8,3235.87,3183.85,3230.11,9.04532266,128.9585670069
2016-04-11,3256.74,3289.46,3256.65,3269.97,9.64655996,149.2898861829
2016-04-12,3268.37,3269.52,3190.16,3224.06,8.75880752,129.6885529588
2016-04-13,3242.01,3300.63,3241.74,3267.52,12.52484553,170.6975219633
2016-04-14,3284.47,3299.5,3254.57,3298.76,10.40454794,146.1323262967
2016-04-15,3298.73,3306.78,3272.13,3301.12,9.43142127,137.2668390968
2016-04-20,3303.06,3309.5,3093.45,3153.43,15.35487059,215.09654466509997
2016-04-21,3144.97,3189.2,3122.62,3131.16,11.7071128,148.214680263
2016-04-22,3101.2,3133.01,3082.92,3132.59,8.6321066,109.11736928159999
2016-04-25,3121.98,3127.63,3081.38,3112.84,7.17593061,95.1002564219
2016-04-26,3112.02,3158.05,3110.24,3157.57,6.80013695,95.7556599798
2016-04-27,3162.79,3176.63,3131.08,3140.0,7.45414634,107.8697308799
2016-04-28,3139.39,3144.0,3065.85,3116.04,7.98319667,112.4605300321
2016-04-29,3100.7,3139.47,3095.4,3123.21,5.99060206,91.3613423636
2016-05-03,3127.45,3231.34,3116.13,3231.18,8.56122167,127.3532500509
2016-05-04,3218.69,3265.67,3216.14,3236.14,9.13001692,135.6771663877
2016-05-05,3238.18,3250.34,3219.11,3248.7,7.45864332,112.28572615879999
2016-05-06,3254.8,3265.1,3124.54,3126.74,9.89013711,140.8984967783
2016-05-09,3095.23,3095.23,2997.7,3012.01,8.67068344,118.6034860833
2016-05-10,3003.13,3051.32,2997.83,3040.34,6.23329039,88.6958372502
2016-05-11,3068.85,3163.26,3067.77,3116.95,11.80022362,171.2195727413
2016-05-12,3061.77,3093.57,3000.55,3085.9,9.29865763,127.2177196901
2016-05-13,3066.69,3116.59,3056.88,3081.96,8.78945756,114.2928301853
2016-05-16,3075.34,3184.47,3075.31,3184.3,9.57872378,137.0517088947
2016-05-17,3185.98,3188.85,3143.61,3145.07,8.96726247,135.8165371558
2016-05-18,3117.65,3117.84,3000.47,3041.16,8.57935489,116.2556422085
2016-05-19,3036.04,3078.12,3030.06,3041.96,6.66745879,94.4693645063
2016-05-20,3014.08,3055.85,2998.03,3055.85,6.10081924,82.8738949663
2016-05-23,3057.83,3090.19,3057.41,3089.29,7.44712647,102.99632821889999
2016-05-24,3086.33,3086.42,3023.62,3058.01,7.35525777,102.155647715
2016-05-25,3072.25,3083.08,3009.26,3027.34,6.39909764,94.6236593857
2016-05-26,3018.14,3032.54,2955.77,3031.25,6.45617661,91.9041090666
2016-05-27,3024.88,3053.04,3013.52,3034.9,5.58767974,81.9657846472
2016-05-30,3022.86,3034.05,2985.1,3013.52,5.20875865,73.3283918132
2016-05-31,3015.4,3123.11,3014.76,3123.11,10.68650515,143.1537289379
2016-06-01,3123.23,3149.68,3119.19,3139.97,10.79548043,148.2661152184
2016-06-02,3137.8,3145.89,3117.11,3144.06,8.78236822,120.9628465976
2016-06-03,3148.34,3183.8,3126.68,3168.75,10.98629742,153.69237909
2016-06-06,3170.83,3176.24,3153.82,3173.89,8.93094853,119.17076996780001
2016-06-07,3174.58,3179.05,3156.59,3175.72,8.22306124,115.5566341375
2016-06-08,3170.62,3170.63,3120.28,3146.03,7.67676619,107.5525086966
2016-06-13,3111.18,3129.64,3020.56,3020.56,8.74143972,111.5842544498
2016-06-14,3007.43,3058.71,3007.43,3058.64,8.68146679,102.1363157807
2016-06-15,3021.14,3150.15,3017.64,3138.43,11.33851372,136.95595574799998
2016-06-16,3131.05,3145.57,3115.19,3129.44,10.60092588,120.92868095889999
2016-06-17,3128.32,3167.43,3127.77,3156.12,9.96533356,121.7593338932
2016-06-20,3156.72,3169.12,3131.33,3161.11,9.1031033,109.1538450724
2016-06-21,3177.45,3191.06,3115.43,3128.43,10.21306583,122.3766868715
2016-06-22,3125.64,3161.33,3112.39,3161.02,7.8262032,92.7128263153
2016-06-23,3156.09,3156.97,3104.89,3114.16,8.17508549,96.4426883491
2016-06-24,3109.86,3126.33,2983.22,3064.82,11.8517421,124.33635861440001
2016-06-27,3042.98,3122.01,3042.98,3122.01,9.75416677,110.4563751812
2016-06-28,3108.21,3144.48,3098.46,3143.67,11.74560774,132.6933964705
2016-06-29,3155.24,3164.3,3142.59,3157.16,11.21510781,130.58272868219998
2016-06-30,3162.95,3187.43,3158.27,3173.1,10.74358481,129.9077481096
2016-07-01,3178.44,3191.49,3166.95,3181.86,9.55909891,121.0713657175
2016-07-05,3266.55,3271.31,3240.35,3267.72,15.00809806,174.3918326531
2016-07-06,3253.38,3327.34,3253.31,3327.27,15.84156962,182.6389673826
2016-07-07,3326.62,3368.28,3325.47,3343.94,16.53320897,198.3021784313
2016-07-08,3334.89,3334.89,3301.53,3313.78,10.50128535,128.2752211975
2016-07-11,3315.42,3326.23,3287.79,3291.91,10.93798008,136.0078941539
2016-07-12,3289.86,3321.12,3253.61,3320.8,11.53015756,141.6201932792
2016-07-13,3324.39,3351.34,3319.26,3341.41,13.81990293,157.4640678617
2016-07-14,3341.66,3347.48,3316.1,3337.15,10.53121667,121.3389492483
2016-07-15,3358.14,3367.46,3332.23,3343.1,12.21200001,143.5730270122
2016-07-18,3335.93,3373.69,3317.7,3367.42,14.47221057,183.0577101568
2016-07-19,3358.08,3370.71,3340.85,3368.78,12.79697571,163.226686404
2016-07-20,3368.17,3382.57,3358.51,3365.58,10.1578889,127.14945356700001
2016-07-21,3368.4,3385.85,3352.94,3361.66,10.25040899,133.9945569697
2016-07-22,3354.98,3357.5,3307.25,3311.2,8.90015374,106.6805094761
2016-07-25,3309.75,3331.82,3294.7,3317.27,8.58035992,108.4634777201
2016-07-26,3314.31,3358.53,3314.14,3358.17,9.64262447,116.5174814743
2016-07-27,3358.39,3363.02,3175.84,3226.87,16.15511255,188.9664983969
2016-07-28,3220.49,3259.85,3202.32,3241.88,10.7590417,130.7062674575
2016-07-29,3241.94,3243.4,3204.98,3222.34,8.10052431,105.0141324811
2016-08-01,3206.55,3207.17,3144.28,3176.05,8.87342781,103.84047707219999
2016-08-02,3171.77,3207.06,3171.67,3207.04,6.26296012,79.7528772949
2016-08-03,3200.47,3223.31,3192.17,3220.02,7.75709256,95.96104598229999
2016-08-04,3214.72,3231.13,3207.35,3226.72,7.95165238,94.58034410239999
2016-08-05,3226.29,3241.98,3218.73,3223.63,7.11748419,86.5244455777
2016-08-08,3218.9,3254.76,3199.96,3254.71,8.02570362,95.3936580568
2016-08-09,3256.65,3285.79,3256.64,3284.4,9.18116313,109.8428886008
2016-08-10,3281.37,3285.71,3252.46,3254.94,8.87090834,104.5032467325
2016-08-11,3250.91,3255.77,3213.0,3213.0,8.91929829,100.2487687518
2016-08-12,3207.6,3236.28,3200.06,3236.12,7.87623522,88.4416584754
2016-08-15,3237.53,3297.19,3226.45,3292.36,12.14849756,143.9070495016
2016-08-16,3294.17,3321.41,3294.05,3318.22,11.83616426,140.1110478767
2016-08-17,3317.97,3329.84,3302.09,3329.55,10.69016059,132.9750518117
2016-08-18,3325.84,3337.66,3319.79,3330.52,10.59646229,128.146158015
2016-08-19,3330.08,3352.16,3324.51,3344.98,10.03537614,122.26926663540002
2016-08-22,3346.81,3351.28,3304.16,3305.31,9.26074837,114.66225475
2016-08-23,3305.6,3324.77,3294.05,3316.0,8.77098122,102.8804605329
2016-08-24,3319.74,3332.95,3310.85,3318.51,7.71050161,95.5010620281
2016-08-25,3303.24,3307.1,3270.14,3304.45,8.71985334,106.64712760040001
2016-08-26,3310.17,3322.91,3296.76,3301.04,7.48989523,96.08840788479999
2016-08-29,3302.11,3320.94,3295.03,3314.85,6.98785376,83.6980343644
2016-08-30,3318.76,3334.23,3313.22,3324.47,6.70515851,79.1627031666
2016-08-31,3325.81,3331.29,3308.43,3329.87,7.89163457,89.19797398719999
2016-09-01,3328.24,3332.74,3302.77,3303.05,6.57163393,77.5193339848
2016-09-02,3299.47,3313.37,3275.89,3291.06,6.26950631,80.6427227675
2016-09-05,3300.25,3313.57,3292.73,3296.41,7.17244772,82.2632831018
2016-09-06,3294.64,3332.93,3263.72,3332.91,8.13885984,97.2170055791
2016-09-07,3331.38,3340.91,3317.96,3322.52,9.70402625,108.7304027926
2016-09-08,3318.85,3331.09,3315.77,3329.58,7.66821737,82.2841257548
2016-09-09,3328.46,3340.49,3304.91,3304.93,7.96715311,88.24735795309999
2016-09-12,3255.72,3260.8,3215.52,3216.01,9.87574415,106.64967908950001
2016-09-13,3233.42,3241.13,3215.77,3236.72,6.73589689,75.4705009774
2016-09-14,3219.96,3237.59,3210.54,3218.78,6.06095251,67.1618684031
2016-09-19,3222.75,3254.41,3222.66,3254.37,5.96051036,67.5984725652
2016-09-20,3254.94,3263.97,3247.7,3261.39,6.94814412,76.469984352
2016-09-21,3257.88,3260.64,3245.91,3251.2,6.14561545,67.1949754102
2016-09-22,3268.53,3280.26,3260.3,3265.46,7.29101203,82.5275113717
2016-09-23,3269.27,3272.8,3249.28,3250.36,6.52913526,74.21853974609999
2016-09-26,3243.76,3245.33,3175.21,3175.96,7.34399715,82.3183518804
2016-09-27,3174.25,3193.94,3156.61,3193.86,5.95858238,66.4908398094
2016-09-28,3199.49,3200.03,3184.22,3191.25,4.77298438,58.3711682186
2016-09-29,3195.11,3219.54,3194.68,3202.61,5.33437272,60.9745319397
2016-09-30,3201.73,3220.56,3201.32,3219.01,5.17537577,58.8805814567
2016-10-10,3236.43,3287.3,3236.33,3287.01,8.00508218,89.45571038450001
2016-10-11,3289.93,3302.7,3285.85,3302.41,7.70664754,87.2458848013
2016-10-12,3295.99,3302.93,3285.0,3301.65,7.00950433,80.54586059180001
2016-10-13,3305.14,3312.53,3289.26,3294.32,6.12625936,76.0869166457
2016-10-14,3297.33,3308.95,3275.82,3308.85,7.08113118,84.0054392057
2016-10-17,3312.34,3316.41,3270.34,3276.69,8.22073444,97.3528257077
2016-10-18,3272.05,3321.93,3272.05,3321.87,8.67621513,103.7050814182
2016-10-19,3324.2,3330.94,3308.89,3319.65,8.9116897,108.724649432
2016-10-20,3320.95,3331.63,3313.17,3328.78,9.32490634,105.3637865682
2016-10-21,3326.5,3332.21,3292.2,3323.31,8.26000753,100.04970711719999
2016-10-24,3322.0,3343.75,3313.88,3339.34,8.85558161,103.43877244120002
2016-10-25,3339.68,3352.05,3336.64,3349.78,9.24360177,108.50032567379999
2016-10-26,3347.96,3366.21,3346.45,3363.58,11.70260731,130.8399095387
2016-10-27,3356.18,3364.35,3351.34,3361.74,9.5729306,108.70255860530001
2016-10-28,3359.66,3365.93,3333.34,3333.93,9.75013382,113.16415539110001
2016-10-31,3330.07,3331.18,3305.65,3324.52,7.86052044,91.8853676191
2016-11-01,3325.66,3376.6,3325.21,3376.6,10.08473929,127.5664435269
2016-11-02,3366.05,3373.28,3348.02,3350.2,9.82933165,125.8016142716
2016-11-03,3342.55,3381.86,3340.9,3363.11,11.64504823,149.0765189542
2016-11-04,3364.28,3373.17,3347.34,3354.22,11.08322321,134.978686144
2016-11-07,3346.39,3366.88,3339.26,3357.76,10.35189115,121.39337638139999
2016-11-08,3367.45,3381.12,3356.72,3375.93,11.24965162,123.8266059543
2016-11-09,3373.78,3381.05,3313.61,3358.47,12.29619257,141.8852542158
2016-11-10,3371.35,3390.29,3356.43,3390.29,12.37583078,137.90039908309998
2016-11-11,3386.56,3416.71,3386.56,3416.01,14.27837378,168.9052767651
2016-11-14,3406.73,3434.61,3406.54,3424.83,13.05818081,160.76668394360001
2016-11-15,3423.68,3439.35,3415.08,3439.35,12.36941612,148.7472771042
2016-11-16,3437.47,3445.79,3427.27,3436.74,11.22777171,141.66988810709998
2016-11-17,3430.5,3432.57,3411.58,3427.43,8.73658418,114.0378375401
2016-11-18,3426.99,3427.74,3408.3,3410.73,8.62065791,118.14334732879999
2016-11-21,3403.22,3410.76,3393.09,3402.27,9.96309128,138.1788299731
2016-11-22,3406.14,3423.7,3401.85,3423.65,9.93458925,135.1321596871
2016-11-23,3422.52,3432.28,3409.24,3415.99,11.98533046,145.198669071
2016-11-24,3418.7,3432.29,3399.36,3407.7,11.78056687,146.1044283045
2016-11-25,3410.29,3420.5,3356.57,3420.29,11.88260291,152.2658291609
2016-11-28,3426.04,3480.12,3417.6,3459.27,12.71506046,159.6761092077
2016-11-29,3446.98,3462.73,3418.15,3419.5,12.77407181,158.5982454207
2016-11-30,3412.13,3425.83,3398.43,3414.22,10.10101921,124.74583617360001
2016-12-01,3415.16,3438.94,3415.16,3438.94,8.4909655,107.5633687089
2016-12-02,3441.82,3441.82,3372.51,3375.81,9.05369008,112.4708422159
2016-12-05,3344.09,3394.12,3339.6,3369.46,8.35970071,100.8440864785
2016-12-06,3371.65,3384.71,3360.47,3362.55,6.28069747,78.9067112572
2016-12-07,3366.91,3397.98,3363.37,3397.98,7.2524883,88.59030141049999
2016-12-08,3408.6,3408.6,3381.64,3385.55,7.66040867,95.880365129
2016-12-09,3381.93,3395.21,3379.81,3389.22,7.00849427,94.9147667678
2016-12-12,3396.97,3424.03,3292.14,3296.63,12.49241142,153.4097835616
2016-12-13,3286.41,3349.32,3258.31,3346.07,12.83793893,165.6285700695
2016-12-14,3341.69,3361.26,3314.82,3322.39,12.63749269,172.16725106419997
2016-12-15,3312.51,3357.46,3307.45,3346.45,10.15799951,144.28147347
2016-12-16,3344.26,3395.41,3342.74,3389.7,12.15844835,144.1560767141
2016-12-19,3398.81,3427.64,3387.42,3418.93,15.13927346,191.2982913282
2016-12-20,3411.18,3411.21,3375.22,3390.48,10.72673468,135.4950700949
2016-12-21,3397.06,3438.73,3396.73,3420.6,13.08294677,166.8552292611
2016-12-22,3415.82,3416.07,3395.83,3403.39,9.70747943,129.16590837290002
2016-12-23,3395.91,3398.33,3365.91,3366.76,9.77646799,123.62062373
2016-12-26,3355.66,3372.79,3326.86,3372.79,9.30981183,119.0035353975
2016-12-27,3367.15,3375.29,3362.87,3364.02,7.55966705,99.374356659
2016-12-28,3361.98,3368.01,3340.6,3345.47,7.17416875,97.6713907475
2016-12-29,3342.51,3355.19,3329.22,3347.02,6.85192463,102.4737832518
2016-12-30,3345.48,3369.87,3340.03,3356.24,7.18139398,113.6664211411
2017-01-03,3362.02,3394.79,3361.52,3388.74,9.03907533,124.706996943
2017-01-04,3393.08,3424.67,3392.1,3423.82,10.10740994,136.4880927136
2017-01-05,3421.3,3433.15,3410.13,3421.9,10.60884493,138.2591176847
2017-01-06,3412.29,3417.89,3401.37,3410.66,9.56063869,126.3174627769
2017-01-09,3406.89,3407.06,3375.97,3399.36,8.80299718,114.3008829052
2017-01-10,3396.67,3402.5,3376.81,3377.76,9.5292835,121.40168117559999
2017-01-11,3366.76,3376.55,3342.46,3344.89,7.86012144,102.6718160041
2017-01-12,3342.93,3359.05,3324.91,3326.66,7.87093411,101.7929898711
2017-01-13,3323.62,3327.78,3258.89,3263.0,8.0813016,99.9305572572
2017-01-16,3259.85,3259.85,3112.1,3187.55,10.77039978,125.51901936690001
2017-01-17,3179.81,3209.0,3142.95,3209.0,7.09952067,85.8167435031
2017-01-18,3203.64,3215.11,3190.92,3196.61,6.29185715,75.1928688702
2017-01-19,3189.8,3200.83,3176.2,3181.35,5.498819,65.1233520973
2017-01-20,3179.39,3229.73,3177.78,3222.73,5.64474179,69.9975299468
2017-01-23,3224.36,3252.51,3223.51,3244.39,6.22198083,76.6004710332
2017-01-24,3245.97,3247.6,3228.38,3234.9,6.22944102,76.97558659970001
2017-01-25,3229.9,3248.25,3223.02,3244.94,4.84644242,63.470504279
2017-01-26,3247.08,3261.35,3245.86,3261.28,5.17688854,59.57476320399999
2017-02-03,3255.2,3260.22,3237.59,3248.2,4.13094589,50.5113539255
2017-02-06,3263.43,3295.73,3263.2,3285.69,9.32011052,115.34280187270001
2017-02-07,3284.52,3284.59,3260.99,3275.28,7.36905786,96.74637207149999
2017-02-08,3270.78,3289.62,3253.67,3289.62,7.18078696,100.2473779723
2017-02-09,3288.31,3308.3,3286.01,3307.01,8.13572166,112.0685962112
2017-02-10,3305.66,3315.82,3302.33,3307.57,10.00465342,132.370644096
2017-02-13,3303.42,3317.87,3291.86,3317.87,9.19444758,121.16018858059999
2017-02-14,3317.18,3317.31,3296.33,3307.0,9.06271128,107.0139011356
2017-02-15,3301.33,3304.36,3273.4,3276.96,10.2140108,126.9195018975
2017-02-16,3272.18,3296.58,3271.05,3293.99,9.22303572,104.78458498370001
2017-02-17,3289.48,3289.48,3260.36,3261.96,8.30931499,98.8756660436
2017-02-20,3267.23,3290.41,3264.28,3290.41,7.89878349,103.30813723979999
2017-02-21,3295.93,3318.38,3291.89,3318.28,9.4791697,121.5013747431
2017-02-22,3316.75,3341.21,3314.92,3334.92,10.80453301,147.7111596058
2017-02-23,3329.78,3331.2,3300.41,3318.15,9.71518197,125.41905001129999
2017-02-24,3314.37,3342.88,3311.23,3339.3,9.61486877,130.58486729290001
2017-02-27,3334.62,3340.47,3314.06,3315.39,7.98948431,109.3414122586
2017-02-28,3314.45,3326.82,3313.96,3326.82,7.3617089,97.6481786126
2017-03-01,3324.13,3333.04,3316.81,3327.37,7.89518104,104.73166505879999
2017-03-02,3330.69,3331.19,3301.66,3302.12,7.47603718,95.4362785541
2017-03-03,3293.35,3304.63,3284.52,3303.28,6.4464321,81.2063063301
2017-03-06,3302.94,3323.58,3302.71,3323.55,7.04360894,90.55857333590001
2017-03-07,3324.13,3334.01,3315.96,3334.01,7.58333105,97.99950409709999
2017-03-08,3334.45,3335.74,3313.68,3322.79,7.64250989,96.4799063952
2017-03-09,3319.16,3320.14,3280.2,3286.87,8.42226822,107.15754879709999
2017-03-10,3283.83,3292.23,3275.36,3280.24,7.15424529,92.2217658859
2017-03-13,3277.12,3291.53,3255.93,3291.53,6.68276289,85.665574363
2017-03-14,3293.1,3293.78,3275.16,3280.27,5.98388966,80.9578827655
2017-03-15,3273.84,3276.16,3261.48,3272.03,5.12606781,67.2373949503
2017-03-16,3275.26,3294.59,3275.25,3294.59,6.12257396,80.39317664970001
2017-03-17,3298.24,3303.21,3277.23,3278.37,6.93707989,93.0622425727
2017-03-20,3277.35,3294.88,3277.32,3294.73,6.34800202,86.26185838079999
2017-03-21,3294.62,3304.46,3290.41,3304.46,6.30081895,88.3200028936
2017-03-22,3294.92,3299.21,3271.48,3290.11,7.1210713,97.6987724228
2017-03-23,3294.16,3320.64,3282.4,3300.75,8.59669301,130.6523214386
2017-03-24,3301.95,3315.63,3293.4,3315.59,8.53119712,113.8370464775
2017-03-27,3314.92,3316.33,3292.56,3297.42,8.42527303,117.3702889057
2017-03-28,3292.71,3305.09,3289.1,3290.71,7.88445511,105.86232358040002
2017-03-29,3287.06,3291.0,3261.91,3264.57,8.84617611,113.9475517987
2017-03-30,3258.09,3258.09,3215.49,3222.11,10.6275226,127.3807639087
2017-03-31,3222.69,3228.8,3208.58,3222.3,7.54816901,92.0839177717
2017-04-06,3274.51,3289.78,3264.9,3288.14,11.42272859,113.4122118665
2017-04-07,3288.62,3288.89,3272.75,3274.23,9.89116616,106.80426038430001
2017-04-10,3270.93,3271.24,3241.2,3243.72,11.79273197,120.901856514
2017-04-11,3242.2,3253.44,3214.4,3253.44,12.25026203,126.77632868149999
2017-04-12,3246.79,3248.39,3228.07,3232.55,10.37326839,104.0902207155
2017-04-13,3226.91,3243.89,3224.25,3239.33,10.73249247,107.01990386979999
2017-04-14,3238.38,3239.21,3204.33,3207.59,10.39323225,103.752497669
2017-04-17,3199.06,3199.06,3155.16,3168.07,8.21945665,89.2912174464
2017-04-18,3163.96,3168.41,3128.35,3130.74,7.69247563,82.3019343956
2017-04-19,3120.67,3120.67,3048.24,3081.43,8.78692393,93.4148451248
2017-04-20,3080.4,3097.8,3051.66,3077.32,7.68764597,76.0827735501
2017-04-21,3079.72,3087.06,3060.6,3067.55,6.02762587,60.2293505248
2017-04-24,3058.99,3059.26,2998.77,3005.3,6.9346981,66.8180992693
2017-04-25,3006.42,3026.88,3002.0,3010.51,6.36905031,61.912499746
2017-04-26,3009.28,3030.73,3008.81,3029.99,6.46995685,65.7420403321
2017-04-27,3023.28,3042.24,2979.5,3036.46,8.25481056,81.6705781406
2017-04-28,3027.24,3038.83,3027.24,3038.83,6.60736407,65.5068153109
2017-05-02,3034.87,3043.74,3026.31,3039.35,6.41196411,62.7324817792
2017-05-03,3033.31,3041.57,3014.54,3023.36,6.86917587,70.342790828
2017-05-04,3015.55,3025.93,2997.72,3001.33,6.16962715,62.236697056400004
2017-05-05,2995.14,2999.18,2961.65,2961.76,5.90568734,61.1738898259
2017-05-08,2954.63,2955.88,2878.67,2879.77,6.2536266,66.6789699069
2017-05-09,2870.3,2875.45,2835.32,2874.26,5.5090739,58.3985062229
2017-05-10,2873.13,2888.16,2822.42,2822.42,5.87624721,62.435163780299995
2017-05-11,2806.97,2812.43,2742.85,2811.82,7.23988318,70.5169679505
2017-05-12,2802.54,2822.8,2783.92,2822.8,5.36483574,55.257725911
2017-05-15,2826.12,2833.17,2824.26,2830.86,5.13755143,58.042895924700005
2017-05-16,2825.72,2869.63,2805.49,2869.41,6.59962574,70.7173137101
2017-05-17,2863.44,2890.4,2862.38,2877.1,6.87498973,74.7694139405
2017-05-18,2857.78,2880.87,2856.52,2861.12,5.22948122,62.6080163689
2017-05-19,2859.5,2865.77,2843.55,2851.61,4.29437761,50.1599359003
2017-05-22,2850.74,2863.73,2813.15,2820.45,5.83415668,68.728394779
2017-05-23,2816.29,2822.54,2771.95,2773.36,6.44073869,69.1567356772
2017-05-24,2766.55,2784.72,2734.57,2784.32,5.98639853,66.98795214319999
2017-05-25,2779.35,2797.48,2742.73,2793.91,5.87907742,66.2998754045
2017-05-26,2767.94,2783.39,2754.14,2779.01,5.78446986,63.023206289099996
2017-05-31,2795.19,2803.79,2780.41,2784.25,5.75269476,63.442201465
2017-06-01,2777.24,2777.84,2735.98,2736.32,5.88059085,59.286440785500005
2017-06-02,2728.84,2750.87,2708.16,2744.53,5.47017694,53.532197611899996
2017-06-05,2747.68,2760.86,2745.08,2751.07,4.29361677,44.5544047445
2017-06-06,2748.08,2769.14,2742.06,2769.14,4.20310338,44.63643767560001
2017-06-07,2768.31,2816.9,2765.35,2816.57,7.21105585,74.4987647922
2017-06-08,2815.03,2821.32,2809.77,2816.56,6.33760161,65.1856989066
2017-06-09,2813.11,2821.77,2803.85,2816.15,5.56274333,59.805006490100006
2017-06-12,2802.52,2821.55,2794.68,2803.46,6.1125393,66.5418850672
2017-06-13,2797.03,2832.25,2797.03,2825.28,6.02471194,63.199401170600005
2017-06-14,2822.43,2824.59,2807.11,2818.07,5.88086424,64.48574465600001
2017-06-15,2812.94,2843.93,2812.88,2838.73,6.45893491,66.0622783334
2017-06-16,2837.62,2841.06,2824.9,2833.38,5.16783405,50.847878754499995
2017-06-19,2833.66,2853.64,2833.43,2853.64,6.48051599,61.4685648074
2017-06-20,2853.62,2858.64,2841.77,2847.82,6.16289274,59.147816427399995
2017-06-21,2853.61,2857.81,2837.33,2857.81,5.48230255,55.1427785364
2017-06-22,2856.85,2859.71,2818.91,2818.91,7.22199487,70.2443154633
2017-06-23,2814.19,2825.8,2793.93,2825.8,6.13844939,61.0643524205
2017-06-26,2823.44,2852.89,2819.51,2852.76,6.35912651,63.8349394666
2017-06-27,2853.98,2860.64,2846.11,2851.08,5.10513218,52.3803471263
2017-06-28,2844.75,2845.88,2829.12,2837.66,5.40459301,57.497438584300006
2017-06-29,2838.58,2844.92,2833.76,2836.59,4.88988767,49.8556157723
2017-06-30,2832.28,2856.01,2828.87,2855.13,5.2592026,55.5312332154
2017-07-03,2860.65,2882.38,2848.3,2882.26,8.67345687,91.5428427624
2017-07-04,2877.78,2879.98,2864.6,2875.85,7.00710506,76.0298733397
2017-07-05,2875.41,2887.35,2865.14,2887.18,6.58766652,71.5793197502
2017-07-06,2885.26,2895.75,2865.91,2895.58,7.12623645,78.1469697338
2017-07-07,2887.38,2894.09,2882.03,2894.09,6.23960576,69.7039580218
2017-07-10,2892.61,2910.82,2885.14,2900.69,9.40591425,97.44256283959999
2017-07-11,2897.06,2902.5,2879.12,2879.15,8.3831024,90.0224855031
2017-07-12,2874.8,2881.45,2847.57,2873.79,8.26221766,88.1139934184
2017-07-13,2868.61,2883.64,2865.93,2883.64,7.14491636,78.57055715130001
2017-07-14,2874.03,2874.05,2832.75,2836.86,6.77052395,75.6694394631
2017-07-17,2821.82,2822.09,2690.51,2697.63,10.33097269,105.42114209510001
2017-07-18,2685.16,2714.23,2673.61,2713.26,7.00969063,77.7633224891
2017-07-19,2706.26,2742.49,2696.47,2742.28,8.39329391,88.0738133927
2017-07-20,2740.55,2763.86,2738.82,2753.44,8.53752234,86.6266523834
2017-07-24,2754.57,2774.37,2751.85,2771.78,9.15894676,95.83593962719999
2017-07-25,2764.85,2766.55,2745.9,2762.0,7.45137619,81.936798567
2017-07-26,2759.39,2762.11,2737.8,2751.37,7.50497679,79.3430161333
2017-07-27,2747.28,2793.43,2741.1,2793.41,8.91658911,92.52238147940001
2017-07-28,2789.17,2796.76,2783.07,2788.09,8.11570841,82.22090256989999
2017-07-31,2788.28,2808.69,2783.36,2808.21,9.6301588,99.31506555979999
2017-08-01,2811.08,2816.86,2795.17,2806.88,9.55979549,97.99939222389999
2017-08-02,2808.17,2808.53,2777.66,2778.36,9.12078309,92.59128060719999
2017-08-03,2775.57,2787.41,2775.57,2787.41,7.82293975,75.6775624289
2017-08-04,2787.77,2792.56,2774.73,2774.73,8.72480752,83.0148461188
2017-08-07,2777.22,2800.58,2776.94,2800.31,7.96020412,75.38565292310001
2017-08-08,2794.99,2909.05,2793.41,2909.05,17.59743489,163.5321152721
2017-08-09,2907.84,2908.08,2871.05,2877.26,14.08650431,125.6289336341
2017-08-10,2873.51,2881.41,2827.25,2845.23,10.63658483,98.9952641038
2017-08-11,2824.72,2827.88,2796.3,2800.1,9.41805089,88.6920121868
2017-08-14,2799.24,2844.91,2799.24,2843.53,7.30448548,71.2573139027
2017-08-15,2840.08,2840.26,2822.17,2834.9,6.59061516,64.6529889072
2017-08-16,2834.62,2846.8,2830.94,2843.31,7.47075916,78.9496487095
2017-08-17,2844.58,2851.11,2834.97,2850.69,7.92836065,76.226274414
2017-08-18,2838.42,2859.6,2833.17,2849.21,8.49927558,84.1555232737
2017-08-21,2856.29,2878.2,2850.71,2877.62,8.31379854,89.2785824898
2017-08-22,2880.61,2905.28,2877.74,2888.23,10.22150022,101.69841196979999
2017-08-23,2883.4,2885.19,2860.32,2872.57,7.46435829,73.9810153935
2017-08-24,2869.19,2879.9,2858.24,2864.24,6.98540839,69.1612774034
2017-08-25,2858.95,2883.1,2858.93,2880.65,5.65707727,59.9513889758
2017-08-28,2878.55,2917.69,2878.49,2908.04,8.34295858,90.7375197466
2017-08-29,2906.25,2914.06,2895.56,2900.36,7.83852848,85.606648551
2017-08-30,2900.09,2921.62,2897.65,2921.61,7.70013364,82.3458353169
2017-08-31,2921.2,2939.75,2917.42,2939.27,8.69434541,90.9807948377
2017-09-01,2940.57,2942.63,2927.38,2941.98,8.68764799,89.8934031542
2017-09-04,2944.02,2944.02,2929.83,2939.63,10.09596095,99.9063071822
2017-09-05,2941.1,2953.91,2938.66,2944.91,7.96982688,82.3385779654
2017-09-06,2942.73,2949.36,2932.02,2948.69,7.80582774,79.18331464810001
2017-09-07,2950.16,2953.8,2931.6,2932.39,8.33798119,82.77496151300001
2017-09-08,2932.96,2944.64,2930.66,2944.64,8.14319072,84.3922148161
2017-09-11,2942.96,2967.59,2939.87,2966.14,9.68551024,103.70853084459999
2017-09-12,2966.39,2968.15,2939.25,2945.03,9.70554768,104.3269458025
2017-09-13,2955.26,2975.55,2954.9,2975.55,10.73036338,116.6205668664
2017-09-14,2990.12,2999.32,2975.22,2991.19,13.26755325,137.2189139454
2017-09-15,2985.86,3002.85,2978.3,2991.99,12.58385423,142.30530173350002
2017-09-18,2991.03,3017.39,2991.03,3017.39,12.13166101,135.7067811593
2017-09-19,3013.42,3016.3,2991.52,3000.04,10.96645386,116.2382033099
2017-09-20,2999.09,3004.21,2980.55,3003.58,9.63286692,102.7503132463
2017-09-21,3005.02,3005.09,2974.4,2974.4,10.32255397,108.44742458260001
2017-09-22,2964.21,2965.76,2943.3,2946.04,8.2073578,87.8485480095
2017-09-25,2940.47,2940.9,2901.45,2904.18,7.11793387,75.598498543
2017-09-26,2900.71,2909.99,2890.72,2904.26,6.17799738,66.2790467457
2017-09-27,2907.73,2911.81,2902.68,2908.73,5.27623592,57.3062961148
2017-09-28,2909.24,2909.66,2895.42,2896.05,6.61006759,70.8030305626
2017-09-29,2902.94,2914.66,2895.8,2914.25,5.63131992,60.645961405600005
2017-10-09,2946.06,2967.7,2922.29,2962.55,8.260124,91.5512186377
2017-10-10,2956.57,3005.45,2954.73,3005.45,9.56082384,102.2297319476
2017-10-11,3005.67,3044.76,3000.94,3033.53,11.41729583,119.4134852641
2017-10-12,3029.12,3032.55,3001.96,3014.25,7.75542425,81.7719758872
2017-10-13,3013.11,3025.2,3011.38,3025.2,6.96575538,76.55185042689999
2017-10-16,3027.34,3062.13,3004.26,3006.44,11.17047482,119.360597194
2017-10-17,3001.57,3001.95,2972.68,2995.06,7.50862165,78.4462135786
2017-10-18,2993.66,3011.83,2975.4,2979.03,8.90481906,92.6548856941
2017-10-19,2975.64,2983.23,2956.53,2960.04,7.69200273,81.2542221889
2017-10-20,2950.94,2988.51,2948.28,2988.51,8.403675,92.09522090819999
2017-10-23,2990.4,3004.16,2982.79,3003.92,7.68313992,88.28197176360001
2017-10-24,2999.65,3002.01,2984.84,2999.28,6.94426183,74.7834668258
2017-10-25,2998.04,3029.76,2997.88,3029.76,6.71007535,74.7678033147
2017-10-26,3029.99,3064.2,3028.01,3055.56,7.02962733,80.7066575395
2017-10-27,3053.99,3056.58,3041.14,3050.37,7.01484536,71.86510223100001
2017-10-30,3047.12,3069.53,2998.52,3015.35,9.28388309,95.5022941524
2017-10-31,3017.64,3036.22,3012.06,3035.62,5.98611206,67.8135535911
2017-11-01,3031.24,3068.84,3029.83,3063.78,6.85288327,77.91676705399999
2017-11-02,3059.64,3068.38,3034.7,3045.62,7.03844748,75.3339282844
2017-11-03,3036.27,3048.95,3015.21,3029.62,6.18113003,66.85288542560001
2017-11-06,3022.91,3044.21,2997.87,3044.03,6.29263303,71.68325685079999
2017-11-07,3045.84,3056.63,3035.9,3049.94,5.9867172,65.6397302675
2017-11-08,3052.37,3061.78,3035.08,3036.89,6.59097669,71.8555872654
2017-11-09,3035.99,3051.69,3029.25,3051.67,5.9383759,67.20660757350001
2017-11-10,3053.41,3075.56,3051.29,3074.94,6.22465151,71.9098672954
2017-11-13,3078.96,3086.92,3057.83,3063.68,6.7948116,81.6811786749
2017-11-14,3065.99,3066.42,3049.24,3058.19,7.59118318,85.9198638825
2017-11-15,3056.39,3056.52,3021.02,3031.77,6.12246649,71.3598172194
2017-11-16,3030.8,3111.37,3026.93,3106.15,8.57493538,94.3922420257
2017-11-17,3110.26,3130.76,3053.99,3055.5,10.47359373,111.1414978606
2017-11-20,3032.07,3110.84,3001.5,3110.76,9.7191418,95.9459867086
2017-11-21,3108.86,3129.97,3090.11,3121.01,8.95674835,93.065250082
2017-11-22,3118.4,3130.07,3074.18,3101.31,8.1969538,87.66285465690001
2017-11-23,3094.04,3094.22,3001.64,3005.88,7.80340848,80.4630675862
2017-11-24,2993.27,3008.39,2968.08,2980.57,6.49438852,68.51767508
2017-11-27,2976.22,2979.45,2918.98,2928.28,5.82803277,60.2156135113
2017-11-28,2930.04,2961.65,2918.99,2960.95,5.07736253,54.6463337998
2017-11-29,2961.41,2964.07,2929.87,2957.18,5.58007401,54.1306916708
2017-11-30,2950.39,2954.88,2900.61,2908.88,5.38457435,57.0690530212
2017-12-01,2906.88,2948.9,2906.87,2940.61,4.54264628,47.8337710105
2017-12-04,2938.9,2966.6,2930.68,2950.51,5.27574566,55.4279564964
2017-12-05,2947.34,2948.26,2880.91,2895.77,6.34814494,60.8677892191
2017-12-06,2894.51,2930.46,2883.61,2930.28,6.67683045,66.7479690631
2017-12-07,2922.31,2930.48,2913.08,2918.13,4.54430955,45.4599254688
2017-12-08,2916.17,2955.21,2913.34,2948.47,6.10260841,62.1483423399
2017-12-11,2942.26,2978.22,2942.18,2978.16,5.61769393,64.0350845923
2017-12-12,2979.12,2980.63,2948.65,2949.83,6.10519583,66.365411983
2017-12-13,2948.36,2970.52,2945.56,2970.52,4.53532952,49.7128117296
2017-12-14,2967.3,2974.07,2950.31,2959.73,4.68756607,49.6515150958
2017-12-15,2957.98,2960.08,2929.93,2942.28,5.22931901,52.7455669968
2017-12-18,2941.97,2959.52,2935.97,2943.42,5.76311201,63.1281445468
2017-12-19,2940.08,2957.25,2940.07,2953.23,4.16274241,46.3143496758
2017-12-20,2957.72,2964.58,2954.1,2964.58,4.91678859,54.12092983310001
2017-12-21,2958.18,2972.45,2938.89,2966.22,4.93694481,55.1759239353
2017-12-22,2969.41,2975.19,2965.43,2970.66,4.87893902,53.770220926899995
2017-12-25,2975.05,2985.03,2943.06,2951.5,6.73601253,69.4164259022
2017-12-26,2948.87,2953.18,2922.0,2952.83,7.69058835,71.92508968130001
2017-12-27,2942.41,2951.19,2918.47,2920.76,6.37047796,60.6121690159
2017-12-28,2909.88,2930.63,2902.33,2920.51,5.81132886,59.0939650338
2017-12-29,2917.47,2933.01,2905.74,2932.64,5.4603957,60.329938203000005
2018-01-02,2938.44,2956.79,2922.22,2956.76,6.1444074,62.644180344
2018-01-03,2951.35,2983.43,2950.54,2976.27,6.92898645,69.1120313444
2018-01-04,2972.6,2986.97,2964.38,2985.97,5.77188445,57.175363349399994
2018-01-05,2987.55,3024.6,2986.99,3019.26,9.06545991,86.0519745035
2018-01-08,3032.61,3072.42,3032.61,3066.87,8.75241975,97.21474370850001
2018-01-09,3062.56,3068.43,3046.93,3056.81,8.51566779,86.21038470059999
2018-01-10,3058.97,3059.09,3020.59,3036.17,8.80609772,86.8461957793
2018-01-11,3030.13,3045.43,3017.97,3042.8,8.03137394,78.67808822239999
2018-01-12,3037.04,3055.52,3037.04,3045.62,9.22016701,90.2041013323
2018-01-15,3036.46,3037.04,2967.31,2978.99,9.08889561,88.55239181559999
2018-01-16,2982.14,3054.7,2982.14,3054.7,11.132045,110.938887778
2018-01-17,3047.66,3052.19,3019.28,3036.77,12.24279651,122.0480346456
2018-01-18,3027.08,3043.71,3020.92,3026.95,7.14961816,73.90495126430001
2018-01-19,3022.0,3026.65,2992.09,2996.9,7.51448447,78.1372516516
2018-01-22,2993.36,3037.64,2991.4,3037.64,6.45786394,71.129667654
2018-01-23,3040.69,3071.4,3038.5,3063.22,8.61215604,91.5398002548
2018-01-24,3060.25,3061.43,3037.26,3059.69,7.4674284,79.3927503717
2018-01-25,3055.46,3069.55,3050.17,3055.47,8.12406335,88.3016968994
2018-01-26,3056.6,3064.91,3046.66,3058.33,8.81000261,93.3732739174
2018-01-29,3063.96,3068.98,3023.7,3032.65,9.86080962,97.0631800844
2018-01-30,3029.31,3036.59,2994.79,3003.19,7.75725148,79.0954708628
2018-01-31,2983.62,2986.49,2923.01,2936.0,9.87564696,91.1526298012
2018-02-01,2935.15,2936.61,2813.29,2816.97,10.4267455,100.610386435
2018-02-02,2790.96,2809.26,2746.84,2807.62,8.54044446,78.8075296319
2018-02-05,2781.94,2824.16,2770.13,2803.04,8.66642831,83.7164494204
2018-02-06,2741.81,2748.63,2644.32,2644.32,10.40755885,92.4297822183
2018-02-07,2681.02,2706.31,2619.1,2650.31,9.38984775,80.3923200404
2018-02-08,2648.44,2683.33,2640.46,2667.16,7.17213529,58.778294696
2018-02-09,2604.91,2621.41,2558.24,2577.76,8.96645658,67.6898959338
2018-02-12,2593.09,2646.35,2592.68,2639.8,7.90992587,59.917568699099995
2018-02-13,2648.67,2670.89,2642.04,2643.34,6.84343999,53.2234537152
2018-02-14,2645.2,2674.8,2635.78,2674.77,4.89057595,37.468273285500004
2018-02-22,2693.01,2703.47,2685.07,2703.35,5.98031978,49.1550257913
2018-02-23,2697.47,2714.88,2685.01,2713.02,7.08241385,56.4044570258
2018-02-26,2719.84,2744.34,2704.42,2740.96,8.88071365,73.33125225239999
2018-02-27,2740.28,2740.59,2712.78,2720.09,8.81268054,74.93372814
2018-02-28,2705.56,2735.88,2692.06,2722.48,6.89916168,56.351119205100005
2018-03-01,2711.46,2743.03,2703.45,2742.97,6.88135406,56.059993253900004
2018-03-02,2727.5,2736.61,2723.59,2730.01,7.12676392,56.5829709217
2018-03-05,2730.01,2734.77,2711.36,2720.98,6.2027728,53.757598819799995
2018-03-06,2723.03,2747.62,2716.83,2747.62,6.82458459,65.4072818664
2018-03-07,2745.87,2748.87,2733.98,2734.45,7.21001397,64.3440053512
2018-03-08,2731.32,2743.76,2731.12,2743.63,5.6623997,51.495109820799996
2018-03-09,2746.99,2786.6,2745.61,2785.28,6.77727568,62.3229847404
2018-03-12,2789.96,2807.15,2788.49,2802.19,8.38047064,74.38637321819999
2018-03-13,2797.95,2826.32,2795.03,2806.55,9.09146355,76.3911031377
2018-03-14,2796.3,2797.76,2773.61,2777.28,6.77121892,58.297779740299994
2018-03-15,2769.58,2771.97,2745.54,2761.1,6.57036405,60.801288954600004
2018-03-16,2759.08,2771.38,2750.72,2750.86,5.32587284,50.697835568500004
2018-03-19,2754.31,2754.63,2724.09,2725.86,5.73106011,57.1378462377
2018-03-20,2707.31,2735.71,2701.14,2735.28,5.3908694,51.71563504149999
2018-03-21,2736.04,2766.82,2729.07,2733.76,7.5702608,69.3416924269
2018-03-22,2732.04,2743.82,2714.42,2729.68,6.75177839,62.0696825351
2018-03-23,2698.33,2805.03,2691.86,2741.01,24.20486264,192.7905494434
2018-03-26,2712.84,2712.99,2621.56,2704.79,18.79178542,149.1758036514
2018-03-27,2695.34,2745.72,2695.34,2745.34,16.49791316,139.9979850892
2018-03-28,2717.02,2737.69,2694.37,2699.29,12.13280067,105.630397874
2018-03-29,2702.59,2715.64,2691.78,2709.82,7.7625912,71.1951605775
2018-03-30,2713.72,2717.83,2700.17,2715.17,9.13652573,84.6498368285
2018-04-02,2746.99,2754.66,2725.43,2748.5,11.7036419,111.0615148539
2018-04-03,2732.11,2781.09,2725.61,2762.76,12.3590759,118.8359933135
2018-04-04,2774.75,2800.56,2756.51,2795.03,15.06205905,140.0582402367
2018-04-09,2792.26,2796.65,2759.78,2764.85,14.72278846,137.1574078574
2018-04-10,2760.89,2762.1,2714.24,2738.81,12.45504544,107.2066962362
2018-04-11,2737.43,2760.67,2728.79,2760.67,9.30535151,90.4298097997
2018-04-12,2753.04,2755.43,2734.92,2737.57,8.57833965,88.0316104676
2018-04-13,2741.72,2745.83,2718.02,2722.86,6.69057157,68.9386496628
2018-04-16,2732.28,2732.61,2692.37,2707.9,7.50040868,66.84891765350001
2018-04-17,2713.96,2717.68,2682.68,2685.42,15.48470182,145.2766505239
2018-04-18,2681.39,2685.12,2644.88,2682.92,11.82995728,112.8514235955
2018-04-19,2675.59,2702.28,2671.2,2696.55,9.54809503,92.6528000074
2018-04-20,2691.73,2696.91,2660.21,2664.2,8.69692725,82.4753326296
2018-04-23,2660.97,2661.68,2615.21,2628.76,7.51820162,68.7373550379
2018-04-24,2629.01,2668.55,2628.56,2666.11,6.60030405,64.7119315837
2018-04-25,2658.15,2664.91,2649.23,2652.06,6.06002015,60.5599990481
2018-04-26,2648.26,2653.93,2610.0,2614.21,7.38490152,73.2824077726
2018-04-27,2620.91,2629.87,2611.27,2626.45,5.90531777,60.8965202001
2018-05-02,2626.6,2629.97,2611.48,2625.36,6.64951762,69.4796965345
2018-05-03,2623.73,2657.78,2621.42,2655.03,7.3908626,74.9741841616
2018-05-04,2650.57,2674.91,2645.56,2668.69,6.03565971,65.25702755649999
2018-05-07,2667.02,2698.65,2667.02,2697.89,6.72984761,70.0358858833
2018-05-08,2693.84,2714.41,2689.33,2711.06,6.88358314,69.3793993806
2018-05-09,2710.74,2719.94,2704.86,2711.32,9.01220445,91.65897266280001
2018-05-10,2713.38,2731.42,2712.94,2729.56,10.51155445,102.61718595159999
2018-05-11,2730.09,2734.47,2717.33,2719.85,8.0527173,85.4192289193
2018-05-14,2709.82,2735.45,2708.32,2735.1,8.25948554,89.72008958149999
2018-05-15,2734.72,2762.82,2734.72,2760.36,7.62074792,83.05401989880001
2018-05-16,2755.11,2802.8,2753.26,2782.53,11.18072506,110.50857515290001
2018-05-17,2781.78,2798.05,2778.22,2782.14,10.286858,111.79076829969999
2018-05-18,2786.61,2799.21,2775.42,2797.05,10.19414481,108.66540448389999
2018-05-21,2778.8,2806.32,2777.51,2799.19,11.48935671,121.500092185
2018-05-22,2802.8,2844.54,2799.23,2844.54,11.9525209,127.6482588642
2018-05-23,2842.6,2864.37,2817.17,2817.95,12.19560647,131.6725035391
2018-05-24,2822.69,2835.3,2808.46,2813.09,6.21795054,67.0115352057
2018-05-25,2816.33,2827.14,2804.77,2807.79,7.19678338,71.9978643214
2018-05-28,2813.15,2821.83,2783.47,2804.92,9.02073152,106.90019042870001
2018-05-29,2797.64,2817.52,2768.86,2770.3,9.35952032,112.1380108652
2018-05-30,2750.15,2783.2,2739.97,2744.7,12.72820914,130.726945528
2018-05-31,2751.19,2786.81,2729.31,2783.85,12.37066656,131.40691665
2018-06-01,2772.78,2797.09,2740.37,2752.29,9.99801553,110.2520779656
2018-06-04,2743.97,2749.26,2707.92,2710.12,8.66704512,100.5135377158
2018-06-05,2698.1,2739.58,2697.93,2739.27,7.36712959,87.11295855629999
2018-06-06,2732.83,2745.66,2726.8,2745.64,8.46993705,94.5672614838
2018-06-07,2744.24,2744.75,2725.35,2739.05,9.46720104,108.26625778040001
2018-06-08,2729.44,2729.44,2672.24,2696.14,9.7421378,107.75040850389999
2018-06-11,2688.51,2696.1,2634.73,2645.14,7.37445545,82.48214333840001
2018-06-12,2642.59,2676.07,2640.64,2674.49,7.51282119,87.78950439399999
2018-06-13,2670.82,2680.77,2651.23,2652.62,8.42756463,98.65256925530001
2018-06-14,2647.51,2667.51,2618.75,2623.36,7.54385791,93.3615632485
2018-06-15,2622.64,2631.96,2556.51,2568.28,9.0776021,98.27319085229999
2018-06-19,2565.94,2593.04,2451.85,2486.31,13.63540716,130.3014833839
2018-06-20,2465.61,2487.27,2424.77,2477.49,10.74324489,103.5094336256
2018-06-21,2472.51,2486.22,2422.53,2423.51,8.31480768,82.5866518279
2018-06-22,2405.03,2443.25,2395.46,2440.96,7.40162319,68.1082280656
2018-06-25,2452.54,2455.93,2411.75,2413.37,6.41637932,62.1947730378
2018-06-26,2384.17,2418.35,2375.7,2403.75,7.23343964,64.594628644
2018-06-27,2407.95,2426.05,2378.88,2388.52,8.08269037,71.5293109668
2018-06-28,2379.52,2395.06,2354.05,2357.68,6.89733116,60.6192292557
2018-06-29,2363.19,2415.76,2359.04,2412.41,7.25943935,64.7622810809
2018-07-02,2408.94,2430.38,2363.84,2381.49,8.4731952,74.7551862609
2018-07-03,2382.13,2396.79,2335.88,2382.09,6.74045983,61.7538711865
2018-07-04,2371.77,2373.8,2342.23,2356.33,8.17216525,70.8218532962
2018-07-05,2350.19,2356.44,2284.85,2297.49,8.26325423,71.4266614163
2018-07-06,2292.55,2338.33,2253.74,2325.34,11.65602871,90.9531898435
2018-07-09,2321.9,2377.81,2321.9,2377.44,9.31812887,79.9907280042
2018-07-10,2375.01,2391.09,2366.83,2383.6,7.25262945,63.273866964700005
2018-07-11,2349.66,2369.21,2340.0,2364.77,8.78666322,77.9850068483
2018-07-12,2355.71,2396.29,2355.69,2394.51,8.49834021,77.05707146579999
2018-07-13,2390.68,2414.66,2384.65,2403.94,8.36232498,77.2743432033
2018-07-16,2397.83,2402.01,2378.53,2396.49,6.79183125,63.6218502472
2018-07-17,2393.66,2412.56,2381.81,2412.48,6.41972222,61.2561337622
2018-07-18,2412.72,2423.13,2392.75,2393.94,7.04347705,67.1873569248
2018-07-19,2389.78,2398.87,2363.52,2370.58,5.6724732,54.272422426400006
2018-07-20,2365.1,2395.23,2363.57,2389.58,5.69209002,52.5016386559
2018-07-23,2388.7,2430.46,2388.64,2429.69,7.9058428,72.9042574717
2018-07-24,2425.36,2457.52,2415.14,2453.84,8.91784602,74.7808992128
2018-07-25,2456.73,2459.44,2443.64,2458.37,8.27365782,77.8980641564
2018-07-26,2454.9,2475.29,2451.86,2458.23,9.84230141,86.68721915530001
2018-07-27,2456.31,2465.67,2442.4,2443.97,7.92934989,69.08350961810001
2018-07-30,2436.41,2442.98,2394.27,2403.87,8.0249308,70.2614907212
2018-07-31,2409.56,2432.13,2406.76,2428.9,5.76117821,51.5435988469
2018-08-01,2430.61,2433.67,2388.22,2388.22,6.7100842,60.2286588554
2018-08-02,2379.91,2383.89,2308.78,2347.86,8.85172402,71.75900172680001
2018-08-03,2351.06,2400.55,2351.05,2363.89,9.13609557,81.5965003616
2018-08-06,2341.67,2343.13,2267.92,2279.98,9.23160971,78.1724790432
2018-08-07,2275.34,2315.3,2255.66,2312.84,8.05473588,65.2476602099
2018-08-08,2304.17,2311.36,2295.87,2301.77,9.23327962,73.4675086858
2018-08-09,2293.53,2346.88,2289.36,2338.39,9.47796453,76.27771815060001
2018-08-10,2339.17,2385.46,2338.07,2368.28,10.09494714,88.3930252082
2018-08-13,2352.0,2368.86,2337.89,2365.81,8.42147947,65.1936543143
2018-08-14,2362.65,2373.43,2355.15,2369.14,6.67985647,56.280591883999996
2018-08-15,2366.63,2377.81,2331.27,2336.39,7.19387991,60.9764951406
2018-08-16,2309.49,2326.86,2268.87,2270.67,7.23222903,59.747359565
2018-08-17,2279.2,2285.01,2225.9,2229.18,7.03911611,58.5483542625
2018-08-20,2210.18,2213.29,2157.09,2189.21,6.94180503,58.0758234722
2018-08-21,2188.29,2223.49,2188.29,2217.82,5.93248067,49.1289917837
2018-08-22,2209.75,2223.52,2201.45,2219.64,6.50114397,53.6606106212
2018-08-23,2216.53,2228.57,2196.37,2213.29,6.80798567,62.1924929546
2018-08-24,2204.43,2223.26,2194.45,2213.93,6.14857215,55.1277704592
2018-08-27,2216.83,2252.27,2213.96,2248.55,6.58952192,56.69521205270001
2018-08-28,2249.24,2257.78,2240.74,2256.79,6.42484781,57.815162062700004
2018-08-29,2253.49,2268.29,2248.36,2255.88,5.81326089,50.7075255567
2018-08-30,2253.91,2261.28,2234.0,2234.63,5.61786258,46.609478557399996
2018-08-31,2225.12,2236.87,2211.3,2215.64,5.22456864,43.2797700256
2018-09-03,2216.49,2236.16,2213.43,2234.95,6.47764742,52.6621458578
2018-09-04,2238.8,2259.09,2231.93,2256.7,8.29970913,68.29492851180001
2018-09-05,2253.6,2254.91,2232.06,2233.71,8.24241123,67.388603778
2018-09-06,2222.45,2244.18,2219.7,2230.25,6.84374683,56.5012668925
2018-09-07,2229.23,2260.35,2228.98,2239.96,6.05203342,49.9619566535
2018-09-10,2241.08,2247.93,2219.87,2221.69,6.52311266,54.1181300414
2018-09-11,2218.86,2236.89,2207.82,2223.91,5.12372591,42.8173240358
2018-09-12,2220.53,2233.1,2209.74,2213.16,4.76771978,39.9731972712
2018-09-13,2227.49,2232.75,2198.38,2215.0,4.75175483,39.8224930095
2018-09-14,2216.73,2221.18,2203.79,2204.22,4.91354661,41.957886469099996
2018-09-17,2195.87,2199.92,2173.78,2174.23,4.49948964,36.880882885700004
2018-09-18,2164.97,2194.16,2163.91,2192.51,5.04314997,39.9848729829
2018-09-19,2190.56,2220.42,2184.57,2212.34,8.68753304,55.0574589976
2018-09-20,2209.37,2216.84,2200.75,2205.18,7.40476609,46.168515908500005
2018-09-21,2209.98,2235.49,2202.32,2233.2,7.67236342,49.996728384399994
2018-09-25,2228.51,2260.42,2221.82,2259.92,8.24180568,52.0416000771
2018-09-26,2256.52,2311.52,2256.43,2295.36,10.87342556,74.82919043220001
2018-09-27,2298.76,2299.55,2271.1,2272.71,8.69461935,59.3583288162
2018-09-28,2275.5,2279.85,2267.42,2275.98,6.00808588,42.790532673899996
2018-10-08,2247.15,2268.78,2233.15,2234.78,7.10570805,54.2680327631
2018-10-09,2244.41,2261.76,2239.18,2246.4,5.69177455,44.8254041784
2018-10-10,2249.75,2271.35,2249.65,2265.84,5.37711953,44.89180169310001
2018-10-11,2210.33,2221.81,2146.24,2157.68,9.76213734,67.0252316325
2018-10-12,2139.3,2168.85,2095.6,2161.86,9.0657272,60.3833630293
2018-10-15,2165.83,2184.15,2146.9,2149.52,6.06438038,43.747195120200004
2018-10-16,2148.2,2151.45,2094.39,2102.71,6.41156731,45.238257351899996
2018-10-17,2117.63,2129.7,2095.11,2122.95,6.82662818,48.31005669899999
2018-10-18,2108.74,2110.05,2052.0,2052.95,6.87867468,41.106266584000004
2018-10-19,2024.99,2086.65,2024.99,2085.42,7.45269823,46.039878717200004
2018-10-22,2108.54,2185.18,2107.79,2161.04,9.24640972,62.8590226403
2018-10-23,2162.36,2180.1,2140.65,2152.03,8.88717906,59.3497790742
2018-10-24,2144.25,2181.81,2141.56,2168.6,6.63631227,47.4044906444
2018-10-25,2121.56,2163.55,2110.41,2158.4,6.4387012,42.115540648
2018-10-26,2158.41,2192.1,2153.37,2163.15,6.02654741,42.274552896799996
2018-10-29,2153.57,2158.63,2132.25,2137.44,6.57486611,45.337250876300004
2018-10-30,2127.06,2155.33,2080.94,2125.83,7.27211492,50.378696979
2018-10-31,2132.27,2164.88,2130.11,2160.62,7.47330782,50.0702441313
2018-11-01,2158.58,2177.3,2154.86,2159.29,8.34266848,58.537844537
2018-11-02,2192.74,2207.49,2171.16,2205.3,9.54720781,68.2309028576
2018-11-05,2212.1,2237.66,2205.26,2227.76,13.43448817,75.45664115550001
2018-11-06,2227.28,2238.42,2208.63,2238.0,9.49135986,58.665534691000005
2018-11-07,2237.94,2250.95,2225.64,2233.13,9.13949478,58.0770048162
2018-11-08,2238.18,2257.2,2226.75,2236.62,11.50066361,62.963861486899994
2018-11-09,2224.63,2226.93,2199.19,2199.2,10.66981229,55.9283654279
2018-11-12,2191.28,2247.72,2191.28,2243.13,13.70174151,73.0578414444
2018-11-13,2230.49,2300.17,2223.2,2292.11,17.86038023,95.37253041129999
2018-11-14,2289.96,2315.09,2285.77,2291.58,15.64554067,85.5874893861
2018-11-15,2291.8,2312.32,2288.49,2312.32,12.22564864,70.68727835199999
2018-11-16,2317.06,2333.74,2308.25,2327.21,13.41152356,80.4341010448
2018-11-19,2326.25,2336.58,2306.19,2320.63,12.76401412,80.8422451087
2018-11-20,2307.56,2312.21,2261.69,2263.1,11.43087862,73.9803237215
2018-11-21,2251.17,2288.83,2240.66,2286.45,10.15609961,61.8852104551
2018-11-22,2289.74,2293.86,2264.67,2272.95,8.14934399,52.3548016549
2018-11-23,2276.36,2276.36,2222.91,2230.37,10.33341149,65.86771872979999
2018-11-26,2227.73,2237.58,2216.52,2226.53,7.37896688,53.8133288434
2018-11-27,2237.23,2245.0,2221.71,2231.18,7.33462476,47.059658719
2018-11-28,2227.35,2276.74,2223.66,2276.74,9.00196347,59.594114249300006
2018-11-29,2282.74,2302.92,2270.29,2270.29,9.89604468,67.4791713809
2018-11-30,2265.29,2290.85,2263.93,2288.41,8.70780539,59.088236764799994
2018-12-03,2309.59,2352.67,2299.77,2346.87,12.17772047,83.7849827745
2018-12-04,2343.38,2362.55,2336.79,2360.08,9.52875647,66.5116537745
2018-12-05,2332.97,2407.78,2329.2,2403.05,12.46834193,96.76543313110001
2018-12-06,2399.14,2410.38,2366.07,2374.15,11.66071913,90.0860637341
2018-12-07,2372.51,2382.56,2332.32,2368.51,8.54872348,64.3215201094
2018-12-10,2355.58,2379.8,2352.48,2355.01,8.08747806,56.6946011996
2018-12-11,2362.98,2368.8,2339.64,2350.63,7.25116188,51.0082113256
2018-12-12,2356.26,2364.01,2344.79,2353.01,6.14691093,42.9722787843
2018-12-13,2348.04,2360.28,2312.32,2344.25,7.57802488,58.5135386499
2018-12-14,2347.32,2347.33,2294.7,2294.87,8.22122486,61.3035561442
2018-12-17,2290.47,2296.65,2267.67,2290.21,6.29894149,46.1224353916
2018-12-18,2287.59,2313.34,2275.72,2291.57,6.26677247,45.878364053599995
2018-12-19,2292.64,2292.73,2244.79,2244.93,5.97728551,43.0957187445
2018-12-20,2244.71,2282.21,2244.71,2282.21,6.30806595,46.0360984327
2018-12-21,2279.6,2286.89,2258.23,2268.47,5.77295164,40.8476132499
2018-12-24,2267.9,2312.49,2267.9,2311.73,6.26819579,46.778266591400005
2018-12-25,2292.33,2302.75,2267.23,2291.89,7.11476666,48.0028808152
2018-12-26,2289.63,2306.41,2279.26,2283.88,5.55267325,39.8661700623
2018-12-27,2308.44,2312.0,2253.2,2253.91,6.2955352,42.358739515500005
2018-12-28,2245.89,2274.43,2230.92,2274.43,6.672545,50.1065703671
2019-01-02,2279.13,2283.12,2262.93,2268.97,6.75211492,49.8441891794
2019-01-03,2269.78,2289.5,2262.24,2265.85,7.57874739,54.650204166099996
2019-01-04,2251.27,2318.38,2251.27,2318.38,11.38766039,78.2070216634
2019-01-07,2328.62,2373.72,2326.03,2372.63,12.23544641,92.2030433121
2019-01-08,2354.84,2365.81,2342.08,2355.36,9.11999888,65.9247054772
2019-01-09,2358.02,2389.42,2353.79,2354.51,10.21792585,75.4800842203
2019-01-10,2353.78,2365.8,2339.35,2356.07,8.65330612,63.8503335234
2019-01-11,2347.15,2371.81,2346.85,2365.73,9.34504566,58.8935448024
2019-01-14,2366.54,2391.36,2364.0,2366.05,10.47818491,69.0076704384
2019-01-15,2363.71,2372.83,2335.53,2369.36,9.26865204,66.5799124201
2019-01-16,2371.2,2390.02,2365.0,2367.74,8.42359464,57.231479478000004
2019-01-17,2372.25,2378.99,2352.2,2354.69,7.95025031,52.3980626865
2019-01-18,2363.55,2397.76,2354.61,2397.61,7.90312781,60.2030150371
2019-01-21,2403.94,2410.25,2387.28,2390.0,9.70221896,76.6376799299
2019-01-22,2383.94,2384.03,2360.64,2365.47,8.95677665,69.2516927569
2019-01-23,2366.05,2401.05,2363.33,2392.99,10.07181426,70.2773746056
2019-01-24,2396.01,2439.72,2395.95,2420.67,13.15232759,93.40718114170001
2019-01-25,2427.6,2427.98,2400.85,2402.37,9.89012062,70.2567298267
2019-01-28,2415.78,2426.03,2404.7,2411.2,8.89628762,73.1935634984
2019-01-29,2402.35,2411.39,2370.75,2397.31,10.20678287,83.22796385609999
2019-01-30,2388.36,2406.55,2374.53,2374.53,7.8478136,66.9170644746
2019-01-31,2370.87,2386.39,2346.71,2354.58,8.77929325,68.9687603671
2019-02-01,2359.76,2397.92,2359.41,2397.26,7.12671102,61.462385893100006
2019-02-11,2404.21,2527.48,2404.16,2519.79,9.9883701,91.5996229301
2019-02-12,2528.65,2553.39,2527.41,2552.59,11.78393701,97.07477369819999
2019-02-13,2553.11,2572.18,2540.96,2566.04,12.04394528,98.2041270712
2019-02-14,2563.75,2581.17,2553.32,2568.85,12.21101434,92.939981692
2019-02-15,2570.07,2678.61,2567.49,2651.03,19.71010035,150.2522985975
2019-02-18,2655.89,2745.71,2655.77,2745.71,21.205999,164.5932226387
2019-02-19,2752.76,2772.74,2711.43,2738.59,20.37276512,161.9462847907
2019-02-20,2781.99,2841.82,2755.81,2798.22,22.26747093,176.9011360243
2019-02-21,2796.86,2914.08,2782.83,2835.97,24.13865593,204.062232288
2019-02-22,2824.23,2878.6,2792.97,2868.31,22.08405596,177.9505261553
2019-02-25,2874.3,2927.37,2824.01,2908.48,30.89700762,256.9649759112
2019-02-26,2899.37,3026.24,2882.8,2990.55,32.76812513,288.7290958802
2019-02-27,2985.85,2988.55,2884.93,2905.64,29.87382778,259.87187760119997
2019-02-28,2882.08,2938.44,2841.38,2872.05,20.24048819,182.96501456709998
2019-03-01,2907.43,2945.46,2876.66,2944.94,19.1105158,187.1118240295
2019-03-04,3010.99,3111.46,3010.86,3103.56,28.49796805,280.3780153038
2019-03-05,3119.16,3238.74,3118.27,3216.48,27.77197474,284.82728072919997
2019-03-06,3183.22,3263.36,3168.95,3260.96,29.50036543,273.5669659769
2019-03-07,3280.2,3326.8,3231.71,3269.19,29.97516823,280.1550522183
2019-03-08,3205.67,3371.55,3185.47,3294.55,32.57731307,312.3444528343
2019-03-11,3366.6,3417.81,3263.7,3414.73,27.95159652,298.1023573278
2019-03-12,3385.28,3643.66,3385.28,3613.08,35.85117372,367.944148977
2019-03-13,3638.45,3638.45,3377.12,3393.93,35.00453832,377.68813504379995
2019-03-14,3330.9,3330.9,3159.64,3200.63,26.33321528,275.5313252115
2019-03-15,3263.45,3313.78,3231.89,3271.65,20.9644467,225.14628118080003
2019-03-18,3333.6,3386.57,3273.39,3386.57,21.77061266,250.493097052
2019-03-19,3385.59,3413.44,3336.64,3397.85,21.34958877,220.6350259121
2019-03-20,3365.72,3377.3,3233.11,3313.56,24.23399527,253.9108918629
2019-03-21,3297.18,3373.04,3270.11,3344.03,24.67788022,246.4118153132
2019-03-22,3341.77,3341.77,3209.08,3293.21,23.63905799,235.82078082310002
2019-03-25,3219.39,3325.81,3218.91,3278.83,22.38140338,212.830129425
2019-03-26,3311.62,3365.93,3257.66,3264.27,22.55897318,227.5783253832
2019-03-27,3254.12,3268.77,3212.89,3247.76,20.81179397,214.8126566737
2019-03-28,3225.54,3281.06,3208.71,3235.3,18.88430215,193.6867027618
2019-03-29,3232.07,3375.8,3232.01,3375.8,20.42105841,225.80208504560002
2019-04-01,3409.8,3557.04,3409.8,3554.42,23.26147719,262.8806507123
2019-04-02,3605.26,3605.26,3485.11,3513.06,23.63887969,276.1598303053
2019-04-03,3486.77,3527.27,3466.94,3527.27,18.38143931,195.94205586959998
2019-04-04,3549.52,3617.67,3508.73,3598.04,22.76817316,252.8507348308
2019-04-08,3629.57,3654.26,3547.44,3590.22,30.12432546,308.8241098768
2019-04-09,3563.25,3564.26,3510.11,3531.06,23.80638379,234.82057284709998
2019-04-10,3508.23,3553.94,3480.39,3523.21,20.68682051,220.63194468310002
2019-04-11,3527.1,3571.21,3490.15,3512.2,22.73331605,246.9839440329
2019-04-12,3510.64,3636.36,3503.82,3578.47,24.19463875,263.21682421229997
2019-04-15,3620.23,3662.21,3518.33,3519.36,23.08442254,270.0568515365
2019-04-16,3485.85,3495.93,3379.22,3493.5,19.90725611,230.56875480189998
2019-04-17,3487.56,3631.14,3480.36,3600.74,23.71537339,272.9962594242
2019-04-18,3586.23,3662.07,3577.12,3580.75,26.01069624,261.8506954361
2019-04-19,3568.95,3608.79,3545.36,3575.84,20.33513146,196.59362365319998
2019-04-22,3601.68,3704.03,3600.5,3670.43,23.95659829,267.4622062534
2019-04-23,3671.7,3724.74,3605.79,3657.84,31.26264928,339.6177471473
2019-04-24,3673.2,3745.89,3642.9,3745.89,27.21839799,304.2481115579
2019-04-25,3719.39,3890.82,3702.26,3716.54,28.13837991,382.1405006983
2019-04-26,3666.65,3690.7,3546.53,3577.3,22.86306786,280.5212880671
2019-04-29,3552.22,3576.0,3436.39,3442.73,19.095212,228.0932982018
2019-04-30,3421.41,3591.38,3421.36,3572.33,17.04724083,225.09307741779998
2019-05-06,3446.17,3553.36,3324.46,3364.21,25.19351639,281.4422712677
2019-05-07,3410.82,3451.53,3275.07,3373.81,25.42281052,278.3138759313
2019-05-08,3291.72,3335.72,3226.89,3238.46,26.81547611,278.70959302
2019-05-09,3213.43,3288.6,3197.99,3279.25,24.59627847,247.7311284457
2019-05-10,3308.78,3417.89,3283.74,3408.67,29.12424276,308.0567142122
2019-05-13,3367.97,3392.11,3340.64,3376.09,24.06107254,243.1466736549
2019-05-14,3346.83,3430.51,3313.92,3354.01,22.19450419,240.3717930765
2019-05-15,3377.18,3451.41,3368.95,3438.44,22.03207957,233.57242361049998
2019-05-16,3450.94,3504.35,3447.52,3453.93,27.63883636,267.394701947
2019-05-17,3461.38,3518.46,3398.89,3410.5,32.20985096,311.9871029703
2019-05-20,3394.98,3394.98,3182.96,3238.46,25.62221548,253.1025984173
2019-05-21,3232.13,3347.32,3231.85,3335.8,23.27618292,225.15024156009997
2019-05-22,3317.99,3352.75,3287.78,3328.05,24.14019671,234.9943414749
2019-05-23,3299.51,3299.59,3195.86,3207.36,23.28359997,218.11861049200002
2019-05-24,3206.74,3262.34,3103.18,3142.72,18.77019141,202.3829726116
2019-05-27,3172.49,3296.56,3172.34,3285.36,19.37948909,205.68537541240002
2019-05-28,3314.77,3427.41,3314.76,3397.48,24.93473918,283.063676608
2019-05-29,3361.85,3416.42,3344.58,3413.49,23.05851986,237.1386140851
2019-05-30,3450.9,3507.99,3394.02,3505.39,27.57702199,306.236093088
2019-05-31,3504.87,3536.07,3421.09,3510.66,27.25553495,309.8774262095
2019-06-03,3552.67,3601.61,3447.72,3473.61,27.64288734,318.49517823509996
2019-06-04,3441.7,3485.54,3348.15,3397.03,21.01396594,233.22877596619998
2019-06-05,3391.77,3423.05,3330.2,3393.29,25.51809154,263.244479708
2019-06-06,3374.91,3375.8,3225.46,3249.6,22.65153186,237.01586957060002
2019-06-10,3270.19,3282.53,3191.7,3268.53,19.75691238,203.5396476169
2019-06-11,3275.08,3426.3,3275.08,3426.27,26.34087701,274.8107632845
2019-06-12,3383.04,3457.59,3381.98,3415.61,30.56639755,292.6652989263
2019-06-13,3431.87,3455.49,3382.06,3431.99,25.88925331,240.1844710191
2019-06-14,3415.05,3454.05,3363.9,3366.12,26.00929725,252.1080194519
2019-06-17,3369.81,3397.98,3292.63,3316.14,20.08928462,196.67621244880002
2019-06-18,3325.2,3389.1,3323.63,3377.93,20.50104062,212.6741602756
2019-06-19,3461.16,3461.16,3348.5,3361.48,22.3345752,233.85889044080002
2019-06-20,3354.99,3355.02,3285.53,3347.14,22.44395328,223.74529305189998
2019-06-21,3363.38,3363.38,3292.37,3313.87,22.07830083,224.4922546032
2019-06-24,3295.27,3340.97,3251.14,3339.57,23.76373653,237.6119349426
2019-06-25,3313.7,3317.48,3256.45,3264.06,19.5604061,194.9047299932
2019-06-26,3246.97,3266.85,3237.9,3238.67,16.28902746,146.035823071
2019-06-27,3239.86,3265.41,3218.27,3256.16,16.3871126,163.4289133528
2019-06-28,3248.84,3253.88,3218.51,3228.72,14.3703412,137.8244962591
2019-07-01,3260.81,3317.38,3235.03,3314.11,16.5327536,179.7972474538
2019-07-02,3311.13,3389.59,3302.91,3351.21,18.52078356,213.77828124259997
2019-07-03,3338.17,3353.46,3287.85,3300.37,18.12093482,202.5210027602
2019-07-04,3308.49,3314.15,3243.09,3250.67,15.16656399,161.9556581075
2019-07-05,3262.32,3363.94,3262.3,3353.16,16.24177803,198.13868723369998
2019-07-08,3380.26,3405.14,3316.67,3367.09,20.32852084,259.0772392508
2019-07-09,3354.9,3419.91,3304.41,3388.38,17.66198771,237.7306748331
2019-07-10,3379.01,3429.19,3333.99,3348.68,13.56470443,176.41175666459998
2019-07-11,3371.45,3381.91,3321.48,3348.15,12.33667432,148.6372278432
2019-07-12,3350.66,3370.95,3304.64,3343.35,12.11172411,156.3981051644
2019-07-15,3343.92,3448.89,3299.45,3431.73,14.20306916,189.8659598841
2019-07-16,3428.79,3450.05,3414.09,3422.7,11.06681727,147.5425445055
2019-07-17,3428.43,3539.07,3408.17,3463.5,18.12066804,243.33004876270002
2019-07-18,3441.27,3476.06,3429.01,3429.01,15.06354502,181.7347799711
2019-07-19,3435.11,3486.11,3433.94,3463.47,13.24605073,151.7428093633
2019-07-22,3448.3,3448.3,3351.57,3354.49,13.62377709,160.9688722291
2019-07-23,3357.65,3386.37,3344.67,3378.28,8.63566999,107.7070431819
2019-07-24,3390.01,3420.87,3375.22,3403.73,12.30904857,129.4780144838
2019-07-25,3403.33,3443.09,3385.78,3443.09,12.4491813,139.8914109751
2019-07-26,3433.2,3445.82,3376.84,3409.85,12.82456968,142.62321291979998
2019-07-29,3402.24,3475.01,3365.51,3468.49,14.05769702,172.2547403434
2019-07-30,3466.6,3506.09,3457.96,3475.95,9.71768681,144.0380889909
2019-07-31,3463.03,3495.87,3459.82,3464.63,8.95989667,125.09990983709999
2019-08-01,3445.3,3546.2,3445.3,3525.93,11.38141795,167.7687589635
2019-08-02,3478.07,3538.08,3478.07,3535.04,14.75856048,184.3116392945
2019-08-05,3548.4,3590.9,3524.41,3540.38,15.00556914,200.1362784041
2019-08-06,3458.77,3521.48,3436.09,3478.96,17.27107036,206.3669531553
2019-08-07,3522.93,3545.67,3448.96,3448.96,14.35356927,187.22969875340002
2019-08-08,3467.53,3488.85,3434.28,3466.97,10.13833213,135.7865022974
2019-08-09,3482.91,3484.72,3353.31,3356.56,12.4053826,176.62737669779997
2019-08-12,3370.44,3406.93,3325.49,3400.98,13.24181188,186.76620764930001
2019-08-13,3374.03,3391.67,3353.04,3360.2,10.7160853,135.33312814549998
2019-08-14,3391.36,3391.43,3331.81,3343.39,10.54638384,137.1306196814
2019-08-15,3293.49,3336.16,3284.6,3331.29,10.58787463,127.9735686575
2019-08-16,3331.74,3421.43,3325.81,3387.87,12.73827676,180.1713833039
2019-08-19,3400.73,3400.73,3271.01,3369.05,16.7904018,254.0679866148
2019-08-20,3345.14,3379.5,3339.0,3378.18,16.02373348,188.32447088889998
2019-08-21,3395.88,3398.37,3343.86,3347.89,14.2428039,172.61372674400002
2019-08-22,3360.38,3396.45,3325.58,3390.22,14.58998457,185.0298612657
2019-08-23,3383.56,3383.57,3341.6,3347.66,12.42251693,151.2517570206
2019-08-26,3309.67,3362.48,3309.67,3341.49,11.98847158,147.398937043
2019-08-27,3372.87,3475.11,3372.87,3444.3,14.86963852,210.6753318348
2019-08-28,3445.41,3569.07,3431.04,3552.48,18.1699166,243.0636418732
2019-08-29,3551.56,3558.11,3507.58,3523.8,14.59793438,184.493311237
2019-08-30,3523.63,3554.96,3474.81,3493.22,13.90479656,173.272931435
2019-09-02,3495.82,3513.21,3446.28,3506.25,12.3903216,161.1595220685
2019-09-03,3517.8,3581.73,3510.72,3523.87,13.16129109,172.33926493150003
2019-09-04,3508.4,3526.1,3491.05,3526.1,13.27343878,176.1323704979
2019-09-05,3538.12,3549.18,3514.78,3546.66,15.48527254,187.71177983419997
2019-09-06,3542.36,3542.38,3429.06,3456.79,15.12794429,215.45874979240003
2019-09-09,3443.81,3443.81,3384.32,3432.96,14.19329434,199.32647656720002
2019-09-10,3436.79,3506.87,3431.05,3484.16,20.30282495,243.98492655669997
2019-09-11,3472.39,3472.39,3401.95,3406.1,16.16933574,209.17414324979998
2019-09-12,3417.63,3417.63,3375.29,3401.94,10.86294586,128.7951411986
2019-09-16,3410.13,3426.08,3389.93,3417.67,11.37026345,143.41944301540002
2019-09-17,3415.56,3426.44,3365.46,3377.79,11.79664634,134.2800605118
2019-09-18,3379.87,3384.95,3358.64,3372.26,8.11784812,96.3606871689
2019-09-19,3376.88,3402.47,3337.12,3401.89,8.58918413,114.9644494808
2019-09-20,3395.38,3413.7,3380.26,3392.09,7.4763452,94.30059499469999
2019-09-23,3376.05,3376.3,3311.61,3329.56,8.68656156,108.34980787309999
2019-09-24,3320.38,3324.67,3265.99,3272.39,9.60910757,125.1660205767
2019-09-25,3263.19,3272.24,3242.84,3248.27,8.19831095,92.35527496120001
2019-09-26,3261.15,3261.15,3059.26,3059.43,12.21958311,159.9846113301
2019-09-27,3067.45,3172.57,3067.36,3159.55,8.91433547,119.8364690542
2019-09-30,3176.13,3223.55,3176.13,3195.23,7.32726134,95.0257109828
2019-10-08,3257.8,3288.95,3229.97,3277.02,8.88005378,123.54409146530001
2019-10-09,3281.95,3292.84,3251.54,3287.77,7.71098786,107.8427069169
2019-10-10,3299.94,3388.14,3293.3,3380.11,9.61089669,154.58970382290002
2019-10-11,3364.86,3385.94,3346.1,3352.49,7.74712088,114.59209597540001
2019-10-14,3335.23,3359.18,3293.26,3348.28,9.78782665,132.82310602299998
2019-10-15,3338.65,3376.62,3306.49,3333.45,8.48958371,117.38203724899999
2019-10-16,3331.95,3332.02,3293.01,3294.23,7.06990732,85.1172710934
2019-10-17,3296.63,3313.31,3275.06,3289.17,6.06340054,77.7127582982
2019-10-18,3293.92,3341.96,3274.47,3297.8,8.36749313,119.93548354709999
2019-10-21,3317.72,3435.32,3317.72,3411.12,12.89963756,190.93017926209998
2019-10-22,3418.09,3425.88,3379.98,3425.88,11.15836567,153.902275567
2019-10-23,3442.92,3493.5,3437.55,3445.84,12.4776992,169.2481436341
2019-10-24,3454.89,3504.49,3426.86,3492.07,13.2749956,185.66954970580002
2019-10-25,3510.2,3636.39,3488.82,3636.39,19.96776952,302.6978799816
2019-10-28,3575.02,3697.77,3573.33,3642.08,17.27376211,256.5822847031
2019-10-29,3637.69,3737.97,3616.83,3696.0,18.48168426,278.4621638404
2019-10-30,3687.25,3737.22,3619.43,3697.33,15.70176223,226.7448530275
2019-10-31,3712.97,3713.06,3573.75,3597.76,15.73278845,231.4209741654
2019-11-01,3561.59,3587.64,3505.51,3565.58,11.56299185,189.3977111562
2019-11-04,3542.04,3586.69,3526.68,3578.18,10.99609503,176.43177164669999
2019-11-05,3585.23,3637.49,3585.17,3619.65,12.58676319,202.2745994699
2019-11-06,3641.86,3641.93,3495.23,3523.72,13.06619686,201.69506412130002
2019-11-07,3517.66,3626.67,3509.28,3585.91,11.32966022,169.607595235
2019-11-08,3586.28,3586.28,3517.23,3517.4,10.53224593,153.58113490530002
2019-11-11,3480.45,3533.88,3455.77,3464.07,9.96895004,137.042938434
2019-11-12,3471.48,3504.77,3442.13,3484.39,8.69084254,121.3051531334
2019-11-13,3497.29,3504.42,3435.43,3450.91,7.70898291,106.285145559
2019-11-14,3458.43,3461.32,3426.02,3443.55,7.40020425,102.71079993229999
2019-11-15,3430.08,3430.08,3343.26,3343.26,8.78655077,132.4997680757
2019-11-18,3324.69,3386.6,3294.07,3373.26,8.14388924,125.0816089259
2019-11-19,3396.66,3409.94,3380.52,3405.38,7.28198388,104.7767112359
2019-11-20,3405.79,3406.33,3359.06,3361.16,9.20204274,113.08842690190001
2019-11-21,3356.93,3369.13,3342.23,3346.23,7.29799043,89.12917682209999
2019-11-22,3357.18,3374.49,3281.21,3302.08,7.8220838,104.6003201308
2019-11-25,3308.11,3318.01,3257.74,3268.13,6.63725221,87.3385306797
2019-11-26,3283.43,3307.05,3249.56,3295.91,6.8549047,104.79248155040001
2019-11-27,3293.63,3313.4,3281.55,3284.79,8.01470445,95.7012334664
2019-11-28,3283.89,3327.16,3267.29,3287.13,8.00684282,91.64471899979999
2019-11-29,3282.76,3282.86,3232.85,3253.34,6.7832731,85.82753052359999
2019-12-02,3280.31,3321.77,3280.31,3297.97,7.33332867,105.90958100739999
2019-12-03,3295.98,3315.15,3270.35,3287.12,6.80011583,91.33493635090001
2019-12-04,3274.92,3278.03,3227.42,3268.57,7.43567777,93.5698281635
2019-12-05,3278.81,3278.81,3252.86,3272.12,6.93442192,85.4027270808
2019-12-06,3278.67,3301.18,3263.89,3273.24,7.62843661,106.3212751385
2019-12-09,3277.81,3277.81,3241.67,3253.37,8.05800091,114.49156338629999
2019-12-10,3240.25,3240.35,3162.87,3179.7,8.96460827,137.124877819
2019-12-11,3168.26,3168.32,3140.95,3146.21,7.12075489,96.4097847252
2019-12-12,3157.52,3172.06,3141.45,3147.89,7.04317975,87.62415912510001
2019-12-13,3145.97,3175.7,3125.47,3175.7,7.76114405,98.6257789878
2019-12-16,3177.99,3177.99,3143.33,3170.86,9.5726379,115.6746211988
2019-12-17,3173.87,3243.04,3165.76,3235.28,12.80419757,161.2304379608
2019-12-18,3222.26,3243.15,3214.04,3217.89,11.72116565,132.849639691
2019-12-19,3215.82,3227.22,3196.4,3221.35,8.53431726,97.22993571079999
2019-12-20,3222.65,3275.39,3222.55,3265.88,13.13385227,157.9891570981
2019-12-23,3265.58,3265.59,3175.23,3177.4,12.85829511,152.2991072087
2019-12-24,3173.56,3184.53,3145.75,3164.23,8.93651325,103.7126529116
2019-12-25,3170.01,3172.1,3147.34,3155.75,7.6334058,86.3764049052
2019-12-26,3161.49,3166.73,3133.91,3150.15,6.98404158,80.5651574999
2019-12-27,3153.88,3222.09,3147.33,3208.25,11.22819024,146.8250136028
2019-12-30,3201.74,3246.73,3164.52,3245.64,11.92239174,140.343448193
2019-12-31,3261.76,3324.37,3261.76,3308.1,13.41927954,168.6845047165
2020-01-02,3347.27,3408.34,3345.43,3394.96,16.96126683,210.6090980121
2020-01-03,3420.59,3436.81,3392.78,3425.51,18.29977439,195.7523932078
2020-01-06,3426.8,3509.56,3426.74,3494.01,20.18941987,205.2190172348
2020-01-07,3531.88,3647.21,3530.23,3624.72,23.2831242,306.5704626547
2020-01-08,3634.48,3642.81,3559.93,3559.93,22.49034266,275.673211439
2020-01-09,3582.81,3606.12,3547.75,3566.77,22.3089021,237.45070004099998
2020-01-10,3565.13,3565.14,3487.57,3493.82,18.87727948,206.99718767049998
2020-01-13,3480.89,3517.73,3470.31,3517.73,16.264866,180.90156458939998
2020-01-14,3515.16,3546.22,3494.2,3520.44,19.85058089,213.9190422965
2020-01-15,3538.07,3538.08,3458.79,3466.91,14.59948994,169.2968172272
2020-01-16,3467.83,3490.71,3446.86,3460.95,13.40097261,159.1096655716
2020-01-17,3459.15,3469.63,3428.49,3432.69,11.81799901,136.3644166547
2020-01-20,3433.32,3456.56,3391.62,3454.75,13.05644208,154.4410524043
2020-01-21,3441.12,3441.12,3387.85,3390.05,11.95714933,139.1668358293
2020-01-22,3372.55,3372.65,3276.46,3333.23,12.04844414,152.1834630368
2020-01-23,3290.92,3293.6,3150.98,3175.56,14.76081161,164.2762436611
2020-02-03,2866.17,2904.87,2865.91,2880.18,5.89238116,83.0896106585
2020-02-04,2771.87,2949.59,2771.87,2943.95,20.03830247,194.2002680779
2020-02-05,2966.37,3067.34,2965.56,3026.59,18.29858168,186.2979700309
2020-02-06,3074.7,3164.5,3031.83,3157.47,20.30945115,216.48318372330002
2020-02-07,3135.48,3163.39,3105.3,3141.72,16.73620912,177.4266729727
2020-02-10,3123.13,3329.71,3123.13,3327.91,21.89588155,245.9607870334
2020-02-11,3350.91,3366.1,3276.31,3277.2,23.8971716,242.57727370630002
2020-02-12,3268.69,3339.7,3267.67,3306.57,19.9637408,206.1849546032
2020-02-13,3307.76,3333.77,3257.42,3297.62,22.94395258,222.8670638705
2020-02-14,3297.08,3398.09,3296.9,3387.37,20.0520996,229.8831183495
2020-02-17,3423.52,3501.92,3417.62,3478.58,24.91067488,269.15110338939996
2020-02-18,3456.18,3469.39,3423.82,3465.89,22.18539054,233.39047482310002
2020-02-19,3477.17,3564.72,3477.15,3510.07,22.7621418,278.7097712062
2020-02-20,3544.28,3582.97,3496.94,3542.21,19.69713163,252.75595125569998
2020-02-21,3526.65,3568.45,3491.77,3535.22,17.82125361,222.817414347
2020-02-24,3513.03,3610.04,3500.51,3579.13,21.83896391,256.4615824947
2020-02-25,3519.43,3626.19,3506.74,3622.74,22.46619058,289.8409911116
2020-02-26,3616.26,3681.63,3592.33,3610.07,26.39128903,329.6368781457
2020-02-27,3612.32,3673.28,3585.79,3616.96,18.28443599,253.3317050236
2020-02-28,3510.7,3579.62,3430.45,3437.52,19.25554251,240.27377296400002
2020-03-02,3463.96,3607.54,3463.96,3587.9,17.20974649,244.71953376259998
2020-03-03,3636.9,3672.71,3604.32,3634.53,22.3091502,285.2765821411
2020-03-04,3610.82,3715.41,3610.82,3707.19,22.03343668,283.1012234568
2020-03-05,3732.18,3958.01,3717.65,3904.87,31.68189673,439.69919534720003
2020-03-06,3875.36,3948.84,3844.91,3855.7,27.61124028,377.29020179419996
2020-03-09,3797.09,3913.16,3779.79,3794.47,25.78875673,355.7470008242
2020-03-10,3764.17,3822.65,3633.72,3773.83,22.27754519,297.36672638740004
2020-03-11,3773.4,3891.61,3751.72,3771.44,26.98404593,309.7071806398
2020-03-12,3694.53,3695.38,3590.74,3619.19,21.37004605,247.7629888443
2020-03-13,3424.39,3655.07,3424.39,3620.22,26.54626607,274.0691066894
2020-03-16,3656.1,3656.1,3442.39,3461.38,28.58371597,280.6233751062
2020-03-17,3487.79,3528.84,3330.77,3442.39,20.34783033,205.1182477977
2020-03-18,3475.56,3633.26,3475.27,3481.48,22.83189638,276.7210372128
2020-03-19,3486.26,3509.98,3384.01,3496.02,18.75396647,216.49693346560002
2020-03-20,3533.21,3536.45,3464.0,3507.77,17.56144028,202.84131898529998
2020-03-23,3397.93,3450.68,3377.82,3389.71,20.52748927,217.2024550065
2020-03-24,3460.58,3486.41,3399.06,3486.41,19.10025177,204.0868787095
2020-03-25,3553.59,3577.64,3511.56,3575.3,23.1320215,239.0228667686
2020-03-26,3535.05,3663.18,3529.53,3612.09,31.36036678,308.7408212093
2020-03-27,3635.73,3635.73,3528.42,3528.42,26.55095299,260.8398066529
2020-03-30,3503.39,3615.09,3503.39,3588.15,29.27950003,279.95331449099996
2020-03-31,3600.04,3825.95,3593.63,3825.95,38.47322049,425.2009632385
2020-04-01,3816.02,3825.95,3735.8,3762.96,36.96101598,393.8192700085
2020-04-02,3749.21,3754.31,3667.65,3725.81,29.40310665,306.2375799957
2020-04-03,3708.92,3848.17,3702.33,3786.16,31.39355424,339.4103939493
2020-04-07,3821.11,3971.53,3794.66,3966.61,38.20913922,435.20161719410004
2020-04-08,3950.3,3985.96,3874.68,3891.2,37.8657363,406.50250405559996
2020-04-09,3899.67,3931.88,3813.03,3908.67,35.38369671,365.5281223803
2020-04-10,3891.03,3953.91,3850.76,3876.38,29.66443173,311.1561723275
2020-04-13,3797.15,3806.85,3759.3,3770.69,19.10855212,205.56656098119998
2020-04-14,3787.54,3841.99,3762.37,3841.99,23.6390532,256.2246204852
2020-04-15,3822.49,3852.79,3779.83,3791.44,25.57018103,277.307564888
2020-04-16,3772.61,3797.92,3734.39,3755.57,21.97956712,247.7100212632
2020-04-17,3768.78,3806.85,3735.5,3772.79,20.54319245,242.4220073159
2020-04-20,3778.62,3813.18,3762.97,3803.59,18.66405285,208.1990721736
2020-04-21,3786.37,3804.58,3735.11,3771.67,21.71590474,238.4524034622
2020-04-22,3744.87,3940.21,3744.87,3925.45,33.48826778,383.0432073608
2020-04-23,3930.55,4000.55,3920.62,3920.89,40.24037305,442.5584090842
2020-04-24,3943.48,3954.62,3867.42,3893.12,29.11093035,321.1146417608
2020-04-27,3918.7,3973.12,3877.61,3913.56,22.88304408,278.0188576257
2020-04-28,3905.68,3908.64,3777.47,3890.32,26.87612216,306.6388609884
2020-04-29,3871.79,3886.08,3815.73,3821.12,19.03976269,235.3107312365
2020-04-30,3827.01,3832.56,3785.49,3813.87,16.87928233,207.1003585841
2020-05-06,3774.69,3835.48,3753.36,3828.41,19.63307846,249.47985198770002
2020-05-07,3825.78,3920.54,3817.14,3868.78,24.36719149,294.1109072026
2020-05-08,3876.26,3886.12,3830.3,3875.62,21.70750031,270.02887944540004
2020-05-11,3858.87,3887.47,3774.8,3797.07,23.04929618,321.9249986736
2020-05-12,3783.7,3815.89,3765.55,3797.93,19.75538765,242.65634025720001
2020-05-13,3795.06,3818.39,3782.7,3814.62,19.70106528,246.2073966899
2020-05-14,3790.14,3790.19,3712.36,3713.99,19.32091726,258.0525353104
2020-05-15,3727.7,3750.04,3714.94,3725.15,15.78868416,202.8496133833
2020-05-18,3735.83,3843.86,3735.83,3827.17,23.32734229,299.02304997880003
2020-05-19,3836.85,3839.13,3775.05,3789.42,19.52560631,242.22785160950002
2020-05-20,3777.0,3777.04,3723.5,3730.77,20.48092132,254.78915932689998
2020-05-21,3743.92,3752.4,3650.96,3662.18,18.60094497,230.6325777811
2020-05-22,3657.45,3708.75,3607.49,3628.39,16.12985978,196.9207702383
2020-05-25,3641.25,3687.92,3629.61,3670.19,13.53316925,183.8721287115
2020-05-26,3681.08,3681.27,3645.27,3681.27,13.43007672,164.3732818202
2020-05-27,3678.52,3690.24,3642.51,3647.73,16.80166412,194.1496057214
2020-05-28,3650.28,3656.3,3565.79,3595.09,15.89056841,182.02491241560003
2020-05-29,3579.71,3648.69,3572.27,3646.69,14.56521439,174.6962207843
2020-06-01,3653.6,3694.39,3633.93,3692.61,17.41387641,201.7782411439
2020-06-02,3709.63,3769.21,3709.59,3725.4,22.99559077,266.839460902
2020-06-03,3734.14,3734.14,3682.6,3693.18,17.36236089,197.45774656470002
2020-06-04,3700.64,3735.15,3685.53,3716.9,16.32029439,176.4310782443
2020-06-05,3710.97,3711.0,3623.46,3642.29,17.76997572,193.97443207599997
2020-06-08,3663.73,3677.13,3629.26,3660.72,13.78357887,163.56112087260001
2020-06-09,3664.7,3669.42,3641.81,3662.47,12.72640193,157.6170563802
2020-06-10,3662.45,3717.7,3662.45,3681.6,15.37022366,168.77752771209998
2020-06-11,3643.42,3643.42,3554.26,3558.61,17.0419448,204.2834928437
2020-06-12,3489.59,3561.12,3489.59,3546.89,12.95171173,152.1207469937
2020-06-15,3579.56,3672.06,3579.56,3619.88,19.3269439,230.9258659607
2020-06-16,3637.62,3637.62,3583.69,3635.38,15.1168951,167.6220142854
2020-06-17,3635.33,3681.87,3603.65,3675.37,20.2606066,220.3209972839
2020-06-18,3681.02,3731.31,3669.39,3712.63,17.35074118,214.5807625036
2020-06-19,3725.42,3762.72,3703.29,3753.07,15.51161207,196.823357853
2020-06-22,3771.19,3824.96,3737.67,3798.98,20.84858021,267.4737064289
2020-06-23,3784.65,3790.57,3756.34,3759.78,17.48059225,219.2477788112
2020-06-24,3768.14,3781.93,3734.39,3742.85,14.25525956,173.2056151268
2020-06-29,3757.46,3815.04,3757.46,3788.94,16.89998167,216.5931666068
2020-06-30,3805.13,3869.92,3799.63,3869.82,14.93695843,201.5469843684
2020-07-01,3877.74,3952.5,3859.44,3925.91,18.00245159,253.9343836235
2020-07-02,3926.03,3938.8,3884.69,3903.89,17.4262835,242.6995201719
2020-07-03,3893.08,3927.55,3842.53,3924.4,18.5394577,240.9340601618
2020-07-06,3957.94,4092.57,3957.94,4092.57,28.16560957,360.027211178
2020-07-07,4165.19,4165.19,4063.12,4104.05,33.52319949,443.3935440344
2020-07-08,4094.5,4147.08,4089.33,4147.08,25.9585642,333.3764939093
2020-07-09,4158.79,4292.62,4158.79,4292.62,32.65255948,431.0723883333
2020-07-10,4268.83,4288.7,4207.23,4226.88,30.8800651,370.80591707400004
2020-07-13,4283.54,4502.47,4283.54,4499.11,39.46473374,502.95499279629996
2020-07-14,4557.6,4567.92,4420.5,4550.6,46.74954559,600.3195748683
2020-07-15,4542.79,4578.78,4477.14,4479.72,35.10618174,477.8536961974
2020-07-16,4469.95,4469.95,4187.2,4189.34,29.41950913,398.3762066597
2020-07-17,4187.49,4313.05,4187.49,4271.24,21.60948502,296.1323078292
2020-07-20,4327.82,4362.1,4251.78,4356.12,21.28348467,296.15595180959997
2020-07-21,4367.17,4375.34,4327.29,4366.27,19.87256849,268.8422461316
2020-07-22,4350.51,4396.93,4320.47,4383.33,22.82289271,322.1862397246
2020-07-23,4355.71,4378.89,4265.17,4351.63,22.67352691,324.0551797604
2020-07-24,4330.12,4438.06,4221.89,4252.8,30.85015053,456.6759754961
2020-07-27,4300.97,4360.6,4231.86,4266.04,23.74905023,332.107779592
2020-07-28,4287.35,4390.6,4268.64,4390.6,25.9202293,374.55571401139997
2020-07-29,4373.88,4449.25,4338.01,4449.25,22.90718147,329.8844750637
2020-07-30,4451.98,4522.52,4443.35,4473.71,32.00685864,430.41096258970003
2020-07-31,4450.1,4501.67,4418.95,4497.91,29.05084925,372.472212226
2020-08-03,4522.76,4631.92,4522.76,4628.81,33.18728638,458.7483168281
2020-08-04,4635.1,4706.44,4606.46,4614.72,37.83217732,513.9622907973
2020-08-05,4592.18,4752.19,4557.18,4751.67,34.65521257,493.8042095668
2020-08-06,4747.27,4747.29,4622.6,4662.8,31.45301549,469.98433910529997
2020-08-07,4635.08,4675.01,4555.79,4616.57,32.56425582,422.7416252024
2020-08-10,4586.72,4627.38,4557.45,4608.01,26.97291324,355.07473166
2020-08-11,4607.72,4709.52,4607.7,4622.08,31.25675255,425.1528741893
2020-08-12,4617.03,4641.75,4507.37,4582.1,31.99527852,411.5822262936
2020-08-13,4588.92,4715.28,4584.77,4674.22,38.93704257,491.41577259720003
2020-08-14,4679.35,4680.8,4603.72,4668.46,34.68539062,418.2587156251
2020-08-17,4660.7,4728.06,4660.7,4703.23,31.14181765,395.4782125976
2020-08-18,4701.3,4792.61,4676.2,4763.0,37.52272631,498.0981113422
2020-08-19,4755.79,4803.84,4722.22,4739.84,39.97950996,524.5464199071
2020-08-20,4710.51,4728.5,4624.0,4650.5,35.27942316,446.89503292589995
2020-08-21,4649.63,4705.27,4638.09,4673.89,26.08166826,342.8297589792
2020-08-24,4696.85,4809.99,4681.82,4789.36,28.01203537,394.9819484143
2020-08-25,4787.42,4787.58,4697.04,4712.5,30.41686704,379.0928782268
2020-08-26,4707.29,4738.46,4583.49,4606.53,25.78159394,334.8423677168
2020-08-27,4599.9,4637.04,4565.06,4637.04,18.50451585,245.03397154720003
2020-08-28,4621.83,4757.3,4611.67,4752.68,22.70164433,322.6933849252
2020-08-31,4752.1,4777.34,4710.51,4723.52,21.89656894,333.5496959486
2020-09-01,4722.16,4751.76,4676.77,4751.76,20.05026449,280.101077723
2020-09-02,4768.63,4862.15,4742.03,4767.84,23.48591975,354.3790432054
2020-09-03,4741.06,4741.08,4643.72,4661.96,21.55919953,312.06051709
2020-09-04,4568.99,4616.78,4539.35,4613.76,16.50792868,240.8106164268
2020-09-07,4592.64,4592.88,4368.21,4391.13,21.57838369,339.6490633093
2020-09-08,4388.03,4388.03,4293.47,4344.09,19.34089555,289.895471876
2020-09-09,4290.26,4308.4,4163.51,4166.07,20.1403604,264.5799700237
2020-09-10,4212.91,4222.1,4116.5,4145.26,19.14395512,235.4694758321
2020-09-11,4130.63,4152.14,4089.39,4148.51,13.29954202,180.4946952681
2020-09-14,4172.25,4189.96,4105.26,4137.47,14.7584344,205.6881678293
2020-09-15,4135.99,4151.39,4088.76,4150.76,13.14111247,175.40510177169998
2020-09-16,4141.97,4163.95,4051.36,4090.17,13.41549123,193.41222121
2020-09-17,4071.84,4071.86,3966.66,4015.47,14.10113378,194.98482766
2020-09-18,4023.65,4083.49,4023.65,4080.17,14.1961106,198.26726405
2020-09-21,4079.95,4082.29,4030.16,4061.5,13.82594783,181.29455658
2020-09-22,4031.85,4053.94,3984.96,3993.15,11.70809528,167.1808343
2020-09-23,4001.26,4026.56,3994.13,4024.83,10.66797255,154.21150724
2020-09-24,4002.29,4039.11,3966.75,3968.09,14.97830622,203.67780464
2020-09-25,3982.19,3986.18,3939.72,3952.38,13.46498308,182.157534
2020-09-28,3960.87,3961.2,3844.15,3847.46,11.3881871,162.3480723
2020-09-29,3886.58,3949.49,3864.51,3931.94,10.97679628,152.57343156
2020-09-30,3942.12,3954.11,3886.69,3906.89,9.67967547,134.83991924
2020-10-09,3964.23,3964.23,3916.18,3947.8,12.24248317,175.40440369
2020-10-12,3957.56,4073.24,3942.85,4073.05,15.50003316,229.88305658
2020-10-13,4071.78,4190.55,4053.41,4178.95,15.01193653,238.91656213
2020-10-14,4164.44,4164.44,4075.75,4089.28,14.22798911,220.55463596
2020-10-15,4073.06,4073.06,4016.06,4028.44,12.27806507,170.19563988
2020-10-16,4026.63,4038.22,3978.96,4017.33,10.11499967,132.91651891
2020-10-19,4037.63,4074.85,3991.88,4000.61,13.32586853,177.10037198
2020-10-20,4001.64,4018.88,3960.73,4018.88,10.42753323,141.42647962
2020-10-21,4022.37,4022.45,3954.84,3961.24,9.25706884,128.08192912
2020-10-22,3948.66,3948.67,3873.02,3880.12,10.53121559,180.25823557
2020-10-23,3878.93,3893.78,3781.83,3782.72,10.29718841,175.95075488
2020-10-26,3772.53,3803.35,3713.15,3778.24,9.4738307,138.41017094
2020-10-27,3771.58,3822.98,3771.57,3817.78,10.07774622,164.26474088
2020-10-28,3822.06,3822.06,3776.93,3787.33,10.59186184,157.2395944
2020-10-29,3735.82,3844.03,3730.32,3828.73,11.14811348,164.46958702
2020-10-30,3831.7,3833.07,3723.49,3727.04,12.98314256,181.45947936
2020-11-02,3742.17,3759.19,3709.72,3733.01,11.42024265,190.8163448
2020-11-03,3744.58,3781.88,3721.34,3776.69,11.00171745,178.62232095
2020-11-04,3774.95,3797.51,3745.78,3761.48,9.30996186,154.6328548
2020-11-05,3777.26,3798.16,3755.04,3789.3,10.12318161,169.85683637
2020-11-06,3794.07,3794.07,3706.11,3740.61,10.12442547,188.69981273
2020-11-09,3740.41,3806.11,3737.22,3789.9,13.68862301,228.00733556
2020-11-10,3794.02,3800.95,3756.85,3773.97,13.31206911,215.17437456
2020-11-11,3765.71,3804.82,3729.01,3734.09,14.07294695,232.30915466
2020-11-12,3730.44,3730.44,3671.69,3693.03,13.41611704,218.6118797
2020-11-13,3682.7,3695.88,3650.03,3694.86,10.35752538,174.82259344
2020-11-16,3715.67,3806.0,3696.98,3806.0,13.93733905,230.55766943
2020-11-17,3798.45,3807.99,3766.19,3788.77,13.26618576,217.62566408
2020-11-18,3792.95,3800.88,3768.33,3787.22,10.90513108,162.27582243
2020-11-19,3787.87,3862.02,3772.92,3850.12,12.99583449,231.48775993
2020-11-20,3838.49,3840.89,3804.23,3833.81,11.39934844,196.65678804
2020-11-23,3826.53,3832.85,3786.73,3822.13,13.53941798,199.74040533
2020-11-24,3811.27,3860.79,3801.34,3820.03,11.75621216,186.85489241
2020-11-25,3825.85,3826.79,3749.35,3749.35,10.3445025,160.11873691
2020-11-26,3755.48,3789.32,3744.92,3781.53,8.44443921,142.89291782
2020-11-27,3796.52,3865.08,3796.51,3852.1,14.11372172,204.02330727
2020-11-30,3887.85,3910.23,3841.56,3841.56,16.67346218,226.48515577
2020-12-01,3828.94,3891.68,3822.18,3887.31,14.1162647,195.35473282
2020-12-02,3893.93,3918.87,3879.53,3907.58,15.87432284,217.41359951
2020-12-03,3911.21,3965.84,3879.09,3955.67,23.78941752,281.73232986
2020-12-04,3951.81,3961.25,3926.04,3948.86,20.20976889,255.47190546
2020-12-07,3945.02,4019.6,3936.71,4006.77,24.55021721,295.66396014
2020-12-08,4009.82,4009.82,3965.34,3968.01,20.7640293,238.49341279
2020-12-09,3960.94,3968.94,3872.63,3876.2,20.18334081,247.50183272
2020-12-10,3859.47,3883.16,3828.74,3831.5,20.01078304,228.83591635
2020-12-11,3822.33,3822.36,3747.13,3782.71,23.73782169,281.41420727
2020-12-14,3789.64,3877.85,3782.68,3875.71,23.90022441,308.82859524
2020-12-15,3868.27,3878.89,3829.59,3836.49,17.65178208,225.25207389
2020-12-16,3832.07,3853.13,3810.01,3835.03,19.12342692,255.51543583
2020-12-17,3829.25,3851.53,3809.69,3842.67,20.47818265,264.23740037
2020-12-18,3837.71,3840.18,3797.81,3803.45,19.38264654,249.095349
2020-12-21,3817.48,3886.66,3784.56,3886.66,26.26958128,337.82351257
2020-12-22,3870.62,3899.17,3800.06,3800.54,29.62978566,389.64459695
2020-12-23,3790.47,3841.6,3762.69,3838.63,28.75256075,358.39246369
2020-12-24,3819.52,3892.03,3808.46,3831.18,27.40919827,362.2243321
2020-12-25,3802.0,3824.78,3764.63,3806.01,20.69612884,269.6949447
2020-12-28,3811.01,3907.38,3811.01,3906.55,23.85912216,337.08755435
2020-12-29,3915.94,3929.04,3852.76,3856.43,25.85145874,354.37326008
2020-12-30,3858.57,3893.45,3854.06,3879.06,20.17257085,291.61327108
2020-12-31,3873.85,3916.36,3865.96,3913.1,19.46604941,279.40184425
2021-01-04,3962.95,4190.01,3962.95,4181.35,31.38067395,472.97600398
2021-01-05,4222.56,4374.66,4220.41,4335.03,35.5550884,629.1150106
2021-01-06,4381.8,4412.5,4292.48,4345.4,30.42138049,505.6325476
2021-01-07,4325.02,4374.91,4266.54,4374.91,31.13386764,495.40699423
2021-01-08,4371.87,4371.92,4243.66,4285.38,24.59505325,410.47558658
2021-01-11,4254.7,4254.7,4057.26,4091.76,24.09719532,446.24839484
2021-01-12,4075.29,4139.79,4058.85,4135.45,19.41620315,347.6931598
2021-01-13,4136.06,4136.06,4038.33,4054.64,20.19663763,349.78072926
2021-01-14,4031.99,4032.95,3939.66,3943.25,18.62453551,306.98267208
2021-01-15,3945.7,3984.43,3893.09,3929.65,15.23868131,248.05977579
2021-01-18,3952.09,4012.48,3952.09,3996.31,16.1554491,241.04831468
2021-01-19,3997.26,3997.3,3940.79,3947.04,19.62839945,294.2167317
2021-01-20,3923.63,3973.19,3913.4,3967.09,14.01681405,248.72018894
2021-01-21,3969.04,4029.43,3958.51,4005.22,16.68805788,280.64839904
2021-01-22,4007.4,4007.4,3934.07,3948.78,16.69386831,279.89897884
2021-01-25,3947.57,3987.6,3908.03,3986.61,19.23281094,328.43794322
2021-01-26,4010.55,4094.09,3986.48,4043.91,21.60634478,399.2138489
2021-01-27,4023.92,4121.74,4023.92,4095.36,17.84218831,320.40606062
2021-01-28,4038.28,4078.24,4000.62,4004.33,17.74641593,317.8580854
2021-01-29,4012.55,4027.97,3888.13,3925.6,18.25298488,284.78616258
2021-02-01,3915.83,4033.58,3878.99,4022.99,17.94589717,283.7897871
2021-02-02,4031.84,4052.08,3978.57,4040.24,16.01091639,273.90524215
2021-02-03,4022.77,4184.15,4001.29,4150.13,18.61200706,343.38999309
2021-02-04,4125.47,4169.24,4046.37,4094.2,17.02198986,298.96449029
2021-02-05,4111.43,4271.09,4072.53,4081.81,15.80826279,307.82407576
2021-02-08,4136.34,4230.27,4116.83,4220.21,13.4250626,277.10211177
2021-02-09,4213.73,4285.31,4197.6,4277.91,13.03881096,263.97486751
2021-02-10,4264.27,4386.21,4240.68,4364.35,12.42779072,266.52406334
2021-02-18,4451.7,4451.7,4293.86,4332.38,16.74046526,308.90340222
2021-02-19,4327.89,4576.73,4327.87,4556.68,25.40229692,409.02227178
2021-02-22,4619.09,4664.81,4546.46,4571.12,36.06252388,554.57451575
2021-02-23,4492.22,4538.94,4410.86,4421.2,23.91103211,380.9196281
2021-02-24,4411.91,4512.09,4347.01,4381.39,18.0835175,311.26781914
2021-02-25,4425.09,4425.09,4343.66,4367.4,18.0797068,250.80184939
2021-02-26,4267.69,4329.21,4217.55,4251.73,19.43089475,297.29230742
2021-03-01,4284.43,4340.59,4274.24,4331.47,17.04774226,262.64234921
2021-03-02,4351.03,4351.04,4250.73,4291.83,15.03777137,216.03446216
2021-03-03,4297.84,4370.16,4297.83,4370.16,15.94063555,221.76261191
2021-03-04,4342.01,4342.01,4269.47,4283.83,17.7504216,241.01686773
2021-03-05,4211.5,4265.65,4187.17,4233.94,18.58172708,238.52707574
2021-03-08,4283.17,4314.97,4094.8,4094.8,17.9131193,254.09928358
2021-03-09,4077.12,4077.12,3930.46,3977.06,16.35179854,227.03488254
2021-03-10,4026.39,4026.39,3961.83,3961.83,11.12828256,157.48996646
2021-03-11,3980.83,4024.79,3930.33,4024.48,11.44177071,164.82632126
2021-03-12,4033.76,4041.5,3952.22,4030.63,13.13907979,163.47517872
2021-03-15,3985.62,3991.58,3899.39,3935.94,11.46963071,172.01951917
2021-03-16,3947.34,3964.11,3906.32,3935.19,9.94589149,140.48275761
2021-03-17,3981.76,4066.81,3975.37,4053.18,15.9615212,198.40268634
2021-03-18,4048.63,4052.32,4003.87,4041.5,15.03714598,163.14091392
2021-03-19,3994.62,4010.07,3938.46,3957.44,13.09042772,159.93232056
2021-03-22,3940.51,4009.18,3915.45,4009.18,13.41437813,157.72638253
2021-03-23,4021.37,4021.37,3951.67,3975.19,15.42097279,183.59058479
2021-03-24,3963.56,3974.81,3932.62,3946.77,13.17133625,163.67954654
2021-03-25,3956.25,3974.34,3934.0,3934.0,16.78026728,187.93581162
2021-03-26,3934.03,3958.23,3901.34,3938.45,15.71399348,186.90891177
2021-03-29,3942.07,3989.3,3926.2,3930.21,12.81196601,165.20541381
2021-03-30,3927.81,3978.61,3908.37,3960.39,13.03035077,163.3919292
2021-03-31,3945.36,3963.4,3909.75,3930.18,10.8617924,137.51961541
2021-04-01,3941.18,3954.78,3925.01,3952.26,12.44808797,152.76623834
2021-04-02,3973.52,4013.45,3949.5,4007.12,11.93126947,176.83283515
2021-04-06,4001.36,4001.36,3962.63,3984.8,10.94146717,141.60130649
2021-04-07,3993.13,4001.13,3932.75,3976.34,11.93058434,146.80137514
2021-04-08,3960.07,3964.47,3936.43,3945.3,11.61831703,143.41212785
2021-04-09,3939.61,3939.61,3892.32,3915.92,12.33330729,145.76476745
2021-04-12,3924.35,3954.24,3862.73,3876.8,15.45252808,174.00958792
2021-04-13,3886.23,3930.41,3886.23,3910.26,19.53271679,194.87597568
2021-04-14,3874.07,3879.73,3831.94,3872.17,17.68114622,174.45298638
2021-04-15,3877.95,3892.95,3842.43,3859.36,15.98034293,176.8049378
2021-04-16,3850.53,3858.38,3830.99,3841.41,12.8306347,137.40936364
2021-04-19,3835.08,3933.1,3811.4,3933.01,12.63241183,163.12581732
2021-04-20,3919.93,4039.35,3919.93,3990.98,15.25510548,196.19265153
2021-04-21,3966.23,3980.72,3938.06,3977.78,13.070281,149.72391924
2021-04-22,3983.32,3983.35,3935.55,3961.54,11.62638858,141.69020573
2021-04-23,3969.13,3987.47,3943.49,3961.96,11.96074123,155.59803227
2021-04-26,3960.31,3970.48,3883.13,3883.47,12.18161824,170.32350749
2021-04-27,3879.46,3893.66,3836.71,3866.11,11.53875529,149.87514813
2021-04-28,3861.8,3910.86,3850.14,3898.71,11.18745841,151.81805175
2021-04-29,3910.38,3956.24,3876.85,3956.24,11.01331421,153.37202119
2021-04-30,3959.02,3961.33,3910.89,3934.5,11.50184718,158.19413667
2021-05-06,3923.18,3923.2,3848.15,3848.55,15.99347408,195.13519239
2021-05-07,3833.96,3903.89,3829.16,3855.64,15.01250715,181.20436314
2021-05-10,3833.35,3833.42,3740.84,3757.1,15.68889496,193.36446675
2021-05-11,3741.72,3782.64,3741.7,3781.42,15.80569064,179.38450108
2021-05-12,3777.91,3855.4,3777.91,3850.62,23.63405236,251.00994486
2021-05-13,3801.13,3818.37,3776.69,3785.13,17.97168914,200.88084222
2021-05-14,3786.9,3855.02,3786.74,3838.78,14.47790615,186.49663883
2021-05-17,3851.42,3875.61,3846.36,3875.61,15.24790691,189.35855037
2021-05-18,3872.99,3882.81,3845.3,3866.63,12.69351131,160.33919164
2021-05-19,3860.48,3860.5,3824.54,3833.21,12.15768922,145.43969994
2021-05-20,3815.89,3852.83,3806.19,3846.5,12.81077349,154.80799563
2021-05-21,3852.39,3869.22,3804.98,3808.62,13.4652584,160.24037316
2021-05-24,3829.99,3831.79,3716.86,3755.49,18.37683588,274.6137767
2021-05-25,3742.92,3802.3,3711.2,3798.14,16.20243782,219.54197528
2021-05-26,3797.47,3812.3,3780.84,3807.08,18.08327663,209.66770718
2021-05-27,3792.82,3808.91,3768.88,3793.95,15.24289694,181.71913994
2021-05-28,3799.82,3799.83,3750.54,3761.64,17.19004028,202.42123653
2021-05-31,3745.91,3748.7,3707.55,3748.7,15.57192341,191.24753898
2021-06-01,3756.52,3780.45,3727.45,3779.18,17.6628709,223.57451844
2021-06-02,3776.3,3849.04,3776.0,3804.92,18.94216956,251.70926681
2021-06-03,3791.44,3836.95,3776.4,3789.01,15.14784705,218.56046601
2021-06-04,3776.34,3833.97,3763.14,3816.99,15.40071269,200.3979062
2021-06-07,3799.14,3799.14,3743.73,3758.68,15.89510719,218.92415362
2021-06-08,3764.28,3769.49,3734.66,3744.98,13.6729289,197.24408956
2021-06-09,3729.69,3754.25,3718.97,3727.68,12.71640781,162.43941897
2021-06-10,3722.48,3722.49,3680.26,3683.07,13.51796528,172.7751696
2021-06-11,3678.44,3687.76,3638.46,3638.46,11.43189434,154.87762116
2021-06-15,3621.93,3621.96,3565.8,3582.84,10.97508243,145.41045527
2021-06-16,3593.48,3593.57,3535.71,3541.28,9.94750982,135.57308325
2021-06-17,3539.65,3542.45,3490.93,3508.47,11.51267477,146.42841085
2021-06-18,3501.45,3518.67,3461.02,3496.19,11.19155023,155.067826
2021-06-21,3477.97,3483.99,3435.4,3438.82,12.3742311,165.09254158
2021-06-22,3450.91,3496.04,3437.82,3492.32,17.45628589,202.41244657
2021-06-23,3499.76,3539.19,3475.88,3539.16,15.98758694,199.05061795
2021-06-24,3531.02,3531.02,3495.59,3498.22,11.32307631,135.39086624
2021-06-25,3511.83,3547.42,3507.72,3546.34,11.51986489,148.94704151
2021-06-28,3602.11,3680.85,3602.11,3678.82,18.84815024,241.71927676
2021-06-29,3666.33,3666.33,3604.43,3622.95,16.78039701,209.32899532
2021-06-30,3617.9,3617.91,3589.89,3609.43,12.32831363,155.29555719
2021-07-01,3622.55,3622.55,3572.62,3572.62,11.46523495,149.09591807
2021-07-02,3552.92,3613.42,3544.43,3547.91,12.60905125,149.93493409
2021-07-05,3544.57,3571.32,3515.55,3547.32,13.31703292,161.17166162
2021-07-06,3559.97,3569.51,3516.44,3567.8,16.63726185,187.28393613
2021-07-07,3549.93,3576.16,3521.09,3539.34,14.03392101,163.53683667
2021-07-08,3536.53,3536.53,3501.33,3501.48,14.61064681,177.81849982
2021-07-09,3496.66,3520.59,3473.34,3497.7,12.64583836,154.30134425
2021-07-12,3517.01,3533.2,3479.86,3513.77,16.21999958,198.11279339
2021-07-13,3506.2,3539.86,3492.89,3534.2,14.82615609,170.70178669
2021-07-14,3522.39,3527.74,3488.69,3489.62,14.22892563,170.86546272
2021-07-15,3508.27,3508.27,3455.07,3470.62,14.91199767,191.09577202
2021-07-16,3465.16,3465.16,3398.39,3407.42,12.31482563,163.89458425
2021-07-19,3383.56,3383.64,3321.26,3376.7,17.86852575,213.23402841
2021-07-20,3364.96,3380.3,3354.9,3374.79,12.66941831,155.60058743
2021-07-21,3384.53,3397.04,3346.11,3357.03,13.58685029,181.31370456
2021-07-22,3362.38,3369.91,3341.55,3344.82,13.02568926,156.38750022
2021-07-23,3329.64,3329.64,3259.66,3272.1,17.49471714,221.93606245
2021-07-26,3270.49,3280.73,3201.64,3225.99,18.93824983,221.43263234
2021-07-27,3228.53,3234.27,3141.04,3141.04,18.54771218,218.2430651
2021-07-28,3123.73,3123.74,3006.81,3045.84,16.42501581,197.67026756
2021-07-29,3084.8,3105.97,3049.28,3073.36,17.03847764,198.36243686
2021-07-30,3064.35,3096.11,3027.45,3094.99,16.05744764,191.18953101
2021-08-02,3063.76,3238.81,3048.44,3200.34,19.81330098,259.81380547
2021-08-03,3189.22,3235.2,3178.66,3219.29,18.90238417,226.51545326
2021-08-04,3221.11,3221.11,3183.63,3202.68,13.90704674,164.93641553
2021-08-05,3189.73,3222.99,3184.91,3193.59,18.95892515,227.19103941
2021-08-09,3186.31,3319.51,3186.31,3315.81,17.16445728,239.47417431
2021-08-10,3313.78,3356.66,3270.34,3345.69,16.42819712,235.45315308
2021-08-11,3324.98,3346.65,3311.16,3331.99,14.81889446,189.912078
2021-08-12,3355.04,3358.27,3293.19,3298.08,14.55746382,189.90632321
2021-08-13,3296.48,3318.88,3265.76,3311.39,16.24220683,197.99851375
2021-08-16,3304.41,3329.44,3285.45,3307.53,16.42191502,203.40946767
2021-08-17,3295.05,3304.58,3208.63,3208.87,16.74485603,193.31995706
2021-08-18,3196.24,3210.97,3174.18,3200.89,11.28152068,132.14214508
2021-08-19,3180.85,3205.39,3158.99,3167.83,9.85107464,114.19835066
2021-08-20,3160.89,3160.89,3094.44,3132.72,11.34015142,130.47227621
2021-08-23,3122.49,3174.27,3119.45,3163.41,10.4366279,123.87307188
2021-08-24,3160.89,3189.61,3147.35,3177.82,11.44678839,134.98888078
2021-08-25,3167.05,3208.72,3167.04,3194.54,13.42786407,143.85359134
2021-08-26,3189.67,3189.7,3115.54,3115.68,14.21585462,153.79861094
2021-08-27,3097.23,3116.94,3085.28,3091.65,11.55823452,129.11373218
2021-08-30,3086.31,3100.02,3059.91,3068.63,14.09817549,160.77823103
2021-08-31,3077.82,3126.95,3062.12,3080.7,12.79937038,147.56263646
2021-09-01,3075.5,3144.51,3040.77,3133.72,14.2015017,171.46646348
2021-09-02,3129.11,3129.11,3100.41,3116.11,12.66884713,142.3825617
2021-09-03,3104.31,3203.13,3098.41,3200.17,18.24680596,211.43950751
2021-09-06,3180.76,3243.5,3174.68,3238.78,14.0012186,178.72272451
2021-09-07,3230.13,3243.5,3210.65,3239.81,14.10824735,161.77572363
2021-09-08,3232.84,3259.8,3215.82,3249.87,19.36877381,208.19440183
2021-09-09,3247.33,3271.12,3232.12,3242.7,19.12360655,211.29528962
2021-09-10,3234.89,3264.26,3221.33,3221.58,15.1633997,165.30406537
2021-09-13,3208.45,3208.46,3178.81,3195.1,14.13598376,161.24601087
2021-09-14,3202.59,3210.13,3142.8,3144.18,14.31213343,153.51202331
2021-09-15,3134.64,3164.95,3125.38,3152.69,13.07049651,141.32166002
2021-09-16,3148.3,3283.35,3148.17,3229.23,27.14416064,300.92948228
2021-09-17,3224.02,3236.8,3176.84,3227.75,20.26372232,228.65423574
2021-09-22,3178.29,3180.6,3145.18,3158.51,13.23065161,143.68442492
2021-09-23,3164.08,3242.48,3164.04,3234.76,19.41880814,198.0815146
2021-09-24,3221.08,3283.02,3207.01,3242.85,21.12063446,247.57021778
2021-09-27,3231.47,3350.75,3224.68,3331.38,24.13601032,313.7769783
2021-09-28,3305.38,3311.22,3262.81,3302.55,14.87861625,188.67625326
2021-09-29,3276.36,3365.58,3238.49,3325.86,17.37855204,233.7754479
2021-09-30,3336.27,3413.88,3336.22,3371.1,14.88242522,219.1529148
2021-10-11,3517.51,3595.97,3486.89,3537.97,30.30863976,375.05062642
2021-10-12,3517.13,3535.54,3477.65,3493.0,23.47064303,282.82111296
2021-10-13,3500.58,3500.63,3391.73,3480.67,19.32839473,245.56209619
2021-10-14,3458.02,3470.31,3423.54,3430.54,15.27657193,190.02078264
2021-10-15,3396.64,3510.24,3382.55,3387.76,24.5328829,308.98534428
2021-10-18,3358.97,3442.86,3320.22,3440.33,21.14678214,263.88567787
2021-10-19,3421.62,3605.26,3421.62,3586.59,27.49300982,354.01955816
2021-10-20,3569.5,3582.74,3507.6,3517.01,22.53064703,283.03445008
2021-10-21,3521.74,3537.14,3448.58,3471.52,17.61511595,224.88060062
2021-10-25,3513.65,3522.48,3439.22,3452.06,16.73945911,213.98109775
2021-10-26,3428.78,3451.48,3398.16,3400.51,15.04461656,193.88999118
2021-10-27,3393.63,3426.8,3360.37,3406.22,17.21802844,203.57409559
2021-10-28,3380.27,3403.74,3343.04,3363.14,15.1770956,185.33265809
2021-10-29,3364.63,3476.51,3364.59,3461.92,15.06600011,203.42326644
2021-11-01,3429.47,3509.14,3416.54,3502.34,17.04799142,215.03877803
2021-11-02,3493.79,3579.3,3481.75,3553.7,23.97028315,289.91106641
2021-11-03,3546.78,3688.37,3533.82,3642.69,30.40609612,364.85892274
2021-11-04,3634.12,3724.54,3627.28,3692.09,29.72284365,364.69163341
2021-11-05,3705.24,3716.05,3620.53,3623.49,22.41530742,263.90575136
2021-11-08,3626.14,3626.14,3595.7,3605.28,16.25356384,191.47298725
2021-11-09,3610.45,3647.09,3594.93,3634.31,20.42087183,245.41894896
2021-11-10,3624.65,3648.0,3584.34,3610.39,18.07016537,215.65037686
2021-11-11,3612.59,3662.57,3611.76,3627.88,16.24500789,198.29208842
2021-11-12,3627.83,3705.13,3627.83,3678.35,18.8385146,230.99399855
2021-11-15,3699.51,3724.8,3634.91,3669.74,23.48354048,286.53247091
2021-11-16,3665.12,3684.75,3645.49,3652.56,17.893333,215.57888459
2021-11-17,3636.79,3638.59,3603.12,3630.13,14.64036137,178.0169057
2021-11-18,3630.26,3666.23,3604.28,3627.37,15.34499403,186.18439843
2021-11-19,3614.15,3614.88,3574.57,3609.59,14.76418224,177.00468051
2021-11-22,3600.56,3606.1,3579.68,3601.34,14.46284222,174.0688526
2021-11-23,3598.86,3620.39,3564.49,3570.36,13.90598916,165.80393178
2021-11-24,3565.82,3576.18,3506.6,3511.97,16.23738043,190.36796799
2021-11-25,3511.78,3524.75,3501.31,3519.93,12.71986788,139.59425118
2021-11-26,3516.08,3516.08,3479.07,3494.29,12.75000992,139.70128226
2021-11-29,3455.01,3516.79,3452.1,3506.3,12.37428521,145.07389826
2021-11-30,3505.92,3507.86,3449.48,3472.41,13.29264958,169.73031638
2021-12-01,3462.74,3473.51,3447.59,3473.47,11.90089346,140.23335862
2021-12-02,3466.66,3517.59,3465.36,3480.26,14.21278293,158.78059187
2021-12-03,3475.28,3545.67,3475.28,3543.78,13.09014672,157.91105365
2021-12-06,3540.38,3540.38,3475.78,3477.68,12.58302191,148.91649137
2021-12-07,3444.86,3484.48,3444.84,3478.5,11.93776236,184.83201047
2021-12-08,3493.02,3539.85,3481.66,3532.77,13.59436791,177.7018572
2021-12-09,3536.76,3579.46,3533.23,3559.49,15.43862029,203.13646917
2021-12-10,3550.74,3578.11,3546.24,3556.05,15.91089472,197.56743577
2021-12-13,3562.59,3574.81,3537.5,3537.94,15.85454667,185.8763719
2021-12-14,3527.58,3558.07,3513.12,3537.5,14.07036103,158.91964556
2021-12-15,3538.74,3541.09,3503.89,3505.04,13.56378988,142.25460005
2021-12-16,3491.48,3496.1,3454.34,3494.01,16.11394642,177.81515533
2021-12-17,3485.16,3508.58,3478.78,3489.49,16.03321507,173.40566467
2021-12-20,3482.49,3522.79,3478.02,3482.34,19.58399432,209.08711735
2021-12-21,3483.41,3510.73,3463.63,3510.73,18.61012884,184.37525036
2021-12-22,3512.49,3583.39,3506.57,3576.35,20.03047879,218.78380341
2021-12-23,3582.2,3665.72,3582.2,3663.07,22.53974016,261.07361234
2021-12-24,3651.32,3724.01,3644.66,3718.46,20.61107541,253.18771484
2021-12-27,3741.8,3770.55,3696.15,3715.58,20.81079675,246.72263014
2021-12-28,3715.44,3737.46,3680.88,3693.41,17.42809038,204.15918052
2021-12-29,3687.38,3695.8,3627.53,3633.01,18.88401565,193.93482868
2021-12-30,3634.23,3674.14,3624.83,3655.87,16.8064801,164.34968728
2021-12-31,3650.49,3729.14,3646.97,3720.12,18.58897685,197.97650413
2022-01-04,3730.22,3898.52,3730.22,3896.24,32.43455731,377.34619763
2022-01-05,3892.17,3983.5,3872.76,3896.34,30.81014816,371.41511045
2022-01-06,3870.88,3882.16,3825.11,3861.79,23.36724721,263.43399864
2022-01-07,3864.2,3864.99,3773.78,3778.17,23.98713656,256.2089837
2022-01-10,3762.02,3913.72,3762.02,3913.72,24.44484539,295.53728567
2022-01-11,3902.37,3902.43,3805.99,3814.04,20.11324312,228.6934016
2022-01-12,3815.01,3861.52,3782.05,3860.42,22.95139883,239.35604605
2022-01-13,3855.06,3894.16,3767.61,3770.69,23.58009557,253.08175324
2022-01-14,3761.51,3839.98,3742.3,3745.45,29.27571458,286.6390899
2022-01-17,3753.32,3758.98,3698.01,3756.18,27.37068391,264.53463978
2022-01-18,3744.36,3744.42,3684.9,3719.09,23.07553337,226.28818354
2022-01-19,3707.52,3712.76,3661.99,3684.63,19.21830384,191.74171108
2022-01-20,3681.77,3792.29,3681.77,3743.07,24.14819299,256.77145562
2022-01-21,3722.53,3722.56,3625.2,3625.72,18.92864256,194.76815779
2022-01-24,3601.25,3655.58,3601.23,3610.34,13.97838187,143.49977495
2022-01-25,3607.98,3612.4,3476.55,3476.55,16.72582631,165.94500717
2022-01-26,3483.1,3539.97,3470.7,3533.1,12.2417631,126.27425902
2022-01-27,3529.1,3596.98,3452.55,3454.27,12.81493607,133.16018309
2022-01-28,3478.74,3582.58,3478.66,3549.03,14.90352517,153.00425075
2022-02-07,3580.34,3612.5,3483.76,3594.77,15.57934362,170.15414829
2022-02-08,3577.33,3628.19,3555.36,3624.66,14.39794659,149.3801563
2022-02-09,3613.33,3733.0,3613.31,3729.24,21.76777809,242.79419149
2022-02-10,3717.12,3855.73,3705.79,3827.86,23.17220503,284.28051501
2022-02-11,3811.0,3811.0,3727.46,3735.75,19.76677434,219.46925221
2022-02-14,3721.23,3747.78,3633.31,3659.67,16.69768542,179.78372363
2022-02-15,3647.77,3667.65,3614.15,3648.82,13.74208178,143.11346291
2022-02-16,3650.35,3650.35,3600.25,3619.61,13.78913597,146.08197972
2022-02-17,3604.69,3659.66,3561.34,3656.36,16.2874541,170.35178823
2022-02-18,3627.27,3712.69,3626.86,3697.48,15.01731508,155.53326927
2022-02-21,3685.45,3726.48,3685.45,3710.86,17.47589637,169.57324988
2022-02-22,3693.3,3709.81,3650.96,3686.88,15.96418568,157.29790524
2022-02-23,3718.65,3735.81,3621.67,3632.72,22.11242266,233.29955249
2022-02-24,3613.66,3639.37,3542.61,3572.79,27.39540766,273.34452265
2022-02-25,3583.01,3586.88,3560.38,3576.66,18.3579159,181.47033667
2022-02-28,3576.05,3584.44,3541.8,3575.99,16.86403348,168.01057708
2022-03-01,3598.24,3708.07,3573.87,3707.78,21.34699695,241.91761822
2022-03-02,3695.03,3751.84,3682.54,3717.63,26.43742152,269.43493126
2022-03-04,3673.45,3751.74,3668.32,3701.45,21.45996963,221.28735615
2022-03-07,3716.53,3731.95,3618.73,3638.41,20.29458979,217.13418109
2022-03-08,3618.33,3635.08,3478.14,3485.54,21.07060203,223.80798241
2022-03-09,3478.34,3538.4,3301.74,3453.57,22.05206087,217.13455508
2022-03-10,3503.34,3503.34,3438.29,3445.86,16.90655325,167.30885283
2022-03-11,3399.83,3555.31,3373.34,3555.31,27.15315658,258.7048863
2022-03-14,3518.01,3556.04,3409.45,3409.45,22.53940535,227.66871555
2022-03-15,3392.84,3392.84,3234.53,3234.77,23.70434944,228.88589686
2022-03-16,3272.87,3301.33,3130.8,3294.56,21.53667013,204.52398793
2022-03-17,3313.72,3431.56,3301.89,3394.14,21.11533656,212.08574224
2022-03-18,3379.68,3488.99,3371.8,3479.97,21.00166265,196.18105891
2022-03-21,3487.66,3603.15,3480.75,3569.38,31.31073587,296.05176653
2022-03-22,3563.96,3642.63,3543.51,3604.28,26.44754875,280.11933584
2022-03-24,3577.42,3613.46,3566.92,3577.82,21.5350054,213.69267054
2022-03-25,3575.28,3693.08,3564.86,3616.6,31.1162884,310.66473334
2022-03-28,3634.52,3660.81,3593.62,3627.72,33.0739106,324.65386619
2022-03-29,3613.36,3750.82,3595.79,3721.21,36.39779935,366.72569413
2022-03-30,3673.49,3725.18,3659.14,3717.52,37.41331047,364.20046999
2022-04-01,3700.7,3739.49,3660.25,3691.73,29.34009399,293.13707084
2022-04-06,3671.65,3737.37,3671.65,3696.71,28.57262658,278.13218538
2022-04-07,3671.22,3688.01,3583.16,3583.16,28.24843143,278.13921899
2022-04-08,3579.06,3579.63,3470.15,3517.4,24.5120495,234.16254381
2022-04-11,3517.22,3647.93,3517.22,3590.67,35.87431081,354.80862854
2022-04-12,3565.71,3620.9,3546.03,3620.24,29.51471966,279.34604562
2022-04-13,3607.14,3632.3,3547.16,3547.16,31.61592884,303.88781611
2022-04-15,3575.88,3624.0,3535.39,3557.63,27.64326024,262.24974353
2022-04-18,3553.66,3679.76,3548.68,3679.76,28.63024913,286.5935097
2022-04-19,3705.84,3819.26,3704.08,3763.67,40.70353191,447.89751123
2022-04-20,3736.86,3807.96,3715.59,3723.47,41.2482591,444.79526621
2022-04-21,3698.71,3767.17,3546.4,3555.45,39.8724372,418.62734614
2022-04-22,3506.51,3512.61,3410.14,3456.23,29.301009,284.80006048
2022-04-25,3412.97,3480.72,3295.6,3295.6,28.73878342,285.52433918
2022-04-26,3297.9,3313.85,3183.11,3189.05,27.27594977,251.54222205
2022-04-27,3160.52,3316.21,3104.19,3316.21,27.00762657,242.92531929
2022-04-28,3287.8,3287.8,3174.18,3222.3,21.05988822,186.9548874
2022-04-29,3223.12,3260.43,3184.46,3211.55,23.12662126,225.54168567
2022-05-06,3198.89,3239.39,3179.68,3210.22,19.66637244,179.45645973
2022-05-10,3214.73,3279.8,3178.13,3279.8,21.38114211,200.34569922
2022-05-11,3279.62,3288.59,3243.94,3245.87,26.0047262,249.18778564
2022-05-12,3225.98,3278.8,3177.61,3214.98,18.84920827,183.97237431
2022-05-13,3226.7,3240.88,3161.24,3206.47,19.43231877,199.36126015
2022-05-16,3241.51,3311.6,3221.92,3305.64,30.74965241,301.97846729
2022-05-17,3301.25,3301.25,3255.96,3267.97,26.54109989,268.17302608
2022-05-18,3255.59,3280.32,3245.07,3262.52,21.20527457,204.77166142
2022-05-19,3211.6,3265.0,3208.24,3234.45,25.61165426,254.87594115
2022-05-20,3223.16,3267.41,3220.7,3259.34,25.14357276,243.92545902
2022-05-23,3258.43,3348.53,3258.43,3327.95,29.55457579,292.34565103
2022-05-24,3319.4,3322.1,3223.38,3224.41,28.72565081,283.53594565
2022-05-25,3222.88,3303.33,3216.3,3302.66,24.07418403,244.62406471
2022-05-26,3306.9,3307.84,3257.57,3293.26,20.85186468,214.40478737
2022-05-27,3290.91,3323.1,3255.87,3287.44,22.47892197,225.44215988
2022-05-30,3315.78,3343.53,3283.2,3293.12,25.39275917,269.11675884
2022-05-31,3280.04,3389.22,3275.48,3387.55,32.49466314,360.50204587
2022-06-01,3371.3,3379.18,3330.46,3350.72,27.94309782,289.63682913
2022-06-02,3331.63,3346.47,3300.2,3333.61,25.49858237,259.08584361
2022-06-06,3320.36,3323.51,3285.45,3323.51,24.5979879,264.26134132
2022-06-07,3323.99,3363.82,3304.11,3326.43,25.69729618,274.65202608
2022-06-08,3315.71,3363.48,3301.51,3342.04,22.77976419,230.70968317
2022-06-09,3354.67,3407.53,3342.21,3375.3,25.6830447,279.21897299
2022-06-10,3351.07,3373.07,3329.88,3368.92,23.17620822,234.65155249
2022-06-13,3357.11,3460.1,3357.11,3432.17,25.52644387,283.90289626
2022-06-14,3408.38,3497.85,3408.38,3478.72,26.91776453,293.48917477
2022-06-15,3482.8,3511.7,3467.76,3467.76,24.62127793,266.66378308
2022-06-16,3473.76,3578.54,3473.76,3539.2,28.65577863,307.39903788
2022-06-17,3517.11,3546.26,3472.54,3522.72,23.31894628,245.51121458
2022-06-20,3529.02,3579.55,3515.19,3569.56,20.81950984,229.77520433
2022-06-21,3567.78,3584.89,3520.48,3545.49,22.01424708,231.22100251
2022-06-22,3547.25,3629.67,3512.12,3584.86,21.31579391,243.79287346
2022-06-23,3579.37,3601.25,3532.77,3591.76,17.2262726,186.63799628
2022-06-24,3585.73,3603.46,3568.04,3589.57,18.0050443,202.01862367
2022-06-27,3622.72,3686.66,3622.71,3676.51,20.11688802,251.80247101
2022-06-28,3686.3,3725.02,3640.68,3658.22,20.91212598,248.70679882
2022-06-29,3635.26,3649.95,3512.04,3513.05,24.42125091,283.74210726
2022-06-30,3525.81,3542.23,3487.88,3525.97,19.35971333,208.73955441
2022-07-01,3539.88,3595.57,3524.17,3559.11,18.48248068,199.71468976
2022-07-04,3617.18,3798.16,3617.18,3796.89,28.93780253,357.55906847
2022-07-05,3807.67,3821.31,3728.2,3804.16,28.86895938,360.30212834
2022-07-06,3741.51,3797.73,3689.41,3710.63,21.20232371,253.33566789
2022-07-07,3728.05,3814.25,3708.28,3773.85,20.67149405,251.98058758
2022-07-08,3783.47,3824.18,3750.85,3795.09,18.39769396,230.08232422
2022-07-11,3796.03,3898.09,3796.03,3862.85,20.66877484,285.41271831
2022-07-12,3862.95,3877.89,3762.07,3762.07,18.3378677,232.60588223
2022-07-13,3770.09,3802.89,3708.63,3775.41,18.11441601,208.49206403
2022-07-14,3762.24,3787.61,3722.37,3749.0,15.12815828,174.41860127
2022-07-15,3721.89,3749.84,3659.99,3659.99,18.59100014,199.59667358
2022-07-18,3639.03,3684.76,3607.71,3677.84,16.48369751,184.26860293
2022-07-19,3675.96,3697.16,3628.32,3685.35,14.08819098,163.84726946
2022-07-20,3690.13,3702.46,3625.92,3652.7,13.51793534,175.82861
2022-07-21,3646.34,3696.75,3627.19,3648.16,13.7812437,156.39703476
2022-07-22,3633.66,3642.0,3572.83,3601.57,14.49005577,151.20666817
2022-07-25,3592.55,3593.78,3555.27,3564.7,11.8018322,126.21709663
2022-07-26,3576.91,3600.29,3557.09,3587.42,10.31961231,113.71547705
2022-07-27,3581.5,3599.78,3561.39,3595.41,10.85409109,120.35374748
2022-07-28,3622.73,3653.17,3578.09,3582.25,13.88715792,159.78370806
2022-07-29,3584.0,3673.37,3580.0,3651.63,15.72851601,198.05985934
2022-08-01,3648.94,3648.94,3598.76,3627.49,12.99909607,146.7446587
2022-08-02,3589.02,3613.84,3551.25,3578.15,22.769498,229.67675663
2022-08-03,3571.73,3591.61,3496.93,3504.38,19.25873278,183.29356976
2022-08-04,3504.99,3549.78,3501.39,3542.6,14.45572598,137.93437701
2022-08-05,3566.0,3570.25,3515.86,3568.03,13.18425098,138.20736786
2022-08-08,3570.93,3623.1,3554.24,3560.91,12.44508056,131.60570055
2022-08-09,3554.79,3554.79,3478.07,3495.24,14.4156845,160.40900498
2022-08-10,3495.41,3504.59,3451.79,3473.1,13.05053559,124.31149058
2022-08-11,3488.79,3508.35,3470.54,3508.35,12.38825489,122.57667573
2022-08-12,3504.41,3504.41,3484.2,3499.63,11.40720229,111.97918244
2022-08-15,3507.43,3524.45,3479.79,3505.07,14.74308608,152.23113225
2022-08-16,3503.37,3585.09,3499.74,3585.09,17.7369495,187.39737869
2022-08-17,3592.41,3606.78,3571.19,3600.89,18.02914368,187.9962388
2022-08-18,3586.22,3586.22,3535.56,3537.2,13.58248411,153.3447603
2022-08-19,3532.15,3681.39,3532.15,3645.46,17.88438753,222.58570937
2022-08-22,3648.83,3710.66,3648.83,3694.61,19.20873114,223.15737277
2022-08-23,3689.45,3752.82,3675.55,3728.38,19.4054638,214.68017059
2022-08-24,3733.8,3789.41,3699.95,3707.37,28.71534353,308.57160812
2022-08-25,3723.12,3764.96,3716.38,3741.99,23.21440254,252.98976151
2022-08-26,3738.24,3772.72,3712.43,3758.37,22.0926342,244.58556147
2022-08-29,3745.25,3807.73,3731.41,3754.18,22.27182638,245.86951876
2022-08-30,3736.75,3776.55,3697.06,3752.68,20.59493521,224.59008701
2022-08-31,3731.68,3776.05,3670.63,3670.63,21.30252151,230.35690571
2022-09-01,3671.01,3728.11,3663.93,3680.28,18.21362421,194.07552054
2022-09-02,3684.07,3717.38,3669.49,3704.95,16.31247731,176.40111924
2022-09-05,3718.07,3729.67,3651.65,3703.88,15.21154364,178.73030215
2022-09-06,3701.75,3719.35,3681.55,3704.57,15.53833344,172.96630647
2022-09-07,3686.24,3691.17,3652.3,3667.55,15.7806668,181.44633659
2022-09-08,3664.45,3696.41,3592.43,3597.5,16.31959915,179.51617092
2022-09-09,3609.54,3609.54,3548.83,3582.43,12.33310227,133.61399216
2022-09-13,3613.8,3688.96,3598.52,3671.54,18.29055824,203.60401574
2022-09-14,3625.54,3643.94,3602.47,3618.07,13.26426294,142.11756598
2022-09-15,3620.18,3620.99,3511.28,3540.81,14.86514164,158.60000431
2022-09-16,3538.66,3568.02,3479.9,3479.9,12.68154243,139.76670402
2022-09-19,3483.54,3547.74,3479.58,3499.91,11.21591868,134.43372424
2022-09-20,3510.98,3521.38,3465.62,3478.1,9.79358068,114.46235924
2022-09-21,3469.25,3469.28,3415.07,3423.01,11.33357111,127.12857616
2022-09-22,3404.44,3437.33,3397.22,3403.52,12.01730409,119.1333353
2022-09-23,3395.59,3395.59,3303.16,3354.58,13.04739832,137.08381809
2022-09-26,3326.91,3339.87,3247.94,3249.31,13.03202733,131.01334631
2022-09-27,3260.4,3333.41,3244.72,3332.99,12.18592864,126.98074484
2022-09-28,3319.79,3361.91,3293.41,3293.41,11.01294923,118.90821497
2022-09-29,3326.65,3355.15,3273.51,3294.05,10.29450245,104.4601655
2022-09-30,3294.0,3320.2,3268.33,3289.68,7.96440649,86.41286056
2022-10-10,3375.25,3445.26,3370.26,3399.91,14.58659701,182.2533556
2022-10-11,3399.53,3423.79,3368.49,3412.57,11.86587401,134.29456233
2022-10-12,3415.87,3479.6,3387.95,3479.6,15.35864272,169.63700328
2022-10-13,3452.99,3580.4,3445.25,3530.54,18.70780734,201.59198362
2022-10-14,3532.04,3550.89,3518.08,3525.73,17.16236906,179.67412412
2022-10-17,3505.1,3559.55,3483.47,3547.54,15.36893461,161.90700918
2022-10-18,3548.64,3600.52,3528.07,3548.2,13.09124252,151.85061274
2022-10-19,3534.66,3567.5,3432.34,3432.34,12.59199328,153.99391125
2022-10-20,3423.69,3452.01,3398.03,3402.5,10.828306,121.17153168
2022-10-21,3398.59,3427.35,3385.51,3401.43,9.84369514,113.22380691
2022-10-24,3399.91,3409.31,3302.41,3315.52,15.51176958,166.86973203
2022-10-25,3317.17,3329.04,3236.98,3274.25,13.89160499,155.48714602
2022-10-26,3279.2,3310.41,3159.61,3192.75,17.14422679,208.095734
2022-10-27,3175.63,3224.73,3141.45,3200.28,14.96883336,174.065992
2022-10-28,3166.54,3166.65,3050.93,3058.86,17.39988954,176.03176977
2022-10-31,3025.43,3115.42,3025.43,3083.89,14.79775603,154.78218587
2022-11-01,3081.55,3190.91,3081.52,3190.91,16.18223651,174.93392226
2022-11-02,3184.18,3228.93,3169.9,3206.62,15.9764674,165.15627515
2022-11-03,3184.9,3206.02,3166.97,3203.34,15.08068602,157.42649398
2022-11-04,3202.67,3255.69,3202.67,3245.14,15.39704047,168.71401029
2022-11-07,3246.34,3292.37,3241.08,3285.81,15.1670263,165.82196801
2022-11-08,3289.71,3318.82,3234.1,3257.29,14.40715479,164.63171858
2022-11-09,3242.98,3252.83,3217.18,3222.51,13.01888805,141.74354833
2022-11-10,3207.93,3253.59,3201.29,3249.3,14.54411978,153.53964852
2022-11-11,3298.8,3299.34,3257.69,3271.18,17.70319472,194.81543877
2022-11-14,3281.51,3298.78,3256.44,3270.58,15.96037525,179.37355534
2022-11-15,3266.01,3281.29,3255.4,3281.29,15.60641207,175.6720521
2022-11-16,3281.05,3296.98,3260.26,3265.37,13.40331126,152.30821187
2022-11-17,3257.49,3302.39,3239.45,3287.37,15.26329315,169.87334502
2022-11-18,3287.02,3295.49,3237.28,3237.28,14.64013929,165.42934529
2022-11-21,3215.93,3232.5,3177.25,3232.42,12.02893565,128.87111921
2022-11-22,3228.59,3243.03,3185.64,3194.86,11.37562628,118.49593037
2022-11-23,3189.25,3189.26,3144.78,3166.86,10.93711105,119.75449909
2022-11-24,3165.77,3199.58,3165.66,3170.9,8.98651882,98.1084336
2022-11-25,3171.57,3201.68,3160.39,3190.84,10.32742592,115.85502605
2022-11-28,3146.82,3183.27,3117.88,3181.3,12.9245824,131.93069057
2022-11-29,3180.53,3218.8,3180.53,3215.88,13.01426164,133.29149528
2022-11-30,3218.64,3287.61,3218.62,3248.26,16.98240273,182.35600816
2022-12-01,3268.88,3299.08,3268.88,3289.32,17.44283509,195.54238223
2022-12-02,3294.93,3347.96,3285.71,3332.74,17.77467931,207.24496523
2022-12-05,3354.24,3366.78,3332.18,3355.04,18.70318856,208.61011155
2022-12-06,3350.19,3406.24,3350.19,3373.45,19.76761746,234.28758837
2022-12-07,3368.31,3436.09,3368.31,3401.64,20.27281146,242.83057881
2022-12-08,3384.39,3384.39,3304.61,3313.47,17.81028928,208.98783802
2022-12-09,3311.98,3311.99,3262.8,3305.43,15.07612459,173.46392486
2022-12-12,3285.0,3310.85,3263.99,3276.75,14.21377757,158.79940224
2022-12-13,3285.06,3372.86,3280.03,3358.47,21.90641083,240.63532435
2022-12-14,3348.35,3365.32,3331.21,3363.84,16.58696755,186.06626418
2022-12-15,3361.98,3378.11,3323.3,3333.32,16.34093079,181.58578568
2022-12-16,3316.39,3332.32,3289.81,3331.75,13.62549679,149.66639688
2022-12-19,3316.37,3316.37,3242.51,3248.9,18.15094819,189.16126421
2022-12-20,3242.18,3250.6,3175.82,3181.76,14.60810957,150.81010296
2022-12-21,3179.92,3257.53,3171.57,3222.37,14.89368414,157.47303796
2022-12-22,3235.47,3303.84,3235.45,3261.43,17.50425671,188.47118901
2022-12-23,3252.48,3264.55,3212.1,3227.4,17.34054728,160.02109926
2022-12-26,3262.44,3276.29,3237.81,3254.09,19.70096334,184.7396183
2022-12-27,3253.04,3328.59,3252.78,3328.59,23.35722719,230.50330902
2022-12-28,3311.69,3323.7,3265.95,3270.94,18.93664526,193.43041024
2022-12-29,3266.05,3266.28,3240.52,3245.19,14.47773308,138.503968
2022-12-30,3253.4,3296.01,3234.87,3294.77,15.57127234,148.34742642
2023-01-03,3283.07,3283.07,3226.28,3265.29,15.16372793,161.35270697
2023-01-04,3258.54,3287.16,3241.38,3272.87,15.27277169,150.95890548
2023-01-05,3281.35,3281.35,3245.32,3274.73,16.44503544,178.63190447
2023-01-06,3263.87,3276.19,3246.82,3254.63,15.15042245,153.7026212
2023-01-09,3249.17,3311.26,3249.13,3307.71,13.97399058,164.35916086
2023-01-10,3306.01,3306.01,3273.16,3298.99,12.43612911,142.90891268
2023-01-11,3292.72,3305.73,3269.19,3291.24,12.61080365,138.92915871
2023-01-12,3286.9,3297.67,3267.63,3270.95,10.22288013,113.18977018
2023-01-13,3280.95,3349.35,3280.95,3346.18,14.35654823,163.17718475
2023-01-16,3357.11,3419.92,3356.67,3409.78,18.52387376,200.41267116
2023-01-17,3411.61,3411.61,3375.49,3384.32,12.50305884,132.32284751
2023-01-18,3379.02,3379.12,3353.11,3358.56,10.67499285,111.4797165
2023-01-19,3351.39,3351.39,3332.06,3347.32,11.00044363,108.1835832
2023-01-20,3357.32,3372.28,3352.06,3366.5,13.15351721,130.06634265
2023-01-30,3390.81,3401.03,3366.84,3374.13,17.30399077,190.28604522
2023-01-31,3381.34,3442.32,3381.34,3402.91,17.90991054,214.00935432
2023-02-01,3402.24,3454.92,3402.24,3454.92,19.39880793,206.32375209
2023-02-02,3456.78,3483.02,3435.51,3473.98,18.38620026,205.63266294
2023-02-03,3467.59,3489.1,3433.26,3449.79,16.12496445,177.32595049
2023-02-06,3430.39,3464.48,3406.17,3459.14,13.92264375,153.30755393
2023-02-07,3462.49,3467.28,3423.43,3439.11,13.44989504,148.39131875
2023-02-08,3435.24,3435.24,3401.49,3401.49,12.43503681,126.33422233
2023-02-09,3398.27,3418.1,3398.26,3418.1,10.64047697,111.3996037
2023-02-10,3420.09,3445.08,3412.78,3427.14,16.93758275,165.26334992
2023-02-13,3436.91,3454.15,3397.4,3423.0,18.25265727,200.18333066
2023-02-14,3435.09,3435.09,3395.28,3406.79,20.74885795,220.09596501
2023-02-15,3401.33,3401.33,3365.4,3370.51,13.1759733,141.54246897
2023-02-16,3369.52,3399.07,3307.94,3329.57,18.5689602,192.07941643
2023-02-17,3331.28,3359.99,3331.28,3333.94,12.89919349,140.59095318
2023-02-20,3352.85,3371.76,3317.65,3371.73,12.91748512,150.22959652
2023-02-21,3372.75,3423.96,3371.15,3402.82,12.47941546,148.14710827
2023-02-22,3401.11,3443.03,3401.11,3432.42,13.09491467,176.01316318
2023-02-23,3431.45,3457.13,3415.26,3429.61,13.99567814,158.90657654
2023-02-24,3432.65,3452.55,3408.68,3422.49,11.02351827,135.17718861
2023-02-27,3428.23,3434.1,3395.93,3404.76,10.82849498,128.43746874
2023-02-28,3405.31,3424.98,3394.83,3422.68,9.77011282,118.305111
2023-03-01,3421.63,3427.02,3407.26,3427.02,10.17710591,119.98878714
2023-03-02,3423.83,3425.53,3401.74,3404.21,9.92597101,107.18294912
2023-03-03,3402.9,3409.76,3379.99,3404.76,10.43131703,110.58303155
2023-03-06,3403.06,3438.54,3392.48,3423.08,15.69792598,175.67302184
2023-03-07,3422.17,3422.17,3346.84,3347.02,14.83811324,164.36331574
2023-03-08,3337.76,3341.05,3320.34,3337.72,9.40002338,109.9660979
2023-03-09,3341.35,3350.37,3300.49,3308.89,9.38504631,106.23381515
2023-03-10,3297.15,3297.15,3263.87,3276.61,10.28403459,115.16224589
2023-03-13,3267.17,3307.66,3256.03,3306.68,11.02396659,120.7978923
2023-03-14,3307.11,3386.16,3307.11,3370.27,16.54253391,214.79854282
2023-03-15,3371.99,3418.07,3371.94,3379.72,12.00596099,148.69719575
2023-03-16,3372.2,3372.2,3293.89,3293.89,14.0103322,158.99691328
2023-03-17,3311.4,3311.4,3283.88,3288.72,12.09968306,143.37159679
2023-03-20,3289.8,3289.84,3241.74,3248.11,12.60820646,139.1836104
2023-03-21,3252.62,3266.11,3246.62,3266.11,9.03105252,100.7265045
2023-03-22,3271.39,3287.82,3254.98,3269.81,9.20848139,99.16313516
2023-03-23,3262.26,3283.49,3254.71,3270.26,10.42721223,105.8079974
2023-03-24,3269.2,3289.52,3266.69,3277.16,9.91985582,103.03973573
2023-03-27,3278.76,3308.39,3258.14,3306.7,12.65547165,143.38890133
2023-03-28,3303.65,3349.97,3301.85,3328.49,12.51090262,148.56653509
2023-03-29,3325.49,3325.49,3270.34,3274.64,11.30299814,121.70153895
2023-03-30,3274.64,3300.93,3272.32,3299.58,10.96621853,118.12086527
2023-03-31,3348.16,3406.67,3348.16,3355.93,18.01140235,216.75418501
2023-04-03,3344.21,3426.21,3344.21,3397.63,17.84683343,218.98140206
2023-04-04,3402.19,3481.24,3402.19,3446.78,18.54679777,234.11686227
2023-04-06,3443.34,3478.69,3408.44,3428.73,14.65346225,174.27534319
2023-04-07,3421.04,3425.36,3404.2,3405.24,11.45567151,133.32885589
2023-04-10,3400.94,3413.06,3362.26,3375.48,13.16062344,141.22630283
2023-04-11,3381.3,3385.22,3356.15,3375.99,12.78655439,143.75444069
2023-04-12,3376.42,3376.42,3330.56,3336.67,12.40969842,137.92404326
2023-04-13,3328.03,3335.42,3315.39,3318.92,12.04560398,128.47772987
2023-04-14,3322.11,3324.06,3288.5,3297.5,10.61113633,109.74059341
2023-04-17,3302.71,3320.97,3289.05,3320.97,12.54642667,133.58669134
2023-04-18,3317.82,3322.63,3294.19,3314.11,11.30471622,130.31155688
2023-04-19,3311.53,3340.64,3299.31,3308.49,11.96720061,135.13751483
2023-04-20,3306.36,3306.36,3270.28,3286.96,11.90552624,135.36470973
2023-04-21,3288.18,3315.66,3259.31,3260.92,14.11032086,150.6386085
2023-04-24,3253.28,3253.28,3192.84,3204.88,12.07690191,132.64977151
2023-04-25,3207.46,3225.93,3171.03,3207.99,12.93234517,130.52800783
2023-04-26,3196.28,3230.5,3186.65,3212.67,11.17490431,116.1761358
2023-04-27,3208.26,3214.05,3190.36,3199.74,11.57453203,113.33939546
2023-04-28,3201.76,3215.44,3195.3,3214.63,12.35266681,127.69896131
2023-05-04,3203.27,3214.85,3194.28,3202.87,12.7243056,131.79701391
2023-05-05,3196.98,3197.04,3138.38,3168.81,10.48574604,111.47896559
2023-05-08,3166.66,3168.61,3138.31,3149.78,10.58566756,103.76305345
2023-05-09,3145.57,3177.39,3126.79,3151.26,11.14431568,109.40305038
2023-05-10,3147.59,3150.99,3121.3,3131.3,7.95968767,81.91517426
2023-05-11,3134.6,3166.94,3130.33,3141.29,7.91925203,79.80629812
2023-05-12,3138.91,3167.82,3127.01,3127.01,8.17717268,82.91212819
2023-05-15,3122.6,3122.64,3079.88,3115.22,10.1905087,92.27582315
2023-05-16,3119.48,3124.72,3098.07,3102.01,7.65998503,75.86837615
2023-05-17,3096.53,3111.86,3087.24,3104.05,6.98861782,68.14637138
2023-05-18,3103.63,3115.2,3036.42,3039.34,9.08253696,109.75594973
2023-05-19,3028.65,3045.13,3003.71,3045.13,9.35975965,95.47265724
2023-05-22,3040.35,3069.36,3031.95,3068.92,9.76263352,104.82942814
2023-05-23,3072.59,3075.15,3040.16,3040.16,8.9948556,96.97468021
2023-05-24,3036.49,3036.49,3011.12,3017.86,9.47366696,85.27062898
2023-05-25,3010.29,3011.3,2955.37,2975.78,12.05165895,96.62837725
2023-05-26,2978.08,2978.09,2945.5,2969.25,8.61607501,67.90508813
2023-05-29,2969.12,2982.01,2923.72,2940.76,9.32712856,81.66065008
2023-05-30,2938.23,2938.74,2887.88,2929.53,9.9454969,74.96076526
2023-05-31,2924.75,2924.75,2879.82,2891.47,10.35377995,96.85622273
2023-06-01,2883.27,2919.94,2876.11,2908.7,11.60864245,98.20697478
2023-06-02,2907.27,2932.7,2903.83,2928.22,9.49359896,77.12765242
2023-06-05,2927.01,2927.02,2881.8,2901.58,8.73497754,77.58208427
2023-06-06,2900.63,2904.28,2865.87,2867.49,9.49670272,80.3573912
2023-06-07,2865.56,2877.29,2856.42,2872.16,9.40468778,72.00347222
2023-06-08,2868.56,2951.96,2868.56,2940.2,14.42561962,138.46581101
2023-06-09,2933.81,2941.25,2907.74,2938.9,13.09943498,121.82138798
2023-06-12,2929.03,2958.68,2917.64,2950.4,13.86268785,119.4844635
2023-06-13,2945.8,2968.03,2934.98,2943.8,11.99045726,101.04374111
2023-06-14,2946.37,2959.24,2933.51,2943.43,16.6727803,124.83381748
2023-06-15,2944.33,2951.08,2925.75,2949.94,15.18627552,120.68601394
2023-06-16,2950.14,2996.93,2950.14,2989.33,13.16887652,114.25834386
2023-06-19,2985.83,3024.17,2976.37,2976.44,12.33699158,109.98307019
2023-06-20,2975.66,2980.63,2961.08,2963.55,10.54620911,90.79597468
2023-06-21,2955.68,2969.96,2930.75,2930.75,10.02497637,83.91588625
2023-06-26,2921.78,2930.66,2892.3,2907.07,10.19506266,86.38479089
2023-06-27,2906.76,2937.97,2906.72,2936.78,8.43008364,75.51849888
2023-06-28,2929.79,2936.05,2901.95,2931.09,8.02318511,66.25892464
2023-06-29,2923.62,2982.3,2920.96,2948.73,10.0172591,87.9036137
2023-06-30,2955.05,2991.93,2943.55,2977.75,10.81700512,96.55188625
2023-07-03,2978.28,2991.07,2973.15,2989.56,10.65065966,100.06873214
2023-07-04,2992.42,2997.12,2965.07,2991.55,9.10642056,81.59948391
2023-07-05,2986.75,2986.76,2939.67,2946.6,8.35324995,76.24461606
2023-07-06,2940.61,2988.17,2931.58,2962.93,11.02204236,97.13932545
2023-07-07,2948.36,3021.9,2945.65,3005.3,17.7148409,149.30152719
2023-07-10,3006.84,3042.3,2998.7,3008.38,15.16143953,134.14109268
2023-07-11,3013.55,3020.39,2992.24,3007.38,10.40553805,97.44826444
2023-07-12,3006.86,3030.47,2995.53,3009.15,11.91773816,108.22379345
2023-07-13,3006.07,3022.75,2999.96,3022.13,10.59322258,94.72672661
2023-07-14,3021.5,3029.24,3011.33,3012.6,11.4624726,98.55438569
2023-07-17,2998.87,3055.24,2992.42,3038.45,11.32309625,106.86923435
2023-07-18,3045.41,3067.21,3034.92,3046.39,14.32569756,122.71308438
2023-07-19,3038.98,3073.3,3037.61,3053.34,10.75438807,92.41421793
2023-07-20,3062.47,3067.14,3035.82,3038.48,11.33123735,95.33434889
2023-07-21,3039.32,3098.07,3039.25,3078.73,15.79174534,131.03800883
2023-07-24,3073.8,3091.14,3030.01,3034.44,13.77394185,108.97957903
2023-07-25,3046.36,3046.36,3012.1,3024.5,12.69331592,111.97855668
2023-07-26,3020.51,3039.73,3011.49,3039.37,11.8258456,91.9191765
2023-07-27,3036.53,3068.19,3034.82,3044.97,11.97564652,96.94454049
2023-07-28,3038.3,3069.06,3030.79,3066.41,10.96892099,93.2832272
2023-07-31,3092.03,3145.19,3089.71,3144.54,23.85238307,204.19734153
2023-08-01,3137.82,3143.29,3102.2,3106.57,17.75089952,149.54793629
2023-08-02,3102.97,3105.51,3054.2,3060.31,13.14468166,109.2411358
2023-08-03,3056.64,3084.43,3056.64,3083.03,14.02730416,105.42974424
2023-08-04,3089.31,3094.14,3062.56,3065.81,14.50918805,115.40924864
2023-08-07,3084.72,3102.09,3076.91,3089.86,19.24786341,159.26653542
2023-08-08,3085.85,3092.88,3054.72,3077.12,17.71688783,146.21083569
2023-08-09,3060.07,3068.07,3037.39,3044.03,13.51010636,108.07888952
2023-08-10,3040.09,3064.88,3040.08,3064.64,16.03688272,119.2282961
2023-08-11,3062.76,3062.76,2986.65,2987.34,16.70937444,124.25905362
2023-08-14,2959.7,2965.05,2930.14,2965.05,11.94507623,103.65429414
2023-08-15,2961.11,2970.19,2931.97,2952.64,10.29826034,83.07592137
2023-08-16,2941.88,2958.1,2934.73,2937.38,8.75950173,70.14754949
2023-08-17,2926.19,2958.57,2907.36,2957.94,8.93659027,72.24475078
2023-08-18,2952.87,2954.47,2904.37,2904.37,9.94922633,74.9116568
2023-08-21,2901.86,2903.29,2861.38,2861.38,8.86589752,76.33345538
2023-08-22,2868.55,2882.55,2824.99,2858.31,12.36125914,94.980825
2023-08-23,2852.42,2879.06,2843.57,2843.57,14.02124103,102.47256365
2023-08-24,2848.61,2902.63,2821.4,2897.88,20.79679939,155.61458308
2023-08-25,2904.31,2965.61,2895.05,2903.4,25.93543041,201.73328741
2023-08-28,3010.69,3010.69,2896.53,2907.55,27.32925503,216.49655303
2023-08-29,2898.07,2935.1,2889.88,2931.31,21.96644409,176.28326566
2023-08-30,2923.03,2930.52,2899.26,2902.58,17.10336086,133.53324659
2023-08-31,2893.09,2900.84,2876.39,2887.39,16.73583289,127.85350204
2023-09-01,2891.43,2909.25,2891.43,2908.44,16.02432217,113.82528927
2023-09-04,2911.63,2928.24,2905.26,2928.24,17.92161934,136.01086269
2023-09-05,2923.43,2923.47,2898.4,2906.41,15.11286804,106.85756236
2023-09-06,2903.34,2903.35,2886.67,2891.16,11.87808996,85.58120537
2023-09-07,2888.27,2897.52,2856.14,2857.51,12.17626055,92.46594542
2023-09-11,2847.67,2873.4,2845.26,2873.27,10.38254719,79.1326523
2023-09-12,2872.69,2916.96,2868.68,2911.05,11.24497264,97.70652224
2023-09-13,2908.88,2911.61,2878.2,2887.38,11.46463972,91.66270931
2023-09-14,2890.39,2890.42,2849.61,2862.82,14.25443474,89.77995851
2023-09-15,2861.99,2877.6,2856.22,2863.04,12.98163362,85.9492039
2023-09-18,2856.47,2874.18,2840.23,2871.46,10.74719949,76.40725114
2023-09-19,2866.7,2892.58,2865.16,2873.42,10.33950357,79.45416399
2023-09-20,2871.02,2910.61,2868.46,2891.41,11.67920339,92.15599858
2023-09-21,2890.05,2890.07,2840.46,2840.46,11.5369542,88.28603491
2023-09-22,2839.07,2867.21,2823.18,2867.21,10.01227942,80.86510154
2023-09-25,2867.34,2883.3,2859.24,2867.11,10.07586906,80.64995122
2023-09-26,2862.35,2864.37,2852.13,2852.93,8.49144407,64.76496144
2023-09-27,2854.31,2864.61,2847.03,2851.32,9.02239512,69.82556015
2023-09-28,2855.45,2857.28,2811.98,2813.69,9.58992584,90.60738484
2023-10-09,2807.28,2807.28,2743.09,2764.31,10.95698031,103.76774301
2023-10-10,2765.09,2802.48,2765.02,2781.5,9.35623632,79.70598373
2023-10-11,2782.85,2790.44,2758.7,2763.57,9.13243526,73.09376926
2023-10-12,2774.68,2786.68,2759.55,2781.15,8.96024226,67.28217918
2023-10-13,2772.1,2774.86,2744.78,2752.18,8.97409647,69.21446445
2023-10-16,2755.69,2764.37,2741.84,2748.62,9.14243806,71.34757372
2023-10-17,2747.58,2751.41,2729.84,2745.17,7.84869259,62.39105812
2023-10-18,2755.64,2774.65,2741.35,2743.3,15.55425901,126.57239852
2023-10-19,2731.5,2731.5,2656.17,2658.21,16.42833127,153.97162472
2023-10-20,2648.97,2654.96,2627.73,2635.22,11.90479189,101.24354697
2023-10-23,2628.1,2655.5,2594.24,2605.67,12.18422466,96.17285069
2023-10-24,2606.64,2645.54,2597.37,2643.68,11.49466087,90.28663453
2023-10-25,2661.59,2704.72,2661.59,2688.68,12.58610465,110.50845422
2023-10-26,2679.16,2713.0,2672.13,2706.24,12.03545631,100.88645188
2023-10-27,2701.24,2778.2,2697.46,2770.25,12.45788785,113.97728477
2023-10-30,2761.61,2831.42,2761.6,2829.2,14.8909434,135.2707677
2023-10-31,2826.95,2836.89,2811.56,2825.14,11.79777937,105.04286932
2023-11-01,2824.55,2838.7,2817.89,2835.1,11.59213376,100.44490967
2023-11-02,2835.15,2855.52,2812.6,2812.62,12.88134769,100.5715592
2023-11-03,2812.67,2828.92,2810.69,2824.11,12.3370493,92.54053269
2023-11-06,2826.35,2828.39,2785.72,2813.44,13.80963132,108.21621801
2023-11-07,2809.63,2830.1,2791.48,2820.42,11.64533742,90.55554827
2023-11-08,2814.91,2820.11,2792.22,2811.39,11.8956926,80.51590441
2023-11-09,2808.49,2830.02,2804.79,2809.43,10.33785844,73.29911054
2023-11-10,2806.29,2822.77,2794.58,2818.47,9.98411712,72.84028382
2023-11-13,2817.76,2824.58,2788.11,2822.07,9.70718553,75.78629622
2023-11-14,2817.46,2843.19,2817.44,2832.23,9.39292793,75.19768821
2023-11-15,2840.92,2841.91,2822.27,2830.04,9.63675706,75.35409511
2023-11-16,2824.84,2842.59,2807.67,2807.67,8.72841399,72.31306255
2023-11-17,2802.12,2814.78,2798.45,2810.78,8.35820228,63.82509327
2023-11-20,2811.22,2868.4,2811.22,2868.4,13.20853175,112.68594744
2023-11-21,2870.53,2882.53,2856.42,2859.3,11.86855609,99.28909819
2023-11-22,2849.95,2889.8,2849.95,2869.31,11.01816443,97.27492221
2023-11-23,2867.22,2878.21,2858.18,2877.86,9.70976305,77.72933706
2023-11-24,2875.44,2913.04,2874.13,2902.86,17.78978292,137.49796752
2023-11-27,2909.47,2922.55,2896.29,2914.74,19.10918324,151.83459414
2023-11-28,2905.54,2912.68,2880.54,2900.67,14.77663346,117.20570053
2023-11-29,2894.36,2903.78,2880.73,2890.81,14.78309369,113.81017598
2023-11-30,2889.98,2904.51,2880.56,2901.79,14.61624859,114.00622676
2023-12-01,2893.08,2896.65,2864.13,2869.46,15.45494973,121.2199707
2023-12-04,2861.69,2915.92,2847.82,2893.98,17.35786747,156.49193252
2023-12-05,2893.04,2915.19,2865.65,2866.05,16.40161521,138.92286141
2023-12-06,2857.78,2949.53,2852.02,2934.46,19.36918083,168.55605578
2023-12-07,2924.8,2949.46,2899.77,2937.23,15.09671835,139.99414811
2023-12-08,2938.49,2939.64,2874.21,2874.5,17.11737378,149.62581392
2023-12-11,2860.59,2905.94,2842.15,2903.25,13.38968108,116.80580776
2023-12-12,2899.63,2901.3,2876.97,2896.01,10.23380463,86.21168799
2023-12-13,2895.37,2897.67,2853.86,2854.31,11.43422571,94.10199628
2023-12-14,2857.98,2859.29,2813.29,2837.08,11.7477942,101.41997963
2023-12-15,2838.6,2858.2,2829.75,2839.6,10.79489186,84.58165973
2023-12-18,2833.57,2866.96,2824.21,2829.15,12.48290825,91.85284935
2023-12-19,2829.25,2829.25,2801.11,2814.73,9.95908695,75.62416624
2023-12-20,2818.64,2820.86,2781.8,2781.8,8.82336951,67.97829182
2023-12-21,2774.95,2790.27,2740.18,2788.55,11.65135019,90.96834366
2023-12-22,2782.58,2802.37,2762.99,2782.56,10.1581535,84.44435662
2023-12-25,2774.94,2781.93,2750.24,2780.09,8.51322313,73.6891288
2023-12-26,2774.86,2784.41,2760.87,2763.76,7.96895148,64.81377251
2023-12-27,2773.21,2832.49,2769.78,2832.3,10.95785514,99.42652437
2023-12-28,2830.15,2850.75,2817.59,2838.46,11.42220438,100.96444226
2023-12-29,2836.61,2868.55,2831.31,2862.23,10.82405494,99.48594732
2024-01-02,2862.28,2891.51,2850.55,2876.23,11.85758909,98.92681277
2024-01-03,2869.67,2892.2,2839.65,2851.25,9.9775637,84.89897334
2024-01-04,2848.11,2848.11,2824.23,2830.11,7.74680796,66.30947489
2024-01-05,2826.1,2827.8,2785.53,2795.17,8.74144683,74.72690506
2024-01-08,2790.61,2793.95,2723.63,2723.63,9.61512128,85.28164718
2024-01-09,2723.65,2738.63,2712.24,2726.5,9.59179933,73.13727443
2024-01-10,2719.52,2729.47,2664.87,2700.9,11.42195909,99.45024516
2024-01-11,2694.09,2759.09,2694.08,2743.82,11.6951639,99.3154409
2024-01-12,2739.73,2787.98,2737.97,2765.26,10.18598589,87.86016622
2024-01-15,2764.24,2767.26,2723.41,2729.47,9.13761729,77.73916925
2024-01-16,2724.54,2751.58,2716.4,2742.07,9.14983371,76.50210274
2024-01-17,2741.59,2743.73,2680.59,2680.59,10.61560234,81.69526433
2024-01-18,2668.72,2671.0,2592.86,2669.06,15.54499771,115.67969158
2024-01-19,2663.36,2666.48,2637.29,2640.74,9.22226278,73.91382785
2024-01-22,2635.95,2636.03,2518.76,2530.42,13.4077086,100.64083779
2024-01-23,2525.38,2540.83,2500.26,2532.91,11.38357856,79.49760837
2024-01-24,2543.57,2556.91,2478.51,2555.49,12.29022274,87.51672253
2024-01-25,2555.8,2605.48,2545.97,2605.48,13.81973631,99.31413103
2024-01-26,2595.38,2634.82,2568.96,2618.38,14.88213039,104.47980948
2024-01-29,2623.34,2646.42,2587.88,2587.88,13.62971584,94.56476598
2024-01-30,2579.93,2605.29,2545.75,2546.9,12.86422722,86.06141129
2024-01-31,2524.62,2529.27,2483.72,2483.72,15.96647924,104.63924078
2024-02-01,2470.68,2500.74,2441.83,2478.6,13.39592189,92.8582015
2024-02-02,2477.74,2534.01,2398.65,2451.46,16.12543801,113.85450172
2024-02-05,2436.6,2440.91,2328.99,2386.54,19.61920399,129.70914438
2024-02-06,2348.32,2461.39,2343.1,2443.59,22.10287564,140.20336529
2024-02-07,2442.8,2493.65,2428.04,2484.36,21.52808255,145.41875323
2024-02-08,2481.89,2541.93,2481.89,2540.04,22.29031354,145.05276238
2024-02-19,2548.55,2548.55,2504.22,2522.15,18.35248775,125.59984591
2024-02-20,2513.77,2558.8,2505.79,2557.49,12.54104782,86.44635122
2024-02-21,2546.15,2607.59,2538.02,2570.64,16.28301621,105.59768486
2024-02-22,2567.79,2587.62,2561.43,2587.62,13.18881602,83.38664617
2024-02-23,2590.06,2598.23,2565.17,2598.23,14.11040682,88.45426565
2024-02-26,2592.32,2632.02,2576.94,2607.05,15.52991672,101.87127247
2024-02-27,2600.13,2657.65,2599.8,2653.15,15.26740079,104.40963398
2024-02-28,2658.06,2671.88,2595.86,2595.86,23.85392181,158.37398163
2024-02-29,2577.1,2622.16,2576.42,2622.16,19.92166808,140.26129015
2024-03-01,2614.65,2614.67,2576.0,2592.91,15.63009516,115.96591029
2024-03-04,2590.39,2592.08,2566.62,2582.31,13.72734417,98.47169003
2024-03-05,2572.02,2610.07,2571.61,2598.31,13.38241042,107.29621324
2024-03-06,2590.79,2598.07,2572.7,2591.81,10.98292514,78.75705224
2024-03-07,2593.72,2638.64,2592.25,2596.35,12.69076129,95.91739728
2024-03-08,2591.43,2598.36,2562.24,2583.11,11.91291641,82.23714495
2024-03-11,2582.86,2615.49,2579.43,2615.49,11.96797153,87.23081446
2024-03-12,2616.49,2644.19,2601.9,2644.19,13.84896983,100.71313155
2024-03-13,2642.27,2642.27,2593.28,2597.1,13.01167757,102.03543622
2024-03-14,2588.99,2604.39,2558.89,2568.03,10.70964997,81.07161858
2024-03-15,2563.22,2581.28,2563.12,2581.28,12.50166392,85.15478807
2024-03-18,2586.82,2601.14,2565.6,2601.12,16.78044652,124.08604177
2024-03-19,2598.45,2670.5,2598.06,2658.54,20.45256255,160.08941682
2024-03-20,2652.64,2702.43,2638.8,2680.13,20.02180843,144.63071476
2024-03-21,2679.26,2761.88,2679.13,2754.6,23.31682684,183.84035855
2024-03-22,2753.71,2753.71,2679.46,2697.11,24.50261095,174.68310041
2024-03-25,2684.2,2693.28,2655.39,2655.39,17.55146608,122.49969382
2024-03-26,2658.99,2697.15,2648.88,2671.09,16.79465582,121.22151302
2024-03-27,2665.55,2679.12,2636.19,2638.55,18.47205872,131.38047199
2024-03-28,2627.14,2658.03,2619.67,2632.28,16.11772768,114.39222481
2024-03-29,2631.59,2691.47,2628.39,2691.47,16.51280043,124.31832581
2024-04-01,2689.6,2760.26,2688.65,2755.61,18.64651769,147.7640281
2024-04-02,2752.56,2752.59,2725.84,2733.27,16.16334898,122.39893691
2024-04-03,2723.37,2783.43,2723.37,2783.29,19.35179479,147.85406996
2024-04-08,2776.64,2786.88,2760.07,2761.08,20.23829821,162.88088957
2024-04-09,2750.37,2754.53,2709.65,2753.88,16.71141039,130.34812647
2024-04-10,2742.1,2754.09,2686.22,2698.19,16.3191426,123.61074122
2024-04-11,2672.58,2695.19,2662.5,2665.04,15.12023765,120.47395108
2024-04-12,2658.03,2677.15,2611.94,2615.02,15.83366131,119.5593541
2024-04-15,2602.72,2619.67,2562.17,2587.48,18.73014142,125.71877198
2024-04-16,2570.73,2577.17,2529.29,2530.0,17.687735,122.8348963
2024-04-17,2535.98,2578.74,2535.94,2577.88,15.10483436,105.85502395
2024-04-18,2570.95,2615.98,2554.06,2594.66,14.05391665,102.30442326
2024-04-19,2585.2,2600.71,2572.41,2592.53,14.7417399,100.84467494
2024-04-22,2592.15,2679.8,2592.15,2656.81,15.67341835,126.10863575
2024-04-23,2658.88,2671.12,2647.79,2651.38,11.92060828,100.19417023
2024-04-24,2653.78,2653.78,2612.44,2640.53,10.10722979,82.03172551
2024-04-25,2630.97,2648.89,2626.76,2641.18,10.22049599,71.95761334
2024-04-26,2631.41,2656.72,2625.89,2649.24,14.13972079,100.70100255
2024-04-29,2647.52,2677.05,2640.7,2672.13,17.23446263,124.76817016
2024-04-30,2660.87,2701.27,2660.87,2671.15,15.76209292,112.42525824
2024-05-06,2697.28,2713.51,2679.99,2702.76,15.01040793,123.49176389
2024-05-07,2707.12,2726.27,2694.55,2720.17,13.81111832,122.36199537
2024-05-08,2715.51,2794.54,2715.51,2779.03,19.97024117,169.23264035
2024-05-09,2768.8,2808.63,2765.37,2805.63,17.48190564,146.05186718
2024-05-10,2804.0,2850.72,2804.0,2823.41,16.96769593,149.60529932
2024-05-13,2803.96,2857.95,2803.96,2841.11,17.99094331,162.78101534
2024-05-14,2831.66,2880.77,2831.66,2853.68,16.7889516,151.29330015
2024-05-15,2848.57,2860.38,2808.56,2811.93,14.06423931,121.1250115
2024-05-16,2818.23,2845.18,2810.84,2824.82,15.42866739,125.59885582
2024-05-17,2823.21,2863.99,2823.15,2859.8,15.51668295,130.23747537
2024-05-20,2863.92,2947.22,2863.9,2927.53,18.86555354,175.54156082
2024-05-21,2918.19,2957.55,2910.24,2925.83,16.8843279,146.75799218
2024-05-22,2926.07,2933.06,2887.96,2910.48,14.28677182,127.03011189
2024-05-23,2906.61,2907.57,2842.0,2861.35,16.02291451,134.84171016
2024-05-24,2863.18,2908.42,2862.4,2875.96,19.63812862,148.94359218
2024-05-27,2870.44,2884.78,2835.43,2881.99,18.93490551,144.55771845
2024-05-28,2878.92,2885.25,2833.95,2839.14,16.90039834,127.32880669
2024-05-29,2831.22,2865.99,2826.76,2839.2,14.572257,102.78240222
2024-05-30,2835.8,2838.13,2798.05,2808.52,15.61731377,113.37693226
2024-05-31,2804.55,2804.55,2780.24,2786.77,14.83468802,104.54795655
2024-06-03,2797.99,2812.64,2768.24,2790.55,18.62897923,139.09525935
2024-06-04,2783.48,2802.05,2757.04,2798.42,16.08611719,122.09367791
2024-06-05,2795.02,2795.02,2751.06,2752.82,13.40536648,102.88746288
2024-06-06,2750.25,2751.34,2685.97,2699.28,18.37841737,124.48704271
2024-06-07,2715.21,2734.11,2699.49,2725.35,15.79765373,105.11469964
2024-06-11,2721.74,2721.74,2682.08,2704.83,14.3505838,100.38969492
2024-06-12,2711.46,2738.48,2694.65,2701.7,17.41224067,101.58267572
2024-06-13,2689.17,2689.17,2609.67,2623.83,20.94506846,136.18800942
2024-06-14,2618.02,2647.53,2587.52,2643.85,17.06388652,120.63546514
2024-06-17,2632.61,2632.61,2605.03,2619.41,12.08713753,82.86911501
2024-06-18,2638.81,2638.81,2602.12,2608.27,14.18766179,87.66510097
2024-06-19,2601.34,2601.34,2570.81,2571.73,11.66075713,70.96498461
2024-06-20,2569.22,2569.22,2549.39,2550.18,15.90159959,77.20481531
2024-06-21,2543.81,2578.6,2541.64,2555.77,16.35515978,80.75881999
2024-06-24,2542.64,2543.49,2492.19,2494.64,15.63417884,91.24590593
2024-06-25,2490.16,2514.76,2478.85,2488.15,10.67737626,68.82023333
2024-06-26,2481.74,2505.07,2452.54,2503.12,11.01181053,74.23040147
2024-06-27,2492.99,2515.57,2484.12,2485.24,9.72904268,68.41265798
2024-06-28,2478.11,2502.17,2469.83,2479.85,10.20408643,76.00047707
2024-07-01,2482.88,2549.87,2482.85,2543.16,13.02946577,89.65334062
2024-07-02,2543.15,2559.43,2519.32,2526.6,13.08220154,79.14767043
2024-07-03,2524.19,2538.31,2513.33,2520.18,11.92426718,72.48480526
2024-07-04,2515.43,2515.43,2465.36,2468.9,12.27946883,77.57402118
2024-07-05,2462.57,2487.64,2440.7,2485.95,8.65596036,60.45526485
2024-07-08,2485.74,2497.37,2460.66,2466.25,10.03645461,68.61077525
2024-07-09,2461.27,2464.27,2393.25,2415.91,12.73705029,96.21518967
2024-07-10,2401.7,2440.43,2385.34,2429.89,10.8316134,83.76123754
2024-07-11,2454.25,2470.5,2438.64,2460.73,12.69299167,87.94968886
2024-07-12,2459.59,2473.61,2426.26,2435.7,11.49903325,79.55798919
2024-07-15,2451.19,2496.04,2445.37,2480.95,11.61661804,90.24417026
2024-07-16,2472.24,2521.58,2463.57,2495.11,10.96106525,86.55585416
2024-07-17,2487.59,2521.39,2476.06,2515.14,10.83713397,80.47300693
2024-07-18,2505.61,2518.92,2485.19,2517.39,10.48392555,74.72610637
2024-07-19,2505.15,2532.0,2491.47,2525.92,11.46152106,79.59148451
2024-07-22,2519.83,2525.11,2486.74,2501.18,9.66493179,72.03392782
2024-07-23,2499.55,2517.46,2436.42,2436.69,10.88141899,72.30816068
2024-07-24,2432.33,2437.8,2389.59,2396.35,10.87934625,73.79349663
2024-07-25,2390.58,2421.5,2379.64,2406.05,8.56071195,59.63149351
2024-07-26,2407.51,2423.83,2394.42,2413.7,8.57218145,62.85292251
2024-07-29,2414.3,2418.06,2370.71,2382.75,7.86438931,60.67016701
2024-07-30,2376.8,2418.01,2376.8,2412.54,9.09241567,65.52494828
2024-07-31,2411.69,2474.13,2394.01,2473.11,12.09377902,85.6005126
2024-08-01,2473.05,2499.83,2448.45,2454.22,10.03635848,70.10917351
2024-08-02,2445.12,2510.14,2445.12,2480.14,12.46437545,88.74015924
2024-08-05,2484.07,2517.78,2469.83,2469.83,13.56320508,99.75895247
2024-08-06,2488.52,2499.62,2463.19,2489.71,11.48699412,79.31413271
2024-08-07,2488.24,2488.36,2442.21,2446.06,10.35598274,69.51013105
2024-08-08,2443.18,2491.15,2443.18,2485.24,15.94942624,91.15300245
2024-08-09,2484.28,2485.44,2455.85,2455.85,14.92039791,83.46776967
2024-08-12,2457.33,2498.98,2450.21,2468.29,12.60870264,81.67192696
2024-08-13,2466.07,2498.82,2455.84,2479.95,10.59824645,70.69255346
2024-08-14,2474.92,2474.93,2437.55,2443.98,9.02399232,58.64271258
2024-08-15,2441.46,2471.88,2439.68,2450.32,10.77199688,69.34089919
2024-08-16,2442.79,2442.8,2403.52,2405.7,11.02177614,72.90567776
2024-08-19,2392.34,2399.24,2377.41,2381.35,11.06886152,74.12325372
2024-08-20,2378.83,2378.83,2312.11,2321.67,10.88738589,75.23835973
2024-08-21,2313.93,2313.93,2273.36,2275.19,8.71478287,69.38441472
2024-08-22,2267.99,2274.27,2233.39,2246.8,9.30667209,65.41012081
2024-08-23,2241.54,2253.77,2226.57,2233.48,8.71778472,53.64795752
2024-08-26,2232.46,2259.26,2225.26,2259.26,9.41817895,61.83429938
2024-08-27,2249.68,2254.97,2206.25,2213.59,9.11415034,64.31693612
2024-08-28,2208.19,2232.96,2193.49,2231.52,8.8939505,56.72755624
2024-08-29,2224.6,2243.71,2216.09,2233.2,8.24264585,54.3759591
2024-08-30,2229.97,2291.09,2215.62,2266.38,13.16702117,89.19199706
2024-09-02,2265.84,2288.77,2244.65,2244.65,12.15532143,75.31138034
2024-09-03,2238.73,2280.19,2237.84,2266.32,10.14219015,64.47881974
2024-09-04,2258.32,2278.47,2232.51,2233.13,10.55469728,63.40290526
2024-09-05,2235.04,2250.69,2231.41,2249.08,9.21233439,52.80278252
2024-09-06,2249.03,2252.02,2225.01,2225.5,8.5586199,48.36395956
2024-09-09,2213.85,2234.51,2199.01,2229.56,9.13915125,54.0722347
2024-09-10,2230.13,2243.11,2192.25,2214.85,10.31111602,57.21975606
2024-09-11,2204.84,2215.97,2188.1,2195.5,8.06657849,44.80312024
2024-09-12,2196.27,2207.47,2173.64,2173.75,8.40393426,53.23482691
2024-09-13,2170.48,2178.66,2157.67,2161.0,8.90622849,54.00074887
2024-09-18,2159.63,2159.96,2099.89,2110.64,10.16255608,64.54802364
2024-09-19,2127.9,2191.68,2126.36,2169.43,14.03582745,88.21705829
2024-09-20,2166.48,2166.49,2123.92,2152.93,10.65999451,73.42398987
2024-09-23,2140.71,2163.36,2134.84,2137.41,8.82501352,60.19239048
2024-09-24,2153.2,2242.22,2153.15,2242.07,14.89343075,104.5745332
2024-09-25,2266.35,2302.51,2252.05,2254.59,16.97121945,112.8906228
2024-09-26,2252.39,2356.94,2245.57,2356.94,18.263721,124.9366939
2024-09-27,2416.5,2508.29,2414.46,2482.31,22.85930198,174.32312346
2024-09-30,2559.66,2720.03,2522.91,2707.96,42.1181225,332.93985427
2024-10-08,3003.5,3003.5,2661.17,2787.46,53.05379174,490.1593856
2024-10-09,2712.93,2712.93,2534.04,2534.04,34.2743545,290.29191966
2024-10-10,2599.44,2666.65,2587.33,2595.3,28.38960606,254.70396826
2024-10-11,2573.66,2574.09,2479.65,2502.4,22.10480247,168.07381276
2024-10-14,2509.14,2556.03,2493.24,2549.84,19.47663253,154.32094283
2024-10-15,2537.58,2558.07,2492.99,2494.6,20.41122376,150.3395302
2024-10-16,2468.91,2513.8,2465.57,2485.5,17.95715499,129.39693346
2024-10-17,2496.25,2503.36,2445.85,2446.47,16.67248138,119.83864763
2024-10-18,2440.99,2545.83,2429.14,2506.15,21.27912209,166.65303171
2024-10-21,2550.75,2563.62,2515.19,2551.0,22.4456037,182.84505236
2024-10-22,2544.56,2615.93,2539.65,2610.89,26.75074214,203.8749563
2024-10-23,2634.21,2634.21,2593.68,2611.62,24.8055564,206.88234277
2024-10-24,2592.68,2616.07,2572.39,2580.01,17.65725002,138.0502251
2024-10-25,2576.84,2619.28,2575.96,2605.78,21.20998022,166.53178045
2024-10-28,2604.79,2672.62,2603.67,2672.62,29.07140243,229.7975463
2024-10-29,2672.51,2672.51,2620.66,2628.44,29.47616026,235.10005166
2024-10-30,2635.3,2659.2,2618.98,2655.97,28.62766724,226.20760011
2024-10-31,2650.43,2661.21,2630.43,2645.86,31.68526347,237.33418397
2024-11-01,2638.95,2680.7,2632.91,2638.76,32.09230708,233.04697315
2024-11-04,2637.02,2662.74,2611.7,2662.74,24.43588605,178.23428659
2024-11-05,2659.84,2708.42,2653.42,2708.42,28.82274017,221.02759774
2024-11-06,2707.23,2760.46,2687.78,2754.95,39.82180015,305.63792721
2024-11-07,2752.84,2838.04,2750.78,2838.04,48.77358484,381.55646577
2024-11-08,2859.1,2859.1,2787.69,2798.25,46.85828072,339.02085903
2024-11-11,2770.68,2791.78,2740.17,2784.54,32.15313188,239.17000524
2024-11-12,2779.32,2814.19,2745.5,2763.22,31.74351046,240.50022397
2024-11-13,2748.99,2760.82,2711.28,2746.84,23.00072949,169.75503221
2024-11-14,2738.61,2740.19,2678.09,2680.24,21.32385969,157.67160274
2024-11-15,2675.75,2689.15,2628.59,2628.59,19.77482528,145.6757602
2024-11-18,2632.22,2647.7,2586.79,2596.89,19.67164738,144.57047481
2024-11-19,2601.29,2621.36,2569.24,2621.36,15.65621668,112.89025158
2024-11-20,2614.65,2645.97,2607.24,2644.84,17.50740696,125.81605761
2024-11-21,2640.83,2659.89,2631.77,2650.06,16.47610383,122.67247788
2024-11-22,2646.73,2649.69,2555.41,2556.07,19.7355054,144.97300319
2024-11-25,2556.18,2599.14,2547.01,2572.81,17.80099127,125.86545936
2024-11-26,2575.31,2615.74,2575.31,2586.55,19.85716273,132.04645598
2024-11-27,2577.38,2606.13,2537.95,2606.13,21.16223275,131.915604
2024-11-28,2601.66,2623.42,2592.21,2611.19,25.05793587,161.40711422
2024-11-29,2607.48,2645.49,2596.71,2638.89,26.26379471,180.35710384
2024-12-02,2635.76,2693.26,2635.76,2686.1,32.55912418,229.00202652
2024-12-03,2687.47,2719.64,2674.56,2691.77,34.01592132,243.41546526
2024-12-04,2674.48,2691.86,2636.42,2646.01,29.11754691,202.06173535
2024-12-05,2632.73,2640.38,2615.58,2639.37,21.46964185,146.9617909
2024-12-06,2632.76,2662.76,2630.54,2656.57,25.11500403,160.37157028
2024-12-09,2653.38,2653.72,2612.01,2625.09,25.15580942,165.3931322
2024-12-10,2697.69,2701.0,2649.82,2652.1,29.37491701,220.97106025
2024-12-11,2650.77,2705.46,2650.77,2704.43,32.44887317,226.73037927
2024-12-12,2707.39,2760.14,2691.88,2758.3,38.1079912,265.69088926
2024-12-13,2743.42,2743.42,2708.76,2709.28,35.1125117,258.39133258
2024-12-16,2709.97,2727.04,2684.7,2693.69,26.62500971,199.15981483
2024-12-17,2688.19,2688.19,2642.1,2648.05,31.72859218,208.15247355
2024-12-18,2648.64,2653.66,2624.39,2631.79,24.46580433,173.25458575
2024-12-19,2612.08,2623.46,2590.89,2617.96,21.96635894,154.85263289
2024-12-20,2616.47,2629.48,2610.25,2610.43,18.58326137,136.06251487
2024-12-23,2612.69,2613.49,2556.17,2558.04,22.49956619,151.76563815
2024-12-24,2557.62,2576.29,2553.82,2572.1,16.33739859,110.57155917
2024-12-25,2574.83,2574.83,2523.64,2540.73,15.69080757,102.58249059
2024-12-26,2537.33,2551.42,2529.28,2537.53,13.18733999,91.9341021
2024-12-27,2536.8,2618.35,2534.26,2602.01,26.77265423,190.94687166
2024-12-30,2585.67,2585.67,2558.05,2561.53,20.50663251,155.38806342
2024-12-31,2559.92,2578.33,2529.82,2530.84,19.02472556,136.87051777
2025-01-02,2529.6,2558.92,2471.78,2485.97,21.74240043,154.80638596
2025-01-03,2487.3,2487.3,2424.16,2426.53,21.11490908,143.06324981
2025-01-06,2434.48,2455.6,2407.92,2427.01,15.73986125,114.01619864
2025-01-07,2431.66,2449.2,2420.25,2447.32,15.02818298,104.63070324
2025-01-08,2439.42,2451.83,2393.45,2428.66,18.479017,123.83777854
2025-01-09,2433.72,2444.77,2409.55,2416.43,16.7259203,117.01540264
2025-01-10,2412.31,2420.67,2367.56,2367.56,15.54696194,110.47779338
2025-01-13,2349.66,2377.74,2348.88,2376.91,12.7435336,86.60379745
2025-01-14,2381.67,2443.72,2381.67,2443.72,16.58745336,120.18469071
2025-01-15,2438.74,2439.33,2420.76,2426.88,13.64680791,104.29928186
2025-01-16,2434.1,2464.96,2420.68,2436.96,15.59000134,115.2132343
2025-01-17,2431.72,2466.29,2422.63,2459.7,16.13854873,118.42725909
2025-01-20,2470.51,2472.11,2452.22,2459.5,14.85561695,117.20930845
2025-01-21,2470.53,2470.54,2429.57,2439.02,12.87565939,95.37149186
2025-01-22,2431.28,2431.88,2413.09,2420.53,10.38651197,82.78602007
2025-01-23,2439.25,2462.89,2428.32,2428.32,14.80082486,115.42116153
2025-01-24,2423.88,2441.14,2413.62,2438.53,12.41040351,92.64248461
2025-01-27,2444.04,2483.18,2444.03,2455.32,13.86064926,109.32614054
2025-02-05,2461.66,2461.66,2439.16,2450.16,13.69144828,103.53728928
2025-02-06,2445.57,2456.68,2422.84,2456.32,14.33960303,109.75310521
2025-02-07,2450.92,2481.05,2440.68,2466.61,19.28110299,144.24925231
2025-02-10,2462.5,2470.45,2454.69,2470.45,16.27208853,116.43645209
2025-02-11,2470.61,2470.61,2444.96,2448.98,13.62413794,105.60288007
2025-02-12,2442.96,2456.05,2429.89,2456.05,12.90632642,98.90937758
2025-02-13,2451.54,2514.52,2451.54,2501.02,23.53803446,192.97784271
2025-02-14,2493.34,2503.81,2484.19,2492.73,18.72529834,149.29657036
2025-02-17,2492.77,2513.64,2476.79,2512.28,22.17149136,169.12295302
2025-02-18,2514.9,2514.9,2453.92,2460.86,19.72148175,150.41042407
2025-02-19,2457.22,2488.2,2451.2,2488.2,16.64961058,137.88505105
2025-02-20,2482.54,2484.69,2471.14,2479.58,15.77824203,125.40838327
2025-02-21,2484.68,2509.74,2474.55,2482.52,17.60113375,150.05829112
2025-02-24,2526.9,2549.46,2507.91,2515.63,33.74684175,260.07809639
2025-02-25,2492.36,2492.41,2458.43,2464.15,23.90581646,169.35548081
2025-02-26,2461.47,2477.72,2452.04,2477.72,17.27930421,128.51108878
2025-02-27,2475.28,2483.15,2460.79,2479.69,19.41273479,137.62002668
2025-02-28,2475.82,2491.92,2453.12,2460.33,19.65906037,146.62013089
2025-03-03,2461.74,2496.84,2461.74,2482.04,16.91079683,136.79604123
2025-03-04,2481.41,2505.47,2465.43,2505.47,15.15986129,121.19079443
2025-03-05,2517.6,2517.6,2469.95,2478.53,13.68623369,107.7373599
2025-03-06,2478.84,2489.91,2465.99,2486.34,14.71555272,114.5321231
2025-03-07,2481.89,2494.58,2470.48,2485.9,14.09349701,115.60449536
2025-03-10,2512.09,2514.53,2486.03,2498.43,16.32604213,128.6004083
2025-03-11,2477.41,2541.68,2474.07,2541.68,20.88304349,170.65135742
2025-03-12,2538.35,2539.7,2519.71,2522.6,18.30981555,136.6715453
2025-03-13,2523.18,2534.09,2511.62,2522.38,18.18589506,134.57749797
2025-03-14,2525.78,2556.61,2525.78,2556.61,23.68269284,175.36947204
2025-03-17,2571.36,2596.01,2571.36,2579.56,26.76636574,194.08324437
2025-03-18,2578.5,2578.5,2555.04,2562.48,20.8337348,142.57397556
2025-03-19,2560.55,2560.79,2548.67,2556.2,17.17918871,116.73257495
2025-03-20,2560.55,2562.66,2544.84,2547.26,17.52662399,125.66906981
2025-03-21,2540.72,2564.77,2516.4,2532.67,23.67065137,158.28146515
2025-03-24,2527.14,2530.4,2494.64,2516.03,20.62222303,140.69916569
2025-03-25,2513.56,2534.92,2501.52,2534.92,15.96468277,121.05077917
2025-03-26,2528.97,2589.22,2528.97,2576.5,21.05181631,195.13661392
2025-03-27,2567.94,2579.22,2557.76,2571.91,16.18595234,135.09261631
2025-03-28,2570.28,2570.28,2539.01,2546.76,14.62947302,119.48666341
2025-03-31,2536.35,2554.69,2502.6,2508.8,16.03003234,127.754371
2025-04-01,2512.39,2554.83,2512.39,2538.02,16.19192933,127.44446327
2025-04-02,2538.3,2545.38,2531.38,2539.33,14.69912823,113.88525839
2025-04-03,2529.8,2587.8,2529.8,2585.26,21.95329629,191.58025172
2025-04-07,2558.76,2622.09,2484.94,2530.01,59.7239008,501.23084386
2025-04-08,2539.58,2732.27,2531.32,2727.6,72.07771972,626.59848548
2025-04-09,2745.47,2810.84,2676.61,2743.49,80.97455328,723.04753234
2025-04-10,2663.97,2784.14,2663.97,2757.86,73.83032703,627.45602998
2025-04-11,2730.53,2730.53,2661.34,2670.03,53.29457791,435.74911131
2025-04-14,2662.94,2700.59,2662.94,2691.2,45.04027651,370.29920016
2025-04-15,2683.22,2685.04,2652.09,2674.69,36.57330304,304.78004252
2025-04-16,2658.87,2667.5,2612.51,2654.93,35.55811129,285.29304445
2025-04-17,2637.18,2663.94,2625.17,2653.62,27.21690612,217.18721446
2025-04-18,2648.31,2648.76,2602.5,2612.71,24.65797149,191.53331848
2025-04-21,2603.9,2626.47,2598.35,2626.38,20.51611516,162.74958744
2025-04-22,2620.41,2650.4,2620.41,2644.39,26.49394771,208.75473035
2025-04-23,2636.2,2636.2,2600.47,2607.73,25.81441377,216.65341282
2025-04-24,2601.45,2648.7,2601.45,2621.45,25.25741912,201.65183392
2025-04-25,2623.56,2631.74,2608.08,2608.46,20.09101957,166.46284094
2025-04-28,2609.17,2609.17,2577.04,2577.04,20.77003126,162.07015275
2025-04-29,2573.56,2592.81,2569.48,2591.62,16.83322163,145.08706786
2025-04-30,2593.0,2611.26,2591.97,2593.74,17.88237771,151.49199064
2025-05-06,2601.63,2614.49,2597.73,2614.49,20.70575053,170.63841598
2025-05-07,2627.34,2639.94,2618.09,2633.18,33.08910612,243.36851198
2025-05-08,2623.07,2631.86,2611.77,2629.74,24.71816353,183.9368409
2025-05-09,2630.61,2630.95,2616.18,2619.3,23.20177107,172.492343
2025-05-12,2615.43,2615.43,2595.78,2606.49,20.49417496,161.79322814
2025-05-13,2611.98,2615.26,2593.56,2608.33,17.08156148,138.77895874
2025-05-14,2606.68,2637.44,2603.32,2637.16,18.48417502,155.78914517
2025-05-15,2634.36,2651.04,2625.32,2640.05,25.09261892,206.19181826
2025-05-16,2633.85,2633.85,2610.74,2620.55,20.73479666,173.01201037
2025-05-19,2621.22,2644.22,2618.11,2642.2,19.00427725,168.18483402
2025-05-20,2642.89,2689.59,2642.89,2677.87,24.70801127,234.41343438
2025-05-21,2671.83,2682.32,2665.67,2670.09,21.35225002,200.46402873
2025-05-22,2665.03,2667.26,2639.53,2645.2,20.23381872,171.63857538
2025-05-23,2639.51,2647.63,2611.24,2611.24,17.50968928,147.90345554
2025-05-26,2606.8,2624.67,2602.55,2623.92,13.93791897,123.4839676
2025-05-27,2620.25,2646.87,2620.25,2636.79,17.31473529,159.81948731
2025-05-28,2636.4,2636.59,2615.24,2616.19,18.01947572,158.43322773
2025-05-29,2609.89,2627.99,2602.24,2626.45,16.13106135,137.89451801
2025-05-30,2626.17,2676.6,2626.17,2658.0,22.2003967,214.01623816
2025-06-03,2644.68,2708.39,2644.68,2705.92,19.57909927,198.27405965
2025-06-04,2701.44,2726.42,2685.11,2726.42,19.38925993,186.37847402
2025-06-05,2721.89,2722.81,2672.13,2677.7,19.17811365,184.17709197
2025-06-06,2679.84,2693.11,2670.43,2682.22,18.24171069,166.74353656
2025-06-09,2676.84,2732.55,2676.53,2728.31,18.01420059,181.592037
2025-06-10,2727.92,2736.66,2697.17,2725.96,27.15899022,228.05449534
2025-06-11,2722.03,2782.22,2722.03,2780.9,26.05264413,237.62355812
2025-06-12,2770.26,2770.26,2734.67,2749.95,20.38399396,177.76149464
2025-06-13,2744.43,2748.07,2716.53,2725.63,24.4033179,201.96326931
2025-06-16,2717.39,2717.78,2699.72,2704.99,18.05833831,153.76593107
2025-06-17,2707.39,2725.22,2699.47,2702.75,18.34108079,154.12257677
2025-06-18,2700.87,2703.8,2677.07,2678.69,17.64620553,140.86321468
2025-06-19,2677.26,2682.98,2642.96,2647.97,17.1521568,142.69378494
2025-06-20,2648.78,2662.67,2640.23,2640.23,13.08905336,119.26507639
2025-06-23,2638.46,2649.02,2628.2,2648.11,13.95981283,122.87954499
2025-06-24,2651.9,2675.53,2645.71,2670.97,14.82429051,127.09315745
2025-06-25,2673.38,2679.27,2654.96,2678.98,16.10189333,134.59094826
2025-06-26,2671.14,2678.06,2657.73,2666.56,14.32206126,119.24177518
2025-06-27,2662.3,2671.34,2659.08,2661.46,12.71376486,103.40367657
2025-06-30,2663.75,2673.99,2652.41,2671.66,14.10656903,117.776185
2025-07-01,2671.74,2688.29,2671.72,2685.72,14.05956104,124.65082889
2025-07-02,2688.83,2709.39,2686.67,2708.19,25.2660821,184.99586176
2025-07-03,2714.28,2734.28,2704.23,2724.77,24.362689,190.68289522
2025-07-04,2720.01,2733.16,2711.04,2729.26,24.83998742,184.70381921
2025-07-07,2723.83,2728.41,2712.95,2719.84,20.86215844,159.05108684
2025-07-08,2718.71,2730.0,2705.89,2729.16,20.56899414,159.44582546
2025-07-09,2731.63,2762.7,2731.63,2747.01,21.87919065,205.55574691
2025-07-10,2766.63,2766.65,2730.49,2746.05,21.09511316,194.83918143
2025-07-11,2750.45,2783.13,2750.45,2759.14,21.12534565,193.40900212
2025-07-14,2756.14,2764.55,2744.89,2757.91,17.86307125,166.85714074
2025-07-15,2754.84,2754.84,2705.16,2713.29,22.14954336,191.55181568
2025-07-16,2709.98,2738.07,2709.94,2736.23,16.15039639,150.1111466
2025-07-17,2736.4,2760.08,2736.4,2745.0,16.52205275,152.41994493
2025-07-18,2746.77,2760.75,2739.01,2755.32,17.52624416,150.18753512
2025-07-21,2755.44,2817.0,2755.44,2814.61,25.45902053,222.99156894
2025-07-22,2810.95,2868.17,2805.77,2867.91,30.37186562,253.79064942
2025-07-23,2895.8,2896.7,2853.86,2856.98,31.19409908,270.60728133
2025-07-24,2846.09,2860.7,2827.33,2860.7,32.44669943,256.28071594
2025-07-25,2867.31,2877.51,2852.7,2855.04,28.98063444,238.9447943
2025-07-28,2855.18,2868.88,2837.18,2844.2,22.79410933,193.57857154
2025-07-29,2843.23,2843.23,2787.44,2805.41,21.55621468,191.82730486
2025-07-30,2800.41,2838.04,2800.41,2821.16,26.26488208,227.75317637
2025-07-31,2812.68,2812.68,2768.57,2774.22,23.7420954,205.37769553
2025-08-01,2774.18,2790.36,2766.24,2770.21,16.79945078,154.99180742
2025-08-04,2765.64,2785.91,2761.59,2783.98,15.14313144,140.55741607
2025-08-05,2788.77,2810.66,2788.77,2807.95,18.01064508,156.35569792
2025-08-06,2808.07,2814.47,2792.51,2813.32,16.67767287,151.91090505
2025-08-07,2811.21,2825.39,2806.32,2820.67,19.94219702,175.73022832
2025-08-08,2824.44,2840.26,2817.92,2839.92,21.04790314,181.39508939
2025-08-11,2849.88,2849.88,2822.4,2842.93,21.03226984,191.55420557
2025-08-12,2842.38,2865.79,2838.34,2842.31,20.93264634,189.532646
2025-08-13,2845.1,2846.34,2817.21,2840.28,20.92528658,199.45378569
2025-08-14,2838.92,2849.38,2810.89,2810.89,20.86886673,191.47446748
2025-08-15,2811.6,2837.63,2811.07,2835.81,20.93060533,202.28988163
2025-08-18,2846.72,2862.47,2846.2,2859.79,24.8933062,230.03133724
2025-08-19,2866.11,2887.53,2864.91,2878.12,24.81892684,242.49817782
2025-08-20,2872.74,2900.25,2862.23,2900.14,24.80240149,242.17759057
2025-08-21,2935.15,2975.31,2921.16,2943.56,32.67059779,310.97431935
2025-08-22,2957.49,2957.49,2915.5,2941.27,25.85774494,238.7488951
2025-08-25,2945.16,2979.03,2932.16,2978.87,29.34966355,282.49130174
2025-08-26,2977.75,3081.75,2977.75,3056.77,35.29000721,360.17764578
2025-08-27,3042.04,3072.36,3006.74,3006.8,36.94434445,322.90894372
2025-08-28,2996.39,3003.96,2925.15,2984.74,36.86198567,308.2403399
2025-08-29,2981.42,3017.38,2981.42,3000.65,26.715811,241.68571315
2025-09-01,3009.99,3023.73,2987.99,3002.9,25.95221884,240.62864419
2025-09-02,3002.16,3024.27,2974.86,2984.06,26.51438477,246.47742676
2025-09-03,2984.01,2995.67,2914.85,2923.21,22.81466213,195.37943031
2025-09-04,2926.79,2949.69,2902.75,2931.89,24.80419455,228.40232279
2025-09-05,2933.62,2960.93,2896.43,2960.93,19.78960397,178.91768858
2025-09-08,2977.66,3045.71,2977.66,3040.19,27.14667753,259.50614854
2025-09-09,3038.09,3054.86,3002.96,3021.41,23.41745697,216.99523727
2025-09-10,3008.87,3030.37,2983.59,3026.03,21.96609,187.43516481
2025-09-11,3030.75,3120.03,3030.75,3109.05,31.04258404,308.67083802
2025-09-12,3099.88,3126.22,3093.12,3103.24,28.67625263,256.58531456
2025-09-15,3101.78,3161.56,3101.1,3158.8,29.89422047,284.10238191
2025-09-16,3147.83,3147.83,3074.5,3117.94,26.35136751,248.47753771
2025-09-17,3114.81,3114.81,3067.61,3086.07,21.90479822,210.08886064
2025-09-18,3085.54,3085.54,2999.31,3021.05,27.76844806,250.48883864
2025-09-19,3013.14,3029.68,3004.14,3019.39,20.47670139,181.8767828
2025-09-22,3015.32,3015.32,2968.51,2990.97,18.7826106,172.82694344
2025-09-23,2983.98,2996.94,2936.2,2972.06,20.9760787,181.24330599
2025-09-24,2962.91,2992.22,2961.8,2987.88,16.8388206,150.04476923
2025-09-25,2988.51,2988.51,2947.65,2951.34,16.64585326,155.12437132
2025-09-26,2950.94,2988.87,2944.43,2959.8,18.83487508,172.45776327
2025-09-29,2949.76,2967.1,2916.99,2965.6,17.95634342,167.59957095
2025-09-30,2964.52,2970.35,2940.06,2964.24,14.1925013,137.89923163
2025-10-09,2946.93,2967.97,2908.12,2966.81,18.3028449,181.80930827
2025-10-10,2962.67,3004.78,2951.32,2994.84,21.87598235,202.84773021
2025-10-13,2960.4,2998.03,2960.4,2992.07,27.42784165,246.714622
2025-10-14,2992.69,3022.75,2989.09,2997.31,25.98328189,242.85918061
2025-10-15,2992.52,3007.38,2978.71,2997.66,20.00959582,186.65251892
2025-10-16,2992.89,3007.93,2948.25,2950.79,18.56553483,168.73548841
2025-10-17,2946.69,2962.23,2926.78,2928.93,21.70575729,180.99967887
2025-10-20,2932.19,2942.57,2895.36,2903.25,19.28921137,172.46287516
2025-10-21,2902.17,2929.23,2901.17,2925.21,21.6886798,172.59093297
2025-10-22,2924.48,2931.3,2889.67,2890.42,18.22528518,159.86762538
2025-10-23,2886.75,2895.91,2867.98,2893.17,20.90408923,167.73822012
2025-10-24,2899.91,2914.96,2884.12,2889.08,19.04333349,168.5142976
2025-10-27,2896.41,2944.94,2896.41,2936.06,21.03429499,207.34349709
2025-10-28,2935.87,2939.91,2919.49,2924.44,16.12869093,161.2782988
2025-10-29,2925.03,2948.2,2917.64,2941.72,18.67475117,164.71505196
2025-10-30,2938.65,2938.68,2915.43,2918.29,28.4267215,230.23327401
2025-10-31,2924.14,2966.66,2924.14,2946.64,22.47093505,202.47809479
2025-11-03,2947.8,2983.88,2943.93,2981.8,20.995971,198.81807456
2025-11-04,2982.89,2982.89,2943.12,2952.14,24.01131738,215.71738441
2025-11-05,2941.21,2981.16,2941.21,2972.13,27.09848745,235.49154979
2025-11-06,2967.99,2976.38,2955.01,2961.45,25.69489827,230.62609226
2025-11-07,2964.83,2991.04,2960.71,2969.92,28.72260177,245.69518227
2025-11-10,2975.4,3033.87,2957.61,3030.88,29.42827263,283.56147362
2025-11-11,3030.02,3053.91,3012.21,3048.91,30.42655877,271.23821057
2025-11-12,3051.4,3057.68,3032.94,3038.75,26.79840739,247.29164554
2025-11-13,3037.13,3061.13,3021.19,3060.52,27.679255,269.93579256
2025-11-14,3052.25,3086.55,3050.01,3050.01,26.96960222,243.76598509
2025-11-17,3065.88,3065.88,3015.25,3032.68,30.03438892,247.91511507
2025-11-18,3023.94,3031.28,3003.19,3011.58,28.5841792,221.82411855
2025-11-19,3014.7,3023.5,2982.86,3016.8,30.80397556,231.49400386
2025-11-20,3019.35,3019.35,2984.2,2993.46,38.23064751,276.82250099
2025-11-21,2979.78,3015.04,2944.88,2944.88,53.11026612,443.56782412
2025-11-24,2956.94,2994.32,2948.34,2962.28,40.17796392,332.22986011
2025-11-25,2959.9,2984.88,2936.97,2966.09,37.24376949,317.88058213
2025-11-26,2959.35,2986.9,2943.78,2946.92,33.23066822,271.48881727
2025-11-27,2948.61,2963.48,2934.85,2944.53,28.00421419,232.97746278
2025-11-28,2944.12,2991.22,2933.09,2991.22,29.53291055,249.16617448
2025-12-01,2993.8,2993.8,2970.57,2978.43,31.48178036,272.76868752
2025-12-02,2975.16,2975.19,2960.72,2968.37,28.73387448,240.37988577
2025-12-03,2968.38,2976.21,2941.26,2943.78,34.66523718,300.22442248
2025-12-04,2936.73,2940.27,2917.42,2918.04,31.58228509,246.62478003
2025-12-05,2913.77,2948.52,2913.73,2946.58,29.19185533,239.11074651
2025-12-08,2950.28,2958.58,2940.99,2953.47,27.8897484,254.9126899
2025-12-09,2948.88,2956.96,2915.66,2915.66,27.94720094,250.69930535
2025-12-10,2913.35,2944.34,2913.35,2941.95,31.16311824,272.14847818
2025-12-11,2941.91,2941.91,2906.07,2917.52,40.9003762,328.57267035
2025-12-12,2916.32,2951.97,2905.08,2944.1,38.20233346,318.45426248
2025-12-15,2944.35,2999.31,2944.35,2980.62,32.31428423,286.64041826
2025-12-16,2978.4,2999.98,2948.89,2964.86,31.43177291,290.1723365
2025-12-17,2984.09,2984.09,2924.98,2948.75,33.01966754,303.29730588
2025-12-18,2922.74,2963.36,2922.74,2943.67,25.44737248,236.26982131
2025-12-19,2939.45,2996.34,2933.86,2969.78,31.2801194,280.76899441
2025-12-22,2973.19,2990.01,2960.98,2988.55,30.93266756,286.68391938
2025-12-23,2991.0,3002.52,2962.52,2970.67,33.10267314,305.87974509
2025-12-24,2965.4,2966.09,2926.7,2945.55,29.84925293,279.37212872
2025-12-25,2945.01,2963.0,2938.4,2962.84,26.5741652,242.68162806
2025-12-26,2958.78,2979.78,2954.43,2977.31,30.46933803,283.25910614
2025-12-29,2975.35,3011.16,2973.56,2998.53,30.83773556,312.22754201
2025-12-30,2996.22,3037.51,2996.22,3014.39,27.57734026,289.86276729
2025-12-31,3006.62,3006.62,2964.24,2981.2,25.90154338,257.98174954
2026-01-05,2978.58,2988.41,2965.44,2981.07,25.6472292,251.38469282
2026-01-06,2978.71,3014.02,2972.77,3014.02,27.36396052,264.44816612
2026-01-07,3011.53,3021.09,2993.86,3003.44,28.65476126,270.11623971
2026-01-08,3004.49,3013.57,2996.95,3000.02,24.29079833,239.33520416
2026-01-09,2994.74,3017.58,2994.74,3010.28,30.71423795,285.95684437
2026-01-12,3007.1,3014.07,2985.93,3014.07,32.30522641,306.8974794
2026-01-13,3014.64,3020.88,2970.11,2975.48,32.84233336,317.40404326
2026-01-14,2971.99,3001.18,2951.95,2980.52,33.65629644,321.8763893
2026-01-15,2975.35,2990.83,2953.67,2959.73,23.63145077,231.56125831
2026-01-16,2953.85,2959.07,2906.66,2911.83,22.47449793,223.68104543
2026-01-19,2905.93,2942.88,2905.93,2939.57,24.04217672,227.24976433
2026-01-20,2933.69,2948.9,2915.22,2921.56,28.04237249,267.20987192
2026-01-21,2917.14,2919.12,2894.9,2900.48,24.72647265,243.24722463
2026-01-22,2900.36,2910.46,2895.93,2907.11,24.32479981,236.48232001
2026-01-23,2908.72,2924.92,2908.72,2923.59,25.94852562,243.67223252
2026-01-26,2928.77,2952.89,2903.09,2948.37,37.64962727,346.37005109
2026-01-27,2942.56,2942.56,2882.05,2890.8,29.51118072,279.83246642
2026-01-28,2886.31,2926.72,2869.7,2915.17,38.14065821,356.70711982
2026-01-29,2910.82,2957.64,2910.82,2957.64,43.52676956,395.28493197
2026-01-30,2947.36,3034.01,2947.36,2976.84,59.95648763,541.96873911
2026-02-02,2933.95,2933.95,2870.77,2872.03,47.19303288,412.11142765
2026-02-03,2879.92,2899.03,2853.41,2898.79,30.91142935,275.99343861
2026-02-04,2912.38,2938.0,2885.4,2936.45,35.02021046,323.10271027
2026-02-05,2924.21,2964.27,2923.2,2925.58,27.91884225,263.61346675
2026-02-06,2907.38,2942.65,2907.38,2919.55,27.43160585,269.78035905
2026-02-09,2926.1,2939.91,2920.54,2931.85,25.1667843,237.82730959
2026-02-10,2928.94,2931.27,2903.21,2910.21,21.44455116,193.77446927
2026-02-11,2910.65,2921.5,2899.14,2915.81,19.77322859,177.14591782
2026-02-12,2911.06,2911.06,2872.42,2872.42,20.40862806,178.60263083
2026-02-13,2875.82,2893.08,2856.9,2858.13,18.26678276,163.89873182
2026-02-24,2874.8,2886.5,2869.56,2881.18,22.34847941,205.80021983
2026-02-25,2883.02,2923.96,2883.01,2913.32,25.20716179,218.29093336
2026-02-26,2927.82,2948.11,2906.78,2912.65,23.77146656,219.29469183
2026-02-27,2909.6,2974.44,2909.6,2972.6,30.42994912,292.03478253
2026-03-02,2949.54,2994.36,2945.84,2961.5,34.53192019,327.56964281
2026-03-03,2958.75,3002.32,2947.2,2949.34,47.0831468,420.91658205
2026-03-04,2940.01,2987.5,2940.01,2987.5,47.92582126,440.09958769
2026-03-05,2981.05,2981.05,2918.32,2927.11,42.15738277,366.80944731
2026-03-06,2918.45,3037.31,2918.45,3035.73,43.13711881,390.92082406
2026-03-09,3051.28,3089.3,3039.09,3042.35,46.30204381,443.08142694
2026-03-10,3020.09,3056.95,3020.09,3031.88,32.99064012,299.36250007
2026-03-11,3029.01,3059.86,3017.57,3054.27,27.96452974,255.15997709
2026-03-12,3062.32,3098.87,3030.51,3094.5,36.05911257,319.9252432
2026-03-13,3093.75,3100.11,3059.57,3066.53,33.48066846,299.33003585
2026-03-16,3074.16,3131.64,3074.16,3088.05,39.5284503,351.19188163
2026-03-17,3074.87,3114.02,3036.47,3036.47,33.31262222,298.23831825
2026-03-18,3036.17,3037.44,2995.57,3016.2,26.24036643,227.83267955
2026-03-19,3010.33,3011.73,2948.0,2957.33,24.84983253,226.42998057
2026-03-20,2959.8,2982.06,2920.26,2928.56,24.91132868,223.10788785
2026-03-23,2885.88,2885.88,2753.29,2765.76,34.39593635,308.05884173
2026-03-24,2790.89,2790.89,2721.04,2778.67,23.93964812,226.03581383
2026-03-25,2776.44,2823.2,2776.44,2822.68,22.34813278,199.21622254
2026-03-26,2819.96,2838.66,2786.34,2791.76,20.97909769,187.35844725
2026-03-27,2771.23,2846.68,2771.23,2842.41,21.474573,194.8461544
2026-03-30,2819.77,2869.5,2819.77,2847.46,29.62478936,288.73957376
2026-03-31,2846.69,2846.69,2791.67,2791.67,27.48958137,273.66330414
2026-04-01,2816.47,2816.47,2784.73,2801.79,21.38230109,217.44689276
2026-04-02,2800.79,2874.09,2800.79,2844.59,25.27620012,261.05953665
2026-04-03,2831.7,2831.7,2758.66,2763.68,22.82443034,211.89755966
2026-04-07,2765.93,2849.05,2744.3,2815.83,25.17705261,240.02400565
2026-04-08,2820.08,2859.0,2820.08,2859.0,24.79254535,239.29810694
2026-04-09,2843.09,2854.92,2811.93,2822.51,19.92921893,191.69275554
2026-04-10,2829.34,2829.34,2800.23,2802.33,20.19860018,208.77126413
2026-04-13,2806.63,2847.96,2796.09,2833.53,24.14445977,230.98667974
2026-04-14,2832.15,2890.85,2813.74,2890.11,32.45491628,268.04766013
2026-04-15,2885.63,2903.18,2863.45,2898.1,31.96721939,259.57069393
2026-04-16,2896.28,2908.9,2868.61,2904.92,27.67086435,221.67803084
2026-04-17,2894.03,2894.03,2862.28,2869.77,24.08716625,197.09795776
2026-04-20,2889.3,2895.01,2864.46,2875.53,24.64032168,212.62160093
2026-04-21,2871.5,2885.8,2854.99,2869.04,22.80252727,202.48889717
2026-04-22,2858.37,2902.59,2845.31,2853.92,26.12672463,230.89462313
2026-04-23,2838.55,2839.03,2793.53,2809.66,24.33866318,220.96819088
2026-04-24,2799.14,2800.53,2771.23,2779.36,23.43793614,202.39879879
2026-04-27,2767.14,2767.14,2738.17,2754.51,21.16048202,192.46056483
2026-04-28,2748.11,2776.52,2735.71,2774.23,23.10433912,209.57332233
2026-04-29,2769.23,2852.97,2769.19,2828.24,29.04609706,253.57840027
2026-04-30,2815.96,2872.73,2815.95,2853.0,26.65676005,224.79637083
2026-05-06,2853.17,2865.15,2844.63,2863.52,26.22163333,234.31708986
2026-05-07,2857.44,2870.38,2826.57,2839.06,24.80879651,220.79158873
2026-05-08,2842.53,2854.28,2821.93,2825.31,20.88512614,196.6024814
2026-05-11,2833.19,2857.88,2816.3,2842.85,28.79923461,260.34780645
2026-05-12,2840.15,2840.15,2769.77,2775.69,26.57489487,239.7945617
2026-05-13,2776.69,2778.54,2754.84,2770.43,23.71598821,231.47983111
2026-05-14,2777.88,2805.08,2760.01,2766.32,30.22201035,275.33424599
2026-05-15,2760.93,2763.38,2724.58,2737.43,26.66834606,229.53595404
2026-05-18,2728.07,2728.07,2659.85,2676.16,22.58360704,209.69381334
2026-05-19,2681.37,2688.65,2635.44,2671.09,19.23741158,166.75455452
2026-05-20,2659.28,2665.72,2627.33,2636.34,18.14352163,154.40669778
2026-05-21,2639.36,2661.51,2580.75,2582.17,20.41494685,173.35969408
2026-05-22,2595.98,2595.98,2553.37,2564.74,18.06003966,158.85332686
2026-05-25,2564.72,2565.95,2528.85,2547.18,16.78271483,144.67067515
2026-05-26,2537.15,2542.11,2519.7,2538.67,17.09781377,147.80805901
2026-05-27,2532.36,2538.7,2480.49,2493.41,19.56201222,159.42411074
2026-05-28,2485.6,2497.12,2440.88,2466.39,16.25245777,139.67021213
2026-05-29,2465.04,2501.21,2458.85,2480.48,18.75118087,160.75391471
2026-06-01,2474.6,2530.28,2463.39,2525.37,19.03030721,170.28921278
2026-06-02,2520.98,2520.98,2456.95,2466.56,18.49739643,160.43269746
2026-06-03,2467.25,2467.25,2425.7,2444.73,17.21820296,148.05778403
2026-06-04,2439.81,2451.38,2382.68,2387.25,18.95459623,162.69155833
2026-06-05,2385.06,2406.44,2365.76,2379.55,16.35175148,132.57115397
2026-06-08,2352.31,2402.69,2311.91,2335.55,18.91988493,155.48860204
2026-06-09,2341.99,2341.99,2313.98,2330.07,16.16775898,130.83088225
2026-06-10,2318.56,2347.51,2316.3,2337.51,17.11315108,135.22550316
2026-06-11,2329.76,2343.65,2306.33,2332.53,16.62726912,128.39546162
2026-06-12,2336.0,2381.48,2316.98,2373.88,24.27425443,192.03545184
2026-06-15,2380.57,2405.83,2359.49,2382.45,20.61855096,164.17690158
2026-06-16,2372.0,2372.0,2338.41,2357.68,17.52167759,142.12486799
2026-06-17,2349.27,2349.27,2311.44,2318.28,17.33115669,147.15811791
2026-06-18,2316.89,2316.89,2276.01,2277.95,18.33256554,148.82890021
2026-06-22,2269.86,2287.77,2226.43,2286.43,23.60788345,178.75821273
2026-06-23,2280.84,2335.34,2268.21,2271.03,21.62779614,168.2185483
2026-06-24,2264.02,2264.02,2200.95,2205.17,20.54735501,148.66920323
2026-06-25,2188.43,2196.08,2157.65,2184.45,20.31812146,151.90400897
2026-06-26,2195.73,2233.06,2165.08,2192.92,22.56692799,185.3343896
2026-06-29,2191.14,2272.16,2158.51,2257.84,24.85296549,228.12267366
2026-06-30,2237.69,2263.53,2215.82,2228.02,19.2954128,166.79388165
2026-07-01,2237.06,2363.88,2230.36,2337.03,30.05947514,244.63603316
2026-07-02,2332.85,2379.18,2327.98,2349.8,26.83896382,216.81142711
2026-07-03,2350.97,2377.75,2316.42,2340.46,23.26278873,193.02175912
2026-07-06,2357.41,2404.43,2349.24,2400.65,25.47644729,223.38177968
2026-07-07,2387.2,2389.41,2345.91,2364.31,20.08116754,170.07612292
2026-07-08,2348.72,2358.36,2305.04,2308.66,16.65506554,143.70342354
2026-07-09,2297.18,2323.3,2286.63,2302.25,16.55508558,138.37080916
2026-07-10,2294.02,2363.02,2294.02,2348.25,21.59375513,173.10563473
2026-07-13,2333.39,2352.51,2325.4,2334.64,19.63520655,171.26455733
2026-07-14,2321.74,2339.65,2306.45,2339.65,18.62711755,152.23554693
2026-07-15,2322.95,2407.64,2322.95,2392.73,21.34522877,179.83376881
2026-07-16,2387.97,2442.86,2387.97,2430.24,22.10329702,198.473633
2026-07-17,2419.87,2437.82,2349.3,2365.95,22.44163335,191.00819164
2026-07-20,2356.18,2406.79,2337.09,2386.65,22.12238686,191.47230424
2026-07-21,2371.47,2386.34,2334.38,2348.51,22.49741413,196.4052139
2026-07-22,2334.88,2359.39,2323.3,2354.88,16.73285994,147.8001722
2026-07-23,2339.77,2384.79,2328.25,2379.45,17.33748432,140.45147059
2026-07-24,2368.43,2377.55,2312.71,2312.71,17.68832179,131.55488032
2026-07-27,2307.87,2350.58,2307.85,2350.58,14.69763869,117.17667701
2026-07-28,2340.9,2370.03,2340.89,2359.56,14.39732922,118.81267237
2026-07-29,2361.0,2392.44,2360.96,2375.86,16.82317911,145.46184212
2026-07-30,2369.1,2432.58,2369.1,2403.52,19.00925831,174.40386596
2026-07-31,2375.54,2416.22,2375.49,2416.22,17.10761525,158.70689877
2026-08-03,2413.59,2450.2,2413.59,2428.2,19.4451147,162.3477897
2026-08-04,2430.55,2430.55,2397.22,2401.37,17.62331065,156.18738485
2026-08-05,2395.91,2428.57,2392.48,2413.74,17.48232845,156.18297711
2026-08-06,2415.49,2426.86,2386.75,2422.94,23.80925561,182.6076798
2026-08-07,2416.38,2427.96,2392.99,2417.75,22.05004697,180.91251065
2026-08-10,2423.34,2494.7,2423.34,2493.64,26.00102841,220.2319303
2026-08-11,2488.83,2496.68,2461.48,2463.53,19.95542002,176.13376258
2026-08-12,2458.23,2472.56,2451.07,2466.85,17.89874438,159.49660723
2026-08-13,2460.82,2469.41,2436.5,2456.81,20.2850388,164.56118693
2026-08-14,2453.01,2453.01,2411.1,2418.49,18.91551462,148.68640268
2026-08-17,2430.96,2462.19,2421.3,2451.1,25.68331588,190.61760121
2026-08-18,2451.58,2540.33,2451.58,2540.14,48.92383969,358.93835146
2026-08-19,2543.32,2543.32,2471.36,2474.54,51.93142287,389.89005762
2026-08-20,2466.33,2522.14,2449.25,2512.7,44.98988397,342.84227528
2026-08-21,2491.13,2491.14,2442.98,2449.68,32.68216351,249.01778985
2026-08-24,2444.95,2455.88,2418.91,2452.15,30.50288011,241.61144728
2026-08-25,2437.18,2507.81,2437.18,2506.82,35.90324454,299.78317866
2026-08-26,2484.5,2524.88,2484.5,2508.3,32.41269426,260.63745641
2026-08-27,2508.96,2571.1,2508.96,2565.17,35.90036135,291.95205065
2026-08-28,2571.32,2615.24,2550.84,2607.87,42.36962395,350.3215805
2026-08-31,2617.35,2629.15,2591.5,2594.77,41.36974909,361.14405125
2026-09-01,2590.5,2675.75,2590.5,2659.05,46.49039317,377.39442526
2026-09-02,2650.54,2650.57,2601.87,2605.47,46.79200758,382.02284988
